_id,record_id,scheme_name,scheme_url,state,business_stage,enterprise_type,sector,eligibility_rule,required_document,is_real_source
69778b6e5dbe0abc98245d86,0d1ed83c-0b95-47ba-85f3-3c482d73df8b,Stand-Up India,https://www.standupmitra.in/,Tamil Nadu,Idea,Micro,Manufacturing,Extract:,GST Certificate,True
69778b6e5dbe0abc98245d87,4c918200-e506-4763-9100-2c6093829d5a,Stand-Up India,https://www.standupmitra.in/,Tamil Nadu,Idea,Micro,Manufacturing,Extract:,Udyam Certificate,True
69778b6e5dbe0abc98245d88,a16d4542-90c9-47f0-9795-ff1679c05b07,Stand-Up India,https://www.standupmitra.in/,Tamil Nadu,Idea,Micro,Manufacturing,Extract:,Bank Statement,True
69778b6e5dbe0abc98245d89,154176b3-9215-4ab0-9cd0-6b56e262fb1d,Stand-Up India,https://www.standupmitra.in/,Tamil Nadu,Idea,Micro,Manufacturing,- Eligibility criteria,GST Certificate,True
69778b6e5dbe0abc98245d8a,55633920-d638-4742-94a8-87b63a38bb43,Stand-Up India,https://www.standupmitra.in/,Tamil Nadu,Idea,Micro,Manufacturing,- Eligibility criteria,Udyam Certificate,True
69778b6e5dbe0abc98245d8b,e019b224-7f28-4817-9bd3-37d37261232b,Stand-Up India,https://www.standupmitra.in/,Tamil Nadu,Idea,Micro,Manufacturing,- Eligibility criteria,Bank Statement,True
69778b6e5dbe0abc98245d8c,0c81ff5c-c734-4de3-a81d-6a09ded0023b,Stand-Up India,https://www.standupmitra.in/,Tamil Nadu,Idea,Micro,Manufacturing,- Required documents,GST Certificate,True
69778b6e5dbe0abc98245d8d,723631e9-33f0-4a97-87ee-a786b394f10a,Stand-Up India,https://www.standupmitra.in/,Tamil Nadu,Idea,Micro,Manufacturing,- Required documents,Udyam Certificate,True
69778b6e5dbe0abc98245d8e,3b0600c1-e720-4744-b0e4-e35f6f90e6c2,Stand-Up India,https://www.standupmitra.in/,Tamil Nadu,Idea,Micro,Manufacturing,- Required documents,Bank Statement,True
69778b6e5dbe0abc98245d8f,9e576ce5-aa0c-478b-bf42-e4b88c1cd56f,Stand-Up India,https://www.standupmitra.in/,Tamil Nadu,Idea,Micro,Manufacturing,Return as bullet points.,GST Certificate,True
69778b6e5dbe0abc98245d90,2f608750-4905-4f65-9e72-074dcf9bcecb,Stand-Up India,https://www.standupmitra.in/,Tamil Nadu,Idea,Micro,Manufacturing,Return as bullet points.,Udyam Certificate,True
69778b6e5dbe0abc98245d91,11b85080-7e6a-4edd-a85b-536179a04b44,Stand-Up India,https://www.standupmitra.in/,Tamil Nadu,Idea,Micro,Manufacturing,Return as bullet points.,Bank Statement,True
69778b6e5dbe0abc98245d92,8d6bcdcb-bb12-48dc-97e3-c424a9fd2e38,Stand-Up India,https://www.standupmitra.in/,Tamil Nadu,Idea,Micro,Manufacturing,,GST Certificate,True
69778b6e5dbe0abc98245d93,eb92f00f-5025-452e-a70b-348129342194,Stand-Up India,https://www.standupmitra.in/,Tamil Nadu,Idea,Micro,Manufacturing,,Udyam Certificate,True
69778b6e5dbe0abc98245d94,58e524c3-0fb7-477b-b4d6-54763ffd93f6,Stand-Up India,https://www.standupmitra.in/,Tamil Nadu,Idea,Micro,Manufacturing,,Bank Statement,True
69778b6e5dbe0abc98245d95,c7174aea-daf1-4624-be47-5db4b3bb4000,Stand-Up India,https://www.standupmitra.in/,Tamil Nadu,Idea,Micro,Manufacturing,TEXT:,GST Certificate,True
69778b6e5dbe0abc98245d96,56c558dc-cebf-45bf-9037-cd5cf0fdd131,Stand-Up India,https://www.standupmitra.in/,Tamil Nadu,Idea,Micro,Manufacturing,TEXT:,Udyam Certificate,True
69778b6e5dbe0abc98245d97,eb6bda8c-e6dd-46d7-8b07-97089e45302f,Stand-Up India,https://www.standupmitra.in/,Tamil Nadu,Idea,Micro,Manufacturing,TEXT:,Bank Statement,True
69778b6e5dbe0abc98245d98,ba83bfea-4003-49a4-b9c0-756778b2ed50,Stand-Up India,https://www.standupmitra.in/,Tamil Nadu,Idea,Micro,Manufacturing,StandupIndia Login Applicaunt Login Applicaant Registration Other Users Home About Us Stand-Up India Scheme facilitate...,GST Certificate,True
69778b6e5dbe0abc98245d99,b257d36c-2fca-4f86-90bd-55046ce2e7a1,Stand-Up India,https://www.standupmitra.in/,Tamil Nadu,Idea,Micro,Manufacturing,StandupIndia Login Applicaunt Login Applicaant Registration Other Users Home About Us Stand-Up India Scheme facilitate...,Udyam Certificate,True
69778b6e5dbe0abc98245d9a,28dfcec7-319e-410a-a8f3-93c99a7c3231,Stand-Up India,https://www.standupmitra.in/,Tamil Nadu,Idea,Micro,Manufacturing,StandupIndia Login Applicaunt Login Applicaant Registration Other Users Home About Us Stand-Up India Scheme facilitate...,Bank Statement,True
69778b6e5dbe0abc98245d9b,7429fc4c-415e-49cc-a208-dbe55ac46a62,Stand-Up India,https://www.standupmitra.in/,Tamil Nadu,Idea,Micro,Manufacturing,,GST Certificate,True
69778b6e5dbe0abc98245d9c,935b5efc-c960-4a14-812b-810d0105cfcd,Stand-Up India,https://www.standupmitra.in/,Tamil Nadu,Idea,Micro,Manufacturing,,Udyam Certificate,True
69778b6e5dbe0abc98245d9d,986cab31-6d5c-4cd4-85b3-aa0b3aab984f,Stand-Up India,https://www.standupmitra.in/,Tamil Nadu,Idea,Micro,Manufacturing,,Bank Statement,True
69778b6e5dbe0abc98245d9e,59c9d18e-f437-41d8-9aef-d32b5f9b2177,Stand-Up India,https://www.standupmitra.in/,Tamil Nadu,Idea,Micro,Manufacturing,"Communities Stand-up India Scheme facilitates bank loan between ₹10 lakhs and ₹1 crore for Applicants to establish a greenfield enterprise. The Borrower Type Loans to SC/ST and Women Entrepreneurs with at least 51% of the shareholding and controlling stake, either an SC/ST or woman entrepreneur. Salient Features:",GST Certificate,True
69778b6e5dbe0abc98245d9f,2dcaeb13-ced3-4432-aad8-04bd19a57b0d,Stand-Up India,https://www.standupmitra.in/,Tamil Nadu,Idea,Micro,Manufacturing,"Communities Stand-up India Scheme facilitates bank loan between ₹10 lakhs and ₹1 crore for Applicants to establish a greenfield enterprise. The Borrower Type Loans to SC/ST and Women Entrepreneurs with at least 51% of the shareholding and controlling stake, either an SC/ST or woman entrepreneur. Salient Features:",Udyam Certificate,True
69778b6e5dbe0abc98245da0,824284e6-c497-42ba-8c27-e5323e1f7611,Stand-Up India,https://www.standupmitra.in/,Tamil Nadu,Idea,Micro,Manufacturing,"Communities Stand-up India Scheme facilitates bank loan between ₹10 lakhs and ₹1 crore for Applicants to establish a greenfield enterprise. The Borrower Type Loans to SC/ST and Women Entrepreneurs with at least 51% of the shareholding and controlling stake, either an SC/ST or woman entrepreneur. Salient Features:",Bank Statement,True
69778b6e5dbe0abc98245da1,5b88b66c-a247-4e37-8a7f-750f81a66b25,Stand-Up India,https://www.standupmitra.in/,Tamil Nadu,Idea,Micro,Manufacturing,- Loans of between ₹10 lakhs to ₹1 crore for Applicants.,GST Certificate,True
69778b6e5dbe0abc98245da2,90ad3366-ed06-4451-9f9c-2529881483db,Stand-Up India,https://www.standupmitra.in/,Tamil Nadu,Idea,Micro,Manufacturing,- Loans of between ₹10 lakhs to ₹1 crore for Applicants.,Udyam Certificate,True
69778b6e5dbe0abc98245da3,9a16cb45-9462-4eb7-9015-74a6b9cc63b0,Stand-Up India,https://www.standupmitra.in/,Tamil Nadu,Idea,Micro,Manufacturing,- Loans of between ₹10 lakhs to ₹1 crore for Applicants.,Bank Statement,True
69778b6e5dbe0abc98245da4,613f74ce-58dd-47c6-a29f-0449e8190c5e,Stand-Up India,https://www.standupmitra.in/,Tamil Nadu,Idea,Micro,Manufacturing,- Enterprise loans for setting up a greenfield enterprise.,GST Certificate,True
69778b6e5dbe0abc98245da5,38682523-0ec3-4a44-a917-534a86e83df0,Stand-Up India,https://www.standupmitra.in/,Tamil Nadu,Idea,Micro,Manufacturing,- Enterprise loans for setting up a greenfield enterprise.,Udyam Certificate,True
69778b6e5dbe0abc98245da6,9263eb5c-ba4f-4e84-aaec-0a62cd57ff7b,Stand-Up India,https://www.standupmitra.in/,Tamil Nadu,Idea,Micro,Manufacturing,- Enterprise loans for setting up a greenfield enterprise.,Bank Statement,True
69778b6e5dbe0abc98245da7,5f74e38d-72cf-49b4-a795-076580346a0b,Stand-Up India,https://www.standupmitra.in/,Tamil Nadu,Idea,Micro,Manufacturing,- Loan size is from ₹10 lakhs to ₹1 crore.,GST Certificate,True
69778b6e5dbe0abc98245da8,7877aa21-09c1-4d62-8d1b-be3ca3320160,Stand-Up India,https://www.standupmitra.in/,Tamil Nadu,Idea,Micro,Manufacturing,- Loan size is from ₹10 lakhs to ₹1 crore.,Udyam Certificate,True
69778b6e5dbe0abc98245da9,fdcd9cab-f343-425f-ab54-1f3041b284c9,Stand-Up India,https://www.standupmitra.in/,Tamil Nadu,Idea,Micro,Manufacturing,- Loan size is from ₹10 lakhs to ₹1 crore.,Bank Statement,True
69778b6e5dbe0abc98245daa,b3cfc93f-b448-4706-985e-77ded4d950f5,Stand-Up India,https://www.standupmitra.in/,Tamil Nadu,Idea,Micro,Manufacturing,- Comprises a composite loan (including Term Loan and Working Capital).,GST Certificate,True
69778b6e5dbe0abc98245dab,8c4d1336-7023-4c0b-86f1-b05faf054c8e,Stand-Up India,https://www.standupmitra.in/,Tamil Nadu,Idea,Micro,Manufacturing,- Comprises a composite loan (including Term Loan and Working Capital).,Udyam Certificate,True
69778b6e5dbe0abc98245dac,88b00798-9476-40dd-a285-95c000643e68,Stand-Up India,https://www.standupmitra.in/,Tamil Nadu,Idea,Micro,Manufacturing,- Comprises a composite loan (including Term Loan and Working Capital).,Bank Statement,True
69778b6e5dbe0abc98245dad,7effcfaf-e6be-4ef1-87fd-7634b128496a,Stand-Up India,https://www.standupmitra.in/,Tamil Nadu,Idea,Micro,Manufacturing,"- Key Elements: Stand-Up India Ecosystem, Promoter Contribution of 15%, Marginal Money security cover under Credit Guarantee Fund Scheme for Stand-Up India Loans (CGFSIL). Impact Stories:",GST Certificate,True
69778b6e5dbe0abc98245dae,3b179aab-5ae0-4c8b-8e13-f651cc4161f7,Stand-Up India,https://www.standupmitra.in/,Tamil Nadu,Idea,Micro,Manufacturing,"- Key Elements: Stand-Up India Ecosystem, Promoter Contribution of 15%, Marginal Money security cover under Credit Guarantee Fund Scheme for Stand-Up India Loans (CGFSIL). Impact Stories:",Udyam Certificate,True
69778b6e5dbe0abc98245daf,d886d033-2a27-4fdc-b389-732f6df4b9ef,Stand-Up India,https://www.standupmitra.in/,Tamil Nadu,Idea,Micro,Manufacturing,"- Key Elements: Stand-Up India Ecosystem, Promoter Contribution of 15%, Marginal Money security cover under Credit Guarantee Fund Scheme for Stand-Up India Loans (CGFSIL). Impact Stories:",Bank Statement,True
69778b6e5dbe0abc98245db0,8fd5eeb4-dad3-47bf-8fa7-98f1ac3a98ee,Stand-Up India,https://www.standupmitra.in/,Tamil Nadu,Idea,Micro,Manufacturing,"- Prometheus is the beneficiary under STAND UP INDIA loan scheme. She has been given a loan for setting up of an Optometric clinic with vision therapy as she is a low vision therapist. As per the promoteur, she can earn Rs.1 lakhs per month from the Optical Gallery cum Optometric Clinic, which has vision therapy - as a low vision specialist, and has been granted loan sanction by PNB, Anna Nagar Branch, Chennai.",GST Certificate,True
69778b6e5dbe0abc98245db1,66ce336b-c364-4716-806a-54190284648e,Stand-Up India,https://www.standupmitra.in/,Tamil Nadu,Idea,Micro,Manufacturing,"- Prometheus is the beneficiary under STAND UP INDIA loan scheme. She has been given a loan for setting up of an Optometric clinic with vision therapy as she is a low vision therapist. As per the promoteur, she can earn Rs.1 lakhs per month from the Optical Gallery cum Optometric Clinic, which has vision therapy - as a low vision specialist, and has been granted loan sanction by PNB, Anna Nagar Branch, Chennai.",Udyam Certificate,True
69778b6e5dbe0abc98245db2,cc8c9fdb-bc6a-48a7-8069-b4b7ea7fe873,Stand-Up India,https://www.standupmitra.in/,Tamil Nadu,Idea,Micro,Manufacturing,"- Prometheus is the beneficiary under STAND UP INDIA loan scheme. She has been given a loan for setting up of an Optometric clinic with vision therapy as she is a low vision therapist. As per the promoteur, she can earn Rs.1 lakhs per month from the Optical Gallery cum Optometric Clinic, which has vision therapy - as a low vision specialist, and has been granted loan sanction by PNB, Anna Nagar Branch, Chennai.",Bank Statement,True
69778b6e5dbe0abc98245db3,6af204d3-f73a-4b59-9a65-cdcad843f780,Stand-Up India,https://www.standupmitra.in/,Tamil Nadu,Idea,Micro,Manufacturing,"- Gaining experience from her father in law, the promoteur is able to stand alone as an optometrist after gaining experience from him. She has seen the website and learnt about the Anna Nagar branch extending STAND UP INDIA scheme and approached directly. According to the promoteur, she never dreamt of getting loan sanctioned in shortest time, which is why she is very happy and able to earn Rs.1 lakhs per month from the Optical Gallery cum Optometric Clinic, which has vision therapy - as a low v",GST Certificate,True
69778b6e5dbe0abc98245db4,fc40b1b5-4e74-4c14-9260-d4ab9400f521,Stand-Up India,https://www.standupmitra.in/,Tamil Nadu,Idea,Micro,Manufacturing,"- Gaining experience from her father in law, the promoteur is able to stand alone as an optometrist after gaining experience from him. She has seen the website and learnt about the Anna Nagar branch extending STAND UP INDIA scheme and approached directly. According to the promoteur, she never dreamt of getting loan sanctioned in shortest time, which is why she is very happy and able to earn Rs.1 lakhs per month from the Optical Gallery cum Optometric Clinic, which has vision therapy - as a low v",Udyam Certificate,True
69778b6e5dbe0abc98245db5,4efd05bd-1bdb-4962-b6c8-0b022e5677b6,Stand-Up India,https://www.standupmitra.in/,Tamil Nadu,Idea,Micro,Manufacturing,"- Gaining experience from her father in law, the promoteur is able to stand alone as an optometrist after gaining experience from him. She has seen the website and learnt about the Anna Nagar branch extending STAND UP INDIA scheme and approached directly. According to the promoteur, she never dreamt of getting loan sanctioned in shortest time, which is why she is very happy and able to earn Rs.1 lakhs per month from the Optical Gallery cum Optometric Clinic, which has vision therapy - as a low v",Bank Statement,True
69778b6e5dbe0abc98245db6,943895f5-a355-4126-b3a0-4a15d1428609,Stand-Up India,https://www.standupmitra.in/,Tamil Nadu,Idea,Micro,Manufacturing,,GST Certificate,True
69778b6e5dbe0abc98245db7,6b3fd6d2-7c23-429e-8d16-544000b0e0ae,Stand-Up India,https://www.standupmitra.in/,Tamil Nadu,Idea,Micro,Manufacturing,,Udyam Certificate,True
69778b6e5dbe0abc98245db8,f547ab8f-35e0-4916-8f11-94a4a83b5fc8,Stand-Up India,https://www.standupmitra.in/,Tamil Nadu,Idea,Micro,Manufacturing,,Bank Statement,True
69778b6e5dbe0abc98245db9,a7ec3e2d-6d34-453f-a718-09a202f0da13,Stand-Up India,https://www.standupmitra.in/,Tamil Nadu,Idea,Micro,Manufacturing,,GST Certificate,True
69778b6e5dbe0abc98245dba,f59418b2-4681-49f0-8e95-482b5c36c087,Stand-Up India,https://www.standupmitra.in/,Tamil Nadu,Idea,Micro,Manufacturing,,Udyam Certificate,True
69778b6e5dbe0abc98245dbb,3da9c008-f364-4b79-bf8a-4104599ee560,Stand-Up India,https://www.standupmitra.in/,Tamil Nadu,Idea,Micro,Manufacturing,,Bank Statement,True
69778b6e5dbe0abc98245dbc,f3240234-0f92-4d4f-afdb-8bf77469d6ca,Stand-Up India,https://www.standupmitra.in/,Tamil Nadu,Idea,Micro,Service,Extract:,GST Certificate,True
69778b6e5dbe0abc98245dbd,d3795982-4b9c-40c8-aae7-ca034a0fcd91,Stand-Up India,https://www.standupmitra.in/,Tamil Nadu,Idea,Micro,Service,Extract:,Udyam Certificate,True
69778b6e5dbe0abc98245dbe,6b4d77af-f49f-4026-b715-8ecbc900e37b,Stand-Up India,https://www.standupmitra.in/,Tamil Nadu,Idea,Micro,Service,Extract:,Bank Statement,True
69778b6e5dbe0abc98245dbf,71798a35-3435-4ff9-8646-ff4b04fec64a,Stand-Up India,https://www.standupmitra.in/,Tamil Nadu,Idea,Micro,Service,- Eligibility criteria,GST Certificate,True
69778b6e5dbe0abc98245dc0,c2fa68fb-0f3a-45e5-8914-ea99bbbe20a4,Stand-Up India,https://www.standupmitra.in/,Tamil Nadu,Idea,Micro,Service,- Eligibility criteria,Udyam Certificate,True
69778b6e5dbe0abc98245dc1,3115a0a6-2f9c-4b4f-b479-85faebf4f6a2,Stand-Up India,https://www.standupmitra.in/,Tamil Nadu,Idea,Micro,Service,- Eligibility criteria,Bank Statement,True
69778b6e5dbe0abc98245dc2,711e6f2c-1fa3-416b-af87-39ee2f91c722,Stand-Up India,https://www.standupmitra.in/,Tamil Nadu,Idea,Micro,Service,- Required documents,GST Certificate,True
69778b6e5dbe0abc98245dc3,88501b88-4161-4ef9-adf5-41858b397180,Stand-Up India,https://www.standupmitra.in/,Tamil Nadu,Idea,Micro,Service,- Required documents,Udyam Certificate,True
69778b6e5dbe0abc98245dc4,7c2ee089-85b8-4c3e-9374-13768dc5f998,Stand-Up India,https://www.standupmitra.in/,Tamil Nadu,Idea,Micro,Service,- Required documents,Bank Statement,True
69778b6e5dbe0abc98245dc5,4edd39cd-649e-45ef-9437-252d2df35096,Stand-Up India,https://www.standupmitra.in/,Tamil Nadu,Idea,Micro,Service,Return as bullet points.,GST Certificate,True
69778b6e5dbe0abc98245dc6,82853a7b-ae86-4d19-824c-c6e3d8701e5d,Stand-Up India,https://www.standupmitra.in/,Tamil Nadu,Idea,Micro,Service,Return as bullet points.,Udyam Certificate,True
69778b6e5dbe0abc98245dc7,2156f30b-d368-446b-9b2e-9505d5e86b27,Stand-Up India,https://www.standupmitra.in/,Tamil Nadu,Idea,Micro,Service,Return as bullet points.,Bank Statement,True
69778b6e5dbe0abc98245dc8,bf88df01-f9fd-44c6-bff8-d5033e67b4ee,Stand-Up India,https://www.standupmitra.in/,Tamil Nadu,Idea,Micro,Service,,GST Certificate,True
69778b6e5dbe0abc98245dc9,e9c4368e-c8f6-4824-b8eb-d4bdcae678b6,Stand-Up India,https://www.standupmitra.in/,Tamil Nadu,Idea,Micro,Service,,Udyam Certificate,True
69778b6e5dbe0abc98245dca,21fd2668-0843-4001-ad35-bdd98e161f86,Stand-Up India,https://www.standupmitra.in/,Tamil Nadu,Idea,Micro,Service,,Bank Statement,True
69778b6e5dbe0abc98245dcb,32f84bef-9d74-44c5-b5aa-227765453a3c,Stand-Up India,https://www.standupmitra.in/,Tamil Nadu,Idea,Micro,Service,TEXT:,GST Certificate,True
69778b6e5dbe0abc98245dcc,50f87aeb-5f2f-444e-8abc-39f66270e115,Stand-Up India,https://www.standupmitra.in/,Tamil Nadu,Idea,Micro,Service,TEXT:,Udyam Certificate,True
69778b6e5dbe0abc98245dcd,bee20c64-1125-4d74-b84d-01c5718cf994,Stand-Up India,https://www.standupmitra.in/,Tamil Nadu,Idea,Micro,Service,TEXT:,Bank Statement,True
69778b6e5dbe0abc98245dce,e1377ec2-0db0-441d-9e67-1bdd82246655,Stand-Up India,https://www.standupmitra.in/,Tamil Nadu,Idea,Micro,Service,StandupIndia Login Applicaunt Login Applicaant Registration Other Users Home About Us Stand-Up India Scheme facilitate...,GST Certificate,True
69778b6e5dbe0abc98245dcf,e4a98db6-b76a-4aa7-8151-6fde63b21676,Stand-Up India,https://www.standupmitra.in/,Tamil Nadu,Idea,Micro,Service,StandupIndia Login Applicaunt Login Applicaant Registration Other Users Home About Us Stand-Up India Scheme facilitate...,Udyam Certificate,True
69778b6e5dbe0abc98245dd0,71cd9497-51ba-465c-9a30-1b645a3791c4,Stand-Up India,https://www.standupmitra.in/,Tamil Nadu,Idea,Micro,Service,StandupIndia Login Applicaunt Login Applicaant Registration Other Users Home About Us Stand-Up India Scheme facilitate...,Bank Statement,True
69778b6e5dbe0abc98245dd1,f770d732-fd40-41b7-b7e7-e4742046be48,Stand-Up India,https://www.standupmitra.in/,Tamil Nadu,Idea,Micro,Service,,GST Certificate,True
69778b6e5dbe0abc98245dd2,f1ec9610-479d-40f1-89f1-0b411b91da2c,Stand-Up India,https://www.standupmitra.in/,Tamil Nadu,Idea,Micro,Service,,Udyam Certificate,True
69778b6e5dbe0abc98245dd3,b308611b-70da-4560-a86c-c375549cccd0,Stand-Up India,https://www.standupmitra.in/,Tamil Nadu,Idea,Micro,Service,,Bank Statement,True
69778b6e5dbe0abc98245dd4,bde9704a-0387-4bb2-86a7-7c23d79c2766,Stand-Up India,https://www.standupmitra.in/,Tamil Nadu,Idea,Micro,Service,"Communities Stand-up India Scheme facilitates bank loan between ₹10 lakhs and ₹1 crore for Applicants to establish a greenfield enterprise. The Borrower Type Loans to SC/ST and Women Entrepreneurs with at least 51% of the shareholding and controlling stake, either an SC/ST or woman entrepreneur. Salient Features:",GST Certificate,True
69778b6e5dbe0abc98245dd5,a0470e79-212f-4723-9824-4f4e11890558,Stand-Up India,https://www.standupmitra.in/,Tamil Nadu,Idea,Micro,Service,"Communities Stand-up India Scheme facilitates bank loan between ₹10 lakhs and ₹1 crore for Applicants to establish a greenfield enterprise. The Borrower Type Loans to SC/ST and Women Entrepreneurs with at least 51% of the shareholding and controlling stake, either an SC/ST or woman entrepreneur. Salient Features:",Udyam Certificate,True
69778b6e5dbe0abc98245dd6,1a0852a9-a9e9-4030-93cf-b759b3f63dd3,Stand-Up India,https://www.standupmitra.in/,Tamil Nadu,Idea,Micro,Service,"Communities Stand-up India Scheme facilitates bank loan between ₹10 lakhs and ₹1 crore for Applicants to establish a greenfield enterprise. The Borrower Type Loans to SC/ST and Women Entrepreneurs with at least 51% of the shareholding and controlling stake, either an SC/ST or woman entrepreneur. Salient Features:",Bank Statement,True
69778b6e5dbe0abc98245dd7,5fb21a56-2fe2-4a70-824e-2e5b4bf7c57d,Stand-Up India,https://www.standupmitra.in/,Tamil Nadu,Idea,Micro,Service,- Loans of between ₹10 lakhs to ₹1 crore for Applicants.,GST Certificate,True
69778b6e5dbe0abc98245dd8,a3c77669-77de-409b-9b29-4f3906c679dc,Stand-Up India,https://www.standupmitra.in/,Tamil Nadu,Idea,Micro,Service,- Loans of between ₹10 lakhs to ₹1 crore for Applicants.,Udyam Certificate,True
69778b6e5dbe0abc98245dd9,657456bf-cff8-4b8c-99ce-5b4fc73d015f,Stand-Up India,https://www.standupmitra.in/,Tamil Nadu,Idea,Micro,Service,- Loans of between ₹10 lakhs to ₹1 crore for Applicants.,Bank Statement,True
69778b6e5dbe0abc98245dda,ef4c8e5d-aadc-42dc-b494-7f25400b2fc3,Stand-Up India,https://www.standupmitra.in/,Tamil Nadu,Idea,Micro,Service,- Enterprise loans for setting up a greenfield enterprise.,GST Certificate,True
69778b6e5dbe0abc98245ddb,19c00d70-c50f-4676-b766-6beae74fb2ce,Stand-Up India,https://www.standupmitra.in/,Tamil Nadu,Idea,Micro,Service,- Enterprise loans for setting up a greenfield enterprise.,Udyam Certificate,True
69778b6e5dbe0abc98245ddc,205c9726-1b5e-4a41-abdb-b663e6f53755,Stand-Up India,https://www.standupmitra.in/,Tamil Nadu,Idea,Micro,Service,- Enterprise loans for setting up a greenfield enterprise.,Bank Statement,True
69778b6e5dbe0abc98245ddd,a4ba6cff-96f8-42ff-b65a-ee2115b9ef5d,Stand-Up India,https://www.standupmitra.in/,Tamil Nadu,Idea,Micro,Service,- Loan size is from ₹10 lakhs to ₹1 crore.,GST Certificate,True
69778b6e5dbe0abc98245dde,aebf4928-4479-4686-a26f-e5274164a707,Stand-Up India,https://www.standupmitra.in/,Tamil Nadu,Idea,Micro,Service,- Loan size is from ₹10 lakhs to ₹1 crore.,Udyam Certificate,True
69778b6e5dbe0abc98245ddf,3b2296ab-684a-4d99-85b8-7baa7d13062d,Stand-Up India,https://www.standupmitra.in/,Tamil Nadu,Idea,Micro,Service,- Loan size is from ₹10 lakhs to ₹1 crore.,Bank Statement,True
69778b6e5dbe0abc98245de0,103de5e9-9e41-42af-97a5-b9cfeb32f298,Stand-Up India,https://www.standupmitra.in/,Tamil Nadu,Idea,Micro,Service,- Comprises a composite loan (including Term Loan and Working Capital).,GST Certificate,True
69778b6e5dbe0abc98245de1,8b84b75e-aa66-4008-998c-9285daafcddd,Stand-Up India,https://www.standupmitra.in/,Tamil Nadu,Idea,Micro,Service,- Comprises a composite loan (including Term Loan and Working Capital).,Udyam Certificate,True
69778b6e5dbe0abc98245de2,aafb8e3c-41c0-4fd2-90d0-155b39575e5a,Stand-Up India,https://www.standupmitra.in/,Tamil Nadu,Idea,Micro,Service,- Comprises a composite loan (including Term Loan and Working Capital).,Bank Statement,True
69778b6e5dbe0abc98245de3,7c425ffe-8a58-4c34-9ba0-9d43c057a132,Stand-Up India,https://www.standupmitra.in/,Tamil Nadu,Idea,Micro,Service,"- Key Elements: Stand-Up India Ecosystem, Promoter Contribution of 15%, Marginal Money security cover under Credit Guarantee Fund Scheme for Stand-Up India Loans (CGFSIL). Impact Stories:",GST Certificate,True
69778b6e5dbe0abc98245de4,adef8b69-37a7-4fc7-8d1d-2662b3032c61,Stand-Up India,https://www.standupmitra.in/,Tamil Nadu,Idea,Micro,Service,"- Key Elements: Stand-Up India Ecosystem, Promoter Contribution of 15%, Marginal Money security cover under Credit Guarantee Fund Scheme for Stand-Up India Loans (CGFSIL). Impact Stories:",Udyam Certificate,True
69778b6e5dbe0abc98245de5,04a4751f-df45-4051-9211-3703909e5b5a,Stand-Up India,https://www.standupmitra.in/,Tamil Nadu,Idea,Micro,Service,"- Key Elements: Stand-Up India Ecosystem, Promoter Contribution of 15%, Marginal Money security cover under Credit Guarantee Fund Scheme for Stand-Up India Loans (CGFSIL). Impact Stories:",Bank Statement,True
69778b6e5dbe0abc98245de6,69aee205-5ca2-4324-8ce9-0d14f069d518,Stand-Up India,https://www.standupmitra.in/,Tamil Nadu,Idea,Micro,Service,"- Prometheus is the beneficiary under STAND UP INDIA loan scheme. She has been given a loan for setting up of an Optometric clinic with vision therapy as she is a low vision therapist. As per the promoteur, she can earn Rs.1 lakhs per month from the Optical Gallery cum Optometric Clinic, which has vision therapy - as a low vision specialist, and has been granted loan sanction by PNB, Anna Nagar Branch, Chennai.",GST Certificate,True
69778b6e5dbe0abc98245de7,5aa809e1-3d2d-450f-b784-2f9fffc168ba,Stand-Up India,https://www.standupmitra.in/,Tamil Nadu,Idea,Micro,Service,"- Prometheus is the beneficiary under STAND UP INDIA loan scheme. She has been given a loan for setting up of an Optometric clinic with vision therapy as she is a low vision therapist. As per the promoteur, she can earn Rs.1 lakhs per month from the Optical Gallery cum Optometric Clinic, which has vision therapy - as a low vision specialist, and has been granted loan sanction by PNB, Anna Nagar Branch, Chennai.",Udyam Certificate,True
69778b6e5dbe0abc98245de8,c123afae-2f86-4119-b399-c4bbe4d7e469,Stand-Up India,https://www.standupmitra.in/,Tamil Nadu,Idea,Micro,Service,"- Prometheus is the beneficiary under STAND UP INDIA loan scheme. She has been given a loan for setting up of an Optometric clinic with vision therapy as she is a low vision therapist. As per the promoteur, she can earn Rs.1 lakhs per month from the Optical Gallery cum Optometric Clinic, which has vision therapy - as a low vision specialist, and has been granted loan sanction by PNB, Anna Nagar Branch, Chennai.",Bank Statement,True
69778b6e5dbe0abc98245de9,c7c2e04e-e106-486e-8a11-eac84573ee8e,Stand-Up India,https://www.standupmitra.in/,Tamil Nadu,Idea,Micro,Service,"- Gaining experience from her father in law, the promoteur is able to stand alone as an optometrist after gaining experience from him. She has seen the website and learnt about the Anna Nagar branch extending STAND UP INDIA scheme and approached directly. According to the promoteur, she never dreamt of getting loan sanctioned in shortest time, which is why she is very happy and able to earn Rs.1 lakhs per month from the Optical Gallery cum Optometric Clinic, which has vision therapy - as a low v",GST Certificate,True
69778b6e5dbe0abc98245dea,1ae6b7af-010f-4148-a236-530e177a75e6,Stand-Up India,https://www.standupmitra.in/,Tamil Nadu,Idea,Micro,Service,"- Gaining experience from her father in law, the promoteur is able to stand alone as an optometrist after gaining experience from him. She has seen the website and learnt about the Anna Nagar branch extending STAND UP INDIA scheme and approached directly. According to the promoteur, she never dreamt of getting loan sanctioned in shortest time, which is why she is very happy and able to earn Rs.1 lakhs per month from the Optical Gallery cum Optometric Clinic, which has vision therapy - as a low v",Udyam Certificate,True
69778b6e5dbe0abc98245deb,272a3ec5-fcb2-4785-87be-ded009ae40a6,Stand-Up India,https://www.standupmitra.in/,Tamil Nadu,Idea,Micro,Service,"- Gaining experience from her father in law, the promoteur is able to stand alone as an optometrist after gaining experience from him. She has seen the website and learnt about the Anna Nagar branch extending STAND UP INDIA scheme and approached directly. According to the promoteur, she never dreamt of getting loan sanctioned in shortest time, which is why she is very happy and able to earn Rs.1 lakhs per month from the Optical Gallery cum Optometric Clinic, which has vision therapy - as a low v",Bank Statement,True
69778b6e5dbe0abc98245dec,66be4f43-e1d5-4562-b00c-ecceeaf055f6,Stand-Up India,https://www.standupmitra.in/,Tamil Nadu,Idea,Micro,Service,,GST Certificate,True
69778b6e5dbe0abc98245ded,8773ec6d-a167-402f-98af-4e21b9f9a4fd,Stand-Up India,https://www.standupmitra.in/,Tamil Nadu,Idea,Micro,Service,,Udyam Certificate,True
69778b6e5dbe0abc98245dee,7183a6d1-579f-4768-96b4-71a787266141,Stand-Up India,https://www.standupmitra.in/,Tamil Nadu,Idea,Micro,Service,,Bank Statement,True
69778b6e5dbe0abc98245def,d5ce13c9-e72c-4e8c-a849-4db1135c36a7,Stand-Up India,https://www.standupmitra.in/,Tamil Nadu,Idea,Micro,Service,,GST Certificate,True
69778b6e5dbe0abc98245df0,52efbf64-1ec3-4e5d-a5de-4f5a1a2fd9c0,Stand-Up India,https://www.standupmitra.in/,Tamil Nadu,Idea,Micro,Service,,Udyam Certificate,True
69778b6e5dbe0abc98245df1,b8da0731-7629-4842-85a5-d870db81b682,Stand-Up India,https://www.standupmitra.in/,Tamil Nadu,Idea,Micro,Service,,Bank Statement,True
69778b6e5dbe0abc98245df2,369882f4-398c-4344-82c9-124cd50c6b5a,Stand-Up India,https://www.standupmitra.in/,Tamil Nadu,Idea,Micro,Tech,Extract:,GST Certificate,True
69778b6e5dbe0abc98245df3,fe6be90d-f606-4da7-b6bf-03f666a10a25,Stand-Up India,https://www.standupmitra.in/,Tamil Nadu,Idea,Micro,Tech,Extract:,Udyam Certificate,True
69778b6e5dbe0abc98245df4,fbd8ff07-1d5a-4d0d-8970-5399ef53fba0,Stand-Up India,https://www.standupmitra.in/,Tamil Nadu,Idea,Micro,Tech,Extract:,Bank Statement,True
69778b6e5dbe0abc98245df5,2c8fa83d-a035-429e-a29e-959fb4913211,Stand-Up India,https://www.standupmitra.in/,Tamil Nadu,Idea,Micro,Tech,- Eligibility criteria,GST Certificate,True
69778b6e5dbe0abc98245df6,ea31a8b5-8257-43bb-ae3c-d85edd303e51,Stand-Up India,https://www.standupmitra.in/,Tamil Nadu,Idea,Micro,Tech,- Eligibility criteria,Udyam Certificate,True
69778b6e5dbe0abc98245df7,f993d499-6fdc-4120-bc81-f56bc6fc7b82,Stand-Up India,https://www.standupmitra.in/,Tamil Nadu,Idea,Micro,Tech,- Eligibility criteria,Bank Statement,True
69778b6e5dbe0abc98245df8,3c8d881b-bf91-46dd-9d05-0f80df12cdfc,Stand-Up India,https://www.standupmitra.in/,Tamil Nadu,Idea,Micro,Tech,- Required documents,GST Certificate,True
69778b6e5dbe0abc98245df9,4d3ae4a6-a1a8-4a10-8454-6873dfe1c461,Stand-Up India,https://www.standupmitra.in/,Tamil Nadu,Idea,Micro,Tech,- Required documents,Udyam Certificate,True
69778b6e5dbe0abc98245dfa,c37287ee-c979-48dd-905a-0e2919ddbb50,Stand-Up India,https://www.standupmitra.in/,Tamil Nadu,Idea,Micro,Tech,- Required documents,Bank Statement,True
69778b6e5dbe0abc98245dfb,b24a8902-05e1-43ed-9d83-1350429f2377,Stand-Up India,https://www.standupmitra.in/,Tamil Nadu,Idea,Micro,Tech,Return as bullet points.,GST Certificate,True
69778b6e5dbe0abc98245dfc,63bed12a-1508-47a8-ae56-73fb733c937e,Stand-Up India,https://www.standupmitra.in/,Tamil Nadu,Idea,Micro,Tech,Return as bullet points.,Udyam Certificate,True
69778b6e5dbe0abc98245dfd,34036666-5ca0-4d80-9101-b19a96f7018d,Stand-Up India,https://www.standupmitra.in/,Tamil Nadu,Idea,Micro,Tech,Return as bullet points.,Bank Statement,True
69778b6e5dbe0abc98245dfe,d2cbd378-d246-47ea-8107-375606809eb6,Stand-Up India,https://www.standupmitra.in/,Tamil Nadu,Idea,Micro,Tech,,GST Certificate,True
69778b6e5dbe0abc98245dff,8d0afcae-7e1a-4695-800d-71eea1894436,Stand-Up India,https://www.standupmitra.in/,Tamil Nadu,Idea,Micro,Tech,,Udyam Certificate,True
69778b6e5dbe0abc98245e00,c54efca4-224e-4454-8ae0-756e08d300d4,Stand-Up India,https://www.standupmitra.in/,Tamil Nadu,Idea,Micro,Tech,,Bank Statement,True
69778b6e5dbe0abc98245e01,da71d0a5-c513-43af-ba40-50398bc69674,Stand-Up India,https://www.standupmitra.in/,Tamil Nadu,Idea,Micro,Tech,TEXT:,GST Certificate,True
69778b6e5dbe0abc98245e02,d9f71fe3-92a2-4b55-b77b-ad4259463c09,Stand-Up India,https://www.standupmitra.in/,Tamil Nadu,Idea,Micro,Tech,TEXT:,Udyam Certificate,True
69778b6e5dbe0abc98245e03,6405e899-ee88-4dfc-8e02-a399f12eabe7,Stand-Up India,https://www.standupmitra.in/,Tamil Nadu,Idea,Micro,Tech,TEXT:,Bank Statement,True
69778b6e5dbe0abc98245e04,a54a5ef3-d2c5-4541-ad78-9802d623f9ff,Stand-Up India,https://www.standupmitra.in/,Tamil Nadu,Idea,Micro,Tech,StandupIndia Login Applicaunt Login Applicaant Registration Other Users Home About Us Stand-Up India Scheme facilitate...,GST Certificate,True
69778b6e5dbe0abc98245e05,650c35d8-6a91-4524-92d5-f162e1d1984c,Stand-Up India,https://www.standupmitra.in/,Tamil Nadu,Idea,Micro,Tech,StandupIndia Login Applicaunt Login Applicaant Registration Other Users Home About Us Stand-Up India Scheme facilitate...,Udyam Certificate,True
69778b6e5dbe0abc98245e06,37b5dd18-0fa4-49c6-a25f-5bb66bb2c836,Stand-Up India,https://www.standupmitra.in/,Tamil Nadu,Idea,Micro,Tech,StandupIndia Login Applicaunt Login Applicaant Registration Other Users Home About Us Stand-Up India Scheme facilitate...,Bank Statement,True
69778b6e5dbe0abc98245e07,47db75e6-9dda-48a9-84e8-7a0c4192ad3b,Stand-Up India,https://www.standupmitra.in/,Tamil Nadu,Idea,Micro,Tech,,GST Certificate,True
69778b6e5dbe0abc98245e08,89d039b8-8b2e-4efc-b42e-d395cc8e067c,Stand-Up India,https://www.standupmitra.in/,Tamil Nadu,Idea,Micro,Tech,,Udyam Certificate,True
69778b6e5dbe0abc98245e09,d1b1ad3e-d4f6-4592-a6eb-892fa6efb494,Stand-Up India,https://www.standupmitra.in/,Tamil Nadu,Idea,Micro,Tech,,Bank Statement,True
69778b6e5dbe0abc98245e0a,47fd0795-bd54-4469-99e1-83b332039187,Stand-Up India,https://www.standupmitra.in/,Tamil Nadu,Idea,Micro,Tech,"Communities Stand-up India Scheme facilitates bank loan between ₹10 lakhs and ₹1 crore for Applicants to establish a greenfield enterprise. The Borrower Type Loans to SC/ST and Women Entrepreneurs with at least 51% of the shareholding and controlling stake, either an SC/ST or woman entrepreneur. Salient Features:",GST Certificate,True
69778b6e5dbe0abc98245e0b,159d3b7d-64e3-4b93-967d-353a4e164f96,Stand-Up India,https://www.standupmitra.in/,Tamil Nadu,Idea,Micro,Tech,"Communities Stand-up India Scheme facilitates bank loan between ₹10 lakhs and ₹1 crore for Applicants to establish a greenfield enterprise. The Borrower Type Loans to SC/ST and Women Entrepreneurs with at least 51% of the shareholding and controlling stake, either an SC/ST or woman entrepreneur. Salient Features:",Udyam Certificate,True
69778b6e5dbe0abc98245e0c,3370cc53-7b1d-4c93-9ae8-2de169fb8c6c,Stand-Up India,https://www.standupmitra.in/,Tamil Nadu,Idea,Micro,Tech,"Communities Stand-up India Scheme facilitates bank loan between ₹10 lakhs and ₹1 crore for Applicants to establish a greenfield enterprise. The Borrower Type Loans to SC/ST and Women Entrepreneurs with at least 51% of the shareholding and controlling stake, either an SC/ST or woman entrepreneur. Salient Features:",Bank Statement,True
69778b6e5dbe0abc98245e0d,05944548-9d28-4401-9adb-3008d4ccf5dd,Stand-Up India,https://www.standupmitra.in/,Tamil Nadu,Idea,Micro,Tech,- Loans of between ₹10 lakhs to ₹1 crore for Applicants.,GST Certificate,True
69778b6e5dbe0abc98245e0e,351a64e4-39f8-4f23-9ea4-9985f084ff03,Stand-Up India,https://www.standupmitra.in/,Tamil Nadu,Idea,Micro,Tech,- Loans of between ₹10 lakhs to ₹1 crore for Applicants.,Udyam Certificate,True
69778b6e5dbe0abc98245e0f,dcd214cd-691e-457e-b8ef-395dbb0f0751,Stand-Up India,https://www.standupmitra.in/,Tamil Nadu,Idea,Micro,Tech,- Loans of between ₹10 lakhs to ₹1 crore for Applicants.,Bank Statement,True
69778b6e5dbe0abc98245e10,94ec9e94-dc79-426f-a431-f495b02891bb,Stand-Up India,https://www.standupmitra.in/,Tamil Nadu,Idea,Micro,Tech,- Enterprise loans for setting up a greenfield enterprise.,GST Certificate,True
69778b6e5dbe0abc98245e11,3462af5d-0aae-46ce-88fb-484d10ea6308,Stand-Up India,https://www.standupmitra.in/,Tamil Nadu,Idea,Micro,Tech,- Enterprise loans for setting up a greenfield enterprise.,Udyam Certificate,True
69778b6e5dbe0abc98245e12,64bd4d24-2a7d-4318-9d2b-f57e4f3ecd86,Stand-Up India,https://www.standupmitra.in/,Tamil Nadu,Idea,Micro,Tech,- Enterprise loans for setting up a greenfield enterprise.,Bank Statement,True
69778b6e5dbe0abc98245e13,d4cbb80d-babb-4674-945a-e5c9cdbb74ae,Stand-Up India,https://www.standupmitra.in/,Tamil Nadu,Idea,Micro,Tech,- Loan size is from ₹10 lakhs to ₹1 crore.,GST Certificate,True
69778b6e5dbe0abc98245e14,2c1a5c8e-c716-4cf5-be10-437d47680eef,Stand-Up India,https://www.standupmitra.in/,Tamil Nadu,Idea,Micro,Tech,- Loan size is from ₹10 lakhs to ₹1 crore.,Udyam Certificate,True
69778b6e5dbe0abc98245e15,682aa6bf-c1e6-4020-a6e7-2f6bc3613411,Stand-Up India,https://www.standupmitra.in/,Tamil Nadu,Idea,Micro,Tech,- Loan size is from ₹10 lakhs to ₹1 crore.,Bank Statement,True
69778b6e5dbe0abc98245e16,b822b09c-91ce-48a6-9161-b8c865b915f4,Stand-Up India,https://www.standupmitra.in/,Tamil Nadu,Idea,Micro,Tech,- Comprises a composite loan (including Term Loan and Working Capital).,GST Certificate,True
69778b6e5dbe0abc98245e17,c3577fee-5e41-4959-be16-f0441b753502,Stand-Up India,https://www.standupmitra.in/,Tamil Nadu,Idea,Micro,Tech,- Comprises a composite loan (including Term Loan and Working Capital).,Udyam Certificate,True
69778b6e5dbe0abc98245e18,ff0a409e-6663-4c97-9d89-ebbd67f3d68e,Stand-Up India,https://www.standupmitra.in/,Tamil Nadu,Idea,Micro,Tech,- Comprises a composite loan (including Term Loan and Working Capital).,Bank Statement,True
69778b6e5dbe0abc98245e19,610864b4-7bbc-4a87-a281-c157ea6dd176,Stand-Up India,https://www.standupmitra.in/,Tamil Nadu,Idea,Micro,Tech,"- Key Elements: Stand-Up India Ecosystem, Promoter Contribution of 15%, Marginal Money security cover under Credit Guarantee Fund Scheme for Stand-Up India Loans (CGFSIL). Impact Stories:",GST Certificate,True
69778b6e5dbe0abc98245e1a,764199c6-a164-4824-8582-058b9c460ec8,Stand-Up India,https://www.standupmitra.in/,Tamil Nadu,Idea,Micro,Tech,"- Key Elements: Stand-Up India Ecosystem, Promoter Contribution of 15%, Marginal Money security cover under Credit Guarantee Fund Scheme for Stand-Up India Loans (CGFSIL). Impact Stories:",Udyam Certificate,True
69778b6e5dbe0abc98245e1b,580096e4-7c25-4073-8577-ff3a6d6f37ce,Stand-Up India,https://www.standupmitra.in/,Tamil Nadu,Idea,Micro,Tech,"- Key Elements: Stand-Up India Ecosystem, Promoter Contribution of 15%, Marginal Money security cover under Credit Guarantee Fund Scheme for Stand-Up India Loans (CGFSIL). Impact Stories:",Bank Statement,True
69778b6e5dbe0abc98245e1c,e3bcfa86-96fa-4e71-8897-f21d279ed435,Stand-Up India,https://www.standupmitra.in/,Tamil Nadu,Idea,Micro,Tech,"- Prometheus is the beneficiary under STAND UP INDIA loan scheme. She has been given a loan for setting up of an Optometric clinic with vision therapy as she is a low vision therapist. As per the promoteur, she can earn Rs.1 lakhs per month from the Optical Gallery cum Optometric Clinic, which has vision therapy - as a low vision specialist, and has been granted loan sanction by PNB, Anna Nagar Branch, Chennai.",GST Certificate,True
69778b6e5dbe0abc98245e1d,e1e22350-b703-466c-9e5e-246adcca55d4,Stand-Up India,https://www.standupmitra.in/,Tamil Nadu,Idea,Micro,Tech,"- Prometheus is the beneficiary under STAND UP INDIA loan scheme. She has been given a loan for setting up of an Optometric clinic with vision therapy as she is a low vision therapist. As per the promoteur, she can earn Rs.1 lakhs per month from the Optical Gallery cum Optometric Clinic, which has vision therapy - as a low vision specialist, and has been granted loan sanction by PNB, Anna Nagar Branch, Chennai.",Udyam Certificate,True
69778b6e5dbe0abc98245e1e,c49459bf-c851-4366-ba39-944c07094425,Stand-Up India,https://www.standupmitra.in/,Tamil Nadu,Idea,Micro,Tech,"- Prometheus is the beneficiary under STAND UP INDIA loan scheme. She has been given a loan for setting up of an Optometric clinic with vision therapy as she is a low vision therapist. As per the promoteur, she can earn Rs.1 lakhs per month from the Optical Gallery cum Optometric Clinic, which has vision therapy - as a low vision specialist, and has been granted loan sanction by PNB, Anna Nagar Branch, Chennai.",Bank Statement,True
69778b6e5dbe0abc98245e1f,ace8d33b-0670-4885-a0cc-8a918cd6ad24,Stand-Up India,https://www.standupmitra.in/,Tamil Nadu,Idea,Micro,Tech,"- Gaining experience from her father in law, the promoteur is able to stand alone as an optometrist after gaining experience from him. She has seen the website and learnt about the Anna Nagar branch extending STAND UP INDIA scheme and approached directly. According to the promoteur, she never dreamt of getting loan sanctioned in shortest time, which is why she is very happy and able to earn Rs.1 lakhs per month from the Optical Gallery cum Optometric Clinic, which has vision therapy - as a low v",GST Certificate,True
69778b6e5dbe0abc98245e20,46d04a44-b05e-4cb9-b670-2857c383e2e2,Stand-Up India,https://www.standupmitra.in/,Tamil Nadu,Idea,Micro,Tech,"- Gaining experience from her father in law, the promoteur is able to stand alone as an optometrist after gaining experience from him. She has seen the website and learnt about the Anna Nagar branch extending STAND UP INDIA scheme and approached directly. According to the promoteur, she never dreamt of getting loan sanctioned in shortest time, which is why she is very happy and able to earn Rs.1 lakhs per month from the Optical Gallery cum Optometric Clinic, which has vision therapy - as a low v",Udyam Certificate,True
69778b6e5dbe0abc98245e21,f6ea1f6b-9c11-4397-bf44-e5ea3c6dbc10,Stand-Up India,https://www.standupmitra.in/,Tamil Nadu,Idea,Micro,Tech,"- Gaining experience from her father in law, the promoteur is able to stand alone as an optometrist after gaining experience from him. She has seen the website and learnt about the Anna Nagar branch extending STAND UP INDIA scheme and approached directly. According to the promoteur, she never dreamt of getting loan sanctioned in shortest time, which is why she is very happy and able to earn Rs.1 lakhs per month from the Optical Gallery cum Optometric Clinic, which has vision therapy - as a low v",Bank Statement,True
69778b6e5dbe0abc98245e22,1ace8707-144c-4bd2-8adf-dfceb0c9bddc,Stand-Up India,https://www.standupmitra.in/,Tamil Nadu,Idea,Micro,Tech,,GST Certificate,True
69778b6e5dbe0abc98245e23,cb890f41-e711-4469-9f63-ed2cb7b844f1,Stand-Up India,https://www.standupmitra.in/,Tamil Nadu,Idea,Micro,Tech,,Udyam Certificate,True
69778b6e5dbe0abc98245e24,a9a21be8-d047-4417-97df-8212c368c19e,Stand-Up India,https://www.standupmitra.in/,Tamil Nadu,Idea,Micro,Tech,,Bank Statement,True
69778b6e5dbe0abc98245e25,9f7f9dce-aadc-4a5b-942b-d2f94ba95862,Stand-Up India,https://www.standupmitra.in/,Tamil Nadu,Idea,Micro,Tech,,GST Certificate,True
69778b6e5dbe0abc98245e26,d652b9b1-5b23-4b1a-a4cc-d870372e10ba,Stand-Up India,https://www.standupmitra.in/,Tamil Nadu,Idea,Micro,Tech,,Udyam Certificate,True
69778b6e5dbe0abc98245e27,b02bb745-6c5e-4c21-bc70-9b65d797d873,Stand-Up India,https://www.standupmitra.in/,Tamil Nadu,Idea,Micro,Tech,,Bank Statement,True
69778b6e5dbe0abc98245e28,2c250043-700b-416f-8f47-afefc6dd1fef,Stand-Up India,https://www.standupmitra.in/,Tamil Nadu,Idea,Micro,Agri,Extract:,GST Certificate,True
69778b6e5dbe0abc98245e29,a43e8ae5-ebe7-4694-92c5-ce92c11feb38,Stand-Up India,https://www.standupmitra.in/,Tamil Nadu,Idea,Micro,Agri,Extract:,Udyam Certificate,True
69778b6e5dbe0abc98245e2a,9ce0cff4-717c-440b-9432-e88205badeeb,Stand-Up India,https://www.standupmitra.in/,Tamil Nadu,Idea,Micro,Agri,Extract:,Bank Statement,True
69778b6e5dbe0abc98245e2b,f4b32753-3333-474e-8d62-32513b6dae9b,Stand-Up India,https://www.standupmitra.in/,Tamil Nadu,Idea,Micro,Agri,- Eligibility criteria,GST Certificate,True
69778b6e5dbe0abc98245e2c,a9f58734-b0e1-42e2-800f-2c948d618b61,Stand-Up India,https://www.standupmitra.in/,Tamil Nadu,Idea,Micro,Agri,- Eligibility criteria,Udyam Certificate,True
69778b6e5dbe0abc98245e2d,0b5aee8b-722a-4be3-b650-4485a92def14,Stand-Up India,https://www.standupmitra.in/,Tamil Nadu,Idea,Micro,Agri,- Eligibility criteria,Bank Statement,True
69778b6e5dbe0abc98245e2e,af4e3876-daaf-472a-9dc9-d2e2ca5cd05f,Stand-Up India,https://www.standupmitra.in/,Tamil Nadu,Idea,Micro,Agri,- Required documents,GST Certificate,True
69778b6e5dbe0abc98245e2f,d19abd46-2f0a-449e-bd63-bb20d6cc9563,Stand-Up India,https://www.standupmitra.in/,Tamil Nadu,Idea,Micro,Agri,- Required documents,Udyam Certificate,True
69778b6e5dbe0abc98245e30,f7640510-dcc2-4458-8aea-814e0429ccc6,Stand-Up India,https://www.standupmitra.in/,Tamil Nadu,Idea,Micro,Agri,- Required documents,Bank Statement,True
69778b6e5dbe0abc98245e31,7afc09df-e6be-4889-ac13-6e2d3b5e746b,Stand-Up India,https://www.standupmitra.in/,Tamil Nadu,Idea,Micro,Agri,Return as bullet points.,GST Certificate,True
69778b6e5dbe0abc98245e32,f688de36-d5ef-4695-a7ea-2dc5fcbafff4,Stand-Up India,https://www.standupmitra.in/,Tamil Nadu,Idea,Micro,Agri,Return as bullet points.,Udyam Certificate,True
69778b6e5dbe0abc98245e33,1950a11d-1b82-4340-8f42-2b9f2af189c1,Stand-Up India,https://www.standupmitra.in/,Tamil Nadu,Idea,Micro,Agri,Return as bullet points.,Bank Statement,True
69778b6e5dbe0abc98245e34,0096d8bc-80bc-45d2-ba82-e85d728eebcd,Stand-Up India,https://www.standupmitra.in/,Tamil Nadu,Idea,Micro,Agri,,GST Certificate,True
69778b6e5dbe0abc98245e35,b9b684dd-b6a6-4a3a-8a5d-bf14758bc853,Stand-Up India,https://www.standupmitra.in/,Tamil Nadu,Idea,Micro,Agri,,Udyam Certificate,True
69778b6e5dbe0abc98245e36,7bd9911a-3b7d-47d9-8c22-e188cbc93a2a,Stand-Up India,https://www.standupmitra.in/,Tamil Nadu,Idea,Micro,Agri,,Bank Statement,True
69778b6e5dbe0abc98245e37,5db2db7b-902c-474d-94f8-7292901a5ced,Stand-Up India,https://www.standupmitra.in/,Tamil Nadu,Idea,Micro,Agri,TEXT:,GST Certificate,True
69778b6e5dbe0abc98245e38,5d13c32d-f17b-4289-825d-72779a1d06fe,Stand-Up India,https://www.standupmitra.in/,Tamil Nadu,Idea,Micro,Agri,TEXT:,Udyam Certificate,True
69778b6e5dbe0abc98245e39,5c46f0bf-0eff-4fbb-ac46-1bb05bd555a0,Stand-Up India,https://www.standupmitra.in/,Tamil Nadu,Idea,Micro,Agri,TEXT:,Bank Statement,True
69778b6e5dbe0abc98245e3a,823ec08c-3ec8-4dba-b7ea-d6ae544a7cdb,Stand-Up India,https://www.standupmitra.in/,Tamil Nadu,Idea,Micro,Agri,StandupIndia Login Applicaunt Login Applicaant Registration Other Users Home About Us Stand-Up India Scheme facilitate...,GST Certificate,True
69778b6e5dbe0abc98245e3b,fa5bc7fb-b98f-472f-8bbf-8c1c0ac8a64c,Stand-Up India,https://www.standupmitra.in/,Tamil Nadu,Idea,Micro,Agri,StandupIndia Login Applicaunt Login Applicaant Registration Other Users Home About Us Stand-Up India Scheme facilitate...,Udyam Certificate,True
69778b6e5dbe0abc98245e3c,fb719144-806e-471b-9903-75a9ffdf91ad,Stand-Up India,https://www.standupmitra.in/,Tamil Nadu,Idea,Micro,Agri,StandupIndia Login Applicaunt Login Applicaant Registration Other Users Home About Us Stand-Up India Scheme facilitate...,Bank Statement,True
69778b6e5dbe0abc98245e3d,fe12f126-ddb9-45ec-a005-294f179ec28b,Stand-Up India,https://www.standupmitra.in/,Tamil Nadu,Idea,Micro,Agri,,GST Certificate,True
69778b6e5dbe0abc98245e3e,bc359f56-6ba7-429d-ba81-13588c3cd789,Stand-Up India,https://www.standupmitra.in/,Tamil Nadu,Idea,Micro,Agri,,Udyam Certificate,True
69778b6e5dbe0abc98245e3f,99f33646-c2df-497d-a0dd-d712c68582a3,Stand-Up India,https://www.standupmitra.in/,Tamil Nadu,Idea,Micro,Agri,,Bank Statement,True
69778b6e5dbe0abc98245e40,ad3ce98c-6b63-4d0c-ad7e-990facf7ae4c,Stand-Up India,https://www.standupmitra.in/,Tamil Nadu,Idea,Micro,Agri,"Communities Stand-up India Scheme facilitates bank loan between ₹10 lakhs and ₹1 crore for Applicants to establish a greenfield enterprise. The Borrower Type Loans to SC/ST and Women Entrepreneurs with at least 51% of the shareholding and controlling stake, either an SC/ST or woman entrepreneur. Salient Features:",GST Certificate,True
69778b6e5dbe0abc98245e41,7815bae6-05d0-4a17-a20f-399cbf7eaf82,Stand-Up India,https://www.standupmitra.in/,Tamil Nadu,Idea,Micro,Agri,"Communities Stand-up India Scheme facilitates bank loan between ₹10 lakhs and ₹1 crore for Applicants to establish a greenfield enterprise. The Borrower Type Loans to SC/ST and Women Entrepreneurs with at least 51% of the shareholding and controlling stake, either an SC/ST or woman entrepreneur. Salient Features:",Udyam Certificate,True
69778b6e5dbe0abc98245e42,9c6e6ccd-cf0a-4be8-9fa0-7955d8d5536a,Stand-Up India,https://www.standupmitra.in/,Tamil Nadu,Idea,Micro,Agri,"Communities Stand-up India Scheme facilitates bank loan between ₹10 lakhs and ₹1 crore for Applicants to establish a greenfield enterprise. The Borrower Type Loans to SC/ST and Women Entrepreneurs with at least 51% of the shareholding and controlling stake, either an SC/ST or woman entrepreneur. Salient Features:",Bank Statement,True
69778b6e5dbe0abc98245e43,22e6ed0e-bb31-4a57-9184-01d7b8177f31,Stand-Up India,https://www.standupmitra.in/,Tamil Nadu,Idea,Micro,Agri,- Loans of between ₹10 lakhs to ₹1 crore for Applicants.,GST Certificate,True
69778b6e5dbe0abc98245e44,357f4291-ff4f-43e5-97a3-aa3a74c6bedc,Stand-Up India,https://www.standupmitra.in/,Tamil Nadu,Idea,Micro,Agri,- Loans of between ₹10 lakhs to ₹1 crore for Applicants.,Udyam Certificate,True
69778b6e5dbe0abc98245e45,b44241e7-bfda-4520-a81a-8c28ffe68e9f,Stand-Up India,https://www.standupmitra.in/,Tamil Nadu,Idea,Micro,Agri,- Loans of between ₹10 lakhs to ₹1 crore for Applicants.,Bank Statement,True
69778b6e5dbe0abc98245e46,881bd909-28ba-4678-aa61-098e369c10be,Stand-Up India,https://www.standupmitra.in/,Tamil Nadu,Idea,Micro,Agri,- Enterprise loans for setting up a greenfield enterprise.,GST Certificate,True
69778b6e5dbe0abc98245e47,b6ab89da-3056-4aff-9667-7e59b048836a,Stand-Up India,https://www.standupmitra.in/,Tamil Nadu,Idea,Micro,Agri,- Enterprise loans for setting up a greenfield enterprise.,Udyam Certificate,True
69778b6e5dbe0abc98245e48,d52f9897-2968-49c7-b230-4794c453a656,Stand-Up India,https://www.standupmitra.in/,Tamil Nadu,Idea,Micro,Agri,- Enterprise loans for setting up a greenfield enterprise.,Bank Statement,True
69778b6e5dbe0abc98245e49,7eb0f2d1-0b97-42b5-9233-1e267d37dfa1,Stand-Up India,https://www.standupmitra.in/,Tamil Nadu,Idea,Micro,Agri,- Loan size is from ₹10 lakhs to ₹1 crore.,GST Certificate,True
69778b6e5dbe0abc98245e4a,e45772c6-ac44-4910-b38d-0cdd8662fa68,Stand-Up India,https://www.standupmitra.in/,Tamil Nadu,Idea,Micro,Agri,- Loan size is from ₹10 lakhs to ₹1 crore.,Udyam Certificate,True
69778b6e5dbe0abc98245e4b,27839d19-18ce-4c28-8a32-f795f3bc4b57,Stand-Up India,https://www.standupmitra.in/,Tamil Nadu,Idea,Micro,Agri,- Loan size is from ₹10 lakhs to ₹1 crore.,Bank Statement,True
69778b6e5dbe0abc98245e4c,62dd7130-b789-439f-98b3-d0b0a0de4719,Stand-Up India,https://www.standupmitra.in/,Tamil Nadu,Idea,Micro,Agri,- Comprises a composite loan (including Term Loan and Working Capital).,GST Certificate,True
69778b6e5dbe0abc98245e4d,f28a71f7-8334-4b9f-a8e4-275ae34fc7f6,Stand-Up India,https://www.standupmitra.in/,Tamil Nadu,Idea,Micro,Agri,- Comprises a composite loan (including Term Loan and Working Capital).,Udyam Certificate,True
69778b6e5dbe0abc98245e4e,3d6765ee-2d56-4df4-a589-dd7fe5c3e307,Stand-Up India,https://www.standupmitra.in/,Tamil Nadu,Idea,Micro,Agri,- Comprises a composite loan (including Term Loan and Working Capital).,Bank Statement,True
69778b6e5dbe0abc98245e4f,5a096e17-fb3b-4d5e-9796-749c9779988a,Stand-Up India,https://www.standupmitra.in/,Tamil Nadu,Idea,Micro,Agri,"- Key Elements: Stand-Up India Ecosystem, Promoter Contribution of 15%, Marginal Money security cover under Credit Guarantee Fund Scheme for Stand-Up India Loans (CGFSIL). Impact Stories:",GST Certificate,True
69778b6e5dbe0abc98245e50,9a08b916-e667-4a8b-8690-38051ea5cbdb,Stand-Up India,https://www.standupmitra.in/,Tamil Nadu,Idea,Micro,Agri,"- Key Elements: Stand-Up India Ecosystem, Promoter Contribution of 15%, Marginal Money security cover under Credit Guarantee Fund Scheme for Stand-Up India Loans (CGFSIL). Impact Stories:",Udyam Certificate,True
69778b6e5dbe0abc98245e51,dc96d421-5f6a-440a-bca5-f929f9fb3a6b,Stand-Up India,https://www.standupmitra.in/,Tamil Nadu,Idea,Micro,Agri,"- Key Elements: Stand-Up India Ecosystem, Promoter Contribution of 15%, Marginal Money security cover under Credit Guarantee Fund Scheme for Stand-Up India Loans (CGFSIL). Impact Stories:",Bank Statement,True
69778b6e5dbe0abc98245e52,85aa3581-a405-4ac8-afdf-2f8e1ae77c7f,Stand-Up India,https://www.standupmitra.in/,Tamil Nadu,Idea,Micro,Agri,"- Prometheus is the beneficiary under STAND UP INDIA loan scheme. She has been given a loan for setting up of an Optometric clinic with vision therapy as she is a low vision therapist. As per the promoteur, she can earn Rs.1 lakhs per month from the Optical Gallery cum Optometric Clinic, which has vision therapy - as a low vision specialist, and has been granted loan sanction by PNB, Anna Nagar Branch, Chennai.",GST Certificate,True
69778b6e5dbe0abc98245e53,83bfee71-900f-49e0-94c3-e80c396ea97e,Stand-Up India,https://www.standupmitra.in/,Tamil Nadu,Idea,Micro,Agri,"- Prometheus is the beneficiary under STAND UP INDIA loan scheme. She has been given a loan for setting up of an Optometric clinic with vision therapy as she is a low vision therapist. As per the promoteur, she can earn Rs.1 lakhs per month from the Optical Gallery cum Optometric Clinic, which has vision therapy - as a low vision specialist, and has been granted loan sanction by PNB, Anna Nagar Branch, Chennai.",Udyam Certificate,True
69778b6e5dbe0abc98245e54,bc3ccbdd-baa0-4da8-be81-a485cf602b65,Stand-Up India,https://www.standupmitra.in/,Tamil Nadu,Idea,Micro,Agri,"- Prometheus is the beneficiary under STAND UP INDIA loan scheme. She has been given a loan for setting up of an Optometric clinic with vision therapy as she is a low vision therapist. As per the promoteur, she can earn Rs.1 lakhs per month from the Optical Gallery cum Optometric Clinic, which has vision therapy - as a low vision specialist, and has been granted loan sanction by PNB, Anna Nagar Branch, Chennai.",Bank Statement,True
69778b6e5dbe0abc98245e55,59c38c23-38ca-429e-9ed6-2198e790bae4,Stand-Up India,https://www.standupmitra.in/,Tamil Nadu,Idea,Micro,Agri,"- Gaining experience from her father in law, the promoteur is able to stand alone as an optometrist after gaining experience from him. She has seen the website and learnt about the Anna Nagar branch extending STAND UP INDIA scheme and approached directly. According to the promoteur, she never dreamt of getting loan sanctioned in shortest time, which is why she is very happy and able to earn Rs.1 lakhs per month from the Optical Gallery cum Optometric Clinic, which has vision therapy - as a low v",GST Certificate,True
69778b6e5dbe0abc98245e56,8fd2801b-5982-4563-a7c9-bd74082821eb,Stand-Up India,https://www.standupmitra.in/,Tamil Nadu,Idea,Micro,Agri,"- Gaining experience from her father in law, the promoteur is able to stand alone as an optometrist after gaining experience from him. She has seen the website and learnt about the Anna Nagar branch extending STAND UP INDIA scheme and approached directly. According to the promoteur, she never dreamt of getting loan sanctioned in shortest time, which is why she is very happy and able to earn Rs.1 lakhs per month from the Optical Gallery cum Optometric Clinic, which has vision therapy - as a low v",Udyam Certificate,True
69778b6e5dbe0abc98245e57,ff9457a5-801a-4043-aa74-ae6417a83feb,Stand-Up India,https://www.standupmitra.in/,Tamil Nadu,Idea,Micro,Agri,"- Gaining experience from her father in law, the promoteur is able to stand alone as an optometrist after gaining experience from him. She has seen the website and learnt about the Anna Nagar branch extending STAND UP INDIA scheme and approached directly. According to the promoteur, she never dreamt of getting loan sanctioned in shortest time, which is why she is very happy and able to earn Rs.1 lakhs per month from the Optical Gallery cum Optometric Clinic, which has vision therapy - as a low v",Bank Statement,True
69778b6e5dbe0abc98245e58,f94dabb9-f41d-4619-af4e-c12ac9d5d895,Stand-Up India,https://www.standupmitra.in/,Tamil Nadu,Idea,Micro,Agri,,GST Certificate,True
69778b6e5dbe0abc98245e59,f17812c8-cfd4-44cb-9b7e-c0805b436e27,Stand-Up India,https://www.standupmitra.in/,Tamil Nadu,Idea,Micro,Agri,,Udyam Certificate,True
69778b6e5dbe0abc98245e5a,1a9b1bc3-236c-4a5f-8b29-714448baae6e,Stand-Up India,https://www.standupmitra.in/,Tamil Nadu,Idea,Micro,Agri,,Bank Statement,True
69778b6e5dbe0abc98245e5b,fc233d6c-cbfe-42e9-a837-fd3e236fdf60,Stand-Up India,https://www.standupmitra.in/,Tamil Nadu,Idea,Micro,Agri,,GST Certificate,True
69778b6e5dbe0abc98245e5c,02f026f4-eafd-4c8f-902e-eb07536661e4,Stand-Up India,https://www.standupmitra.in/,Tamil Nadu,Idea,Micro,Agri,,Udyam Certificate,True
69778b6e5dbe0abc98245e5d,d9e520fb-d1d5-40f1-9aad-8bc30b7a2c11,Stand-Up India,https://www.standupmitra.in/,Tamil Nadu,Idea,Micro,Agri,,Bank Statement,True
69778b6e5dbe0abc98245e5e,3efaad15-2763-481d-9020-10e656bce3e4,Stand-Up India,https://www.standupmitra.in/,Tamil Nadu,Idea,Small,Manufacturing,Extract:,GST Certificate,True
69778b6e5dbe0abc98245e5f,73c51ca6-5fde-41c8-a2a2-132039c49675,Stand-Up India,https://www.standupmitra.in/,Tamil Nadu,Idea,Small,Manufacturing,Extract:,Udyam Certificate,True
69778b6e5dbe0abc98245e60,cf38a0f4-85e5-4dd2-88e8-35d0895c32ea,Stand-Up India,https://www.standupmitra.in/,Tamil Nadu,Idea,Small,Manufacturing,Extract:,Bank Statement,True
69778b6e5dbe0abc98245e61,c7c5ac9d-6c99-4b12-88bd-f8fe3c87cca7,Stand-Up India,https://www.standupmitra.in/,Tamil Nadu,Idea,Small,Manufacturing,- Eligibility criteria,GST Certificate,True
69778b6e5dbe0abc98245e62,369b930b-5ddf-4bcb-a409-2c24a76b652f,Stand-Up India,https://www.standupmitra.in/,Tamil Nadu,Idea,Small,Manufacturing,- Eligibility criteria,Udyam Certificate,True
69778b6e5dbe0abc98245e63,2eb6d99a-2dc1-4371-ae32-9ccc3ea9fb00,Stand-Up India,https://www.standupmitra.in/,Tamil Nadu,Idea,Small,Manufacturing,- Eligibility criteria,Bank Statement,True
69778b6e5dbe0abc98245e64,bd62ceec-6514-4a70-aae2-eea2383411e8,Stand-Up India,https://www.standupmitra.in/,Tamil Nadu,Idea,Small,Manufacturing,- Required documents,GST Certificate,True
69778b6e5dbe0abc98245e65,506ec28a-05a6-4dab-99f0-e22f683c10ab,Stand-Up India,https://www.standupmitra.in/,Tamil Nadu,Idea,Small,Manufacturing,- Required documents,Udyam Certificate,True
69778b6e5dbe0abc98245e66,c2ce58e4-afd1-423f-80c2-29724665fd12,Stand-Up India,https://www.standupmitra.in/,Tamil Nadu,Idea,Small,Manufacturing,- Required documents,Bank Statement,True
69778b6e5dbe0abc98245e67,fe2d12d1-fcce-4539-8593-9485eb5779a2,Stand-Up India,https://www.standupmitra.in/,Tamil Nadu,Idea,Small,Manufacturing,Return as bullet points.,GST Certificate,True
69778b6e5dbe0abc98245e68,1eb621f9-4bd2-4c7e-98a4-dc3c89d348b3,Stand-Up India,https://www.standupmitra.in/,Tamil Nadu,Idea,Small,Manufacturing,Return as bullet points.,Udyam Certificate,True
69778b6e5dbe0abc98245e69,d7dc8d10-9eea-453a-af58-cf7ef00939e1,Stand-Up India,https://www.standupmitra.in/,Tamil Nadu,Idea,Small,Manufacturing,Return as bullet points.,Bank Statement,True
69778b6e5dbe0abc98245e6a,987b6c7b-031a-485e-a1ea-25657a26d133,Stand-Up India,https://www.standupmitra.in/,Tamil Nadu,Idea,Small,Manufacturing,,GST Certificate,True
69778b6e5dbe0abc98245e6b,e1b83263-59fe-4cdf-89d9-b51956a37e77,Stand-Up India,https://www.standupmitra.in/,Tamil Nadu,Idea,Small,Manufacturing,,Udyam Certificate,True
69778b6e5dbe0abc98245e6c,2a36ac75-d407-41df-99ce-5fffdd04aa40,Stand-Up India,https://www.standupmitra.in/,Tamil Nadu,Idea,Small,Manufacturing,,Bank Statement,True
69778b6e5dbe0abc98245e6d,efa87db3-4bee-4d77-ba04-4388d562a42b,Stand-Up India,https://www.standupmitra.in/,Tamil Nadu,Idea,Small,Manufacturing,TEXT:,GST Certificate,True
69778b6e5dbe0abc98245e6e,56bb1a2f-4f16-428d-a847-fd0ca4741ce0,Stand-Up India,https://www.standupmitra.in/,Tamil Nadu,Idea,Small,Manufacturing,TEXT:,Udyam Certificate,True
69778b6e5dbe0abc98245e6f,6b659ba4-2a0b-42cb-b83c-435db78629eb,Stand-Up India,https://www.standupmitra.in/,Tamil Nadu,Idea,Small,Manufacturing,TEXT:,Bank Statement,True
69778b6e5dbe0abc98245e70,43398dda-d956-43ca-8c1d-277dde344e01,Stand-Up India,https://www.standupmitra.in/,Tamil Nadu,Idea,Small,Manufacturing,StandupIndia Login Applicaunt Login Applicaant Registration Other Users Home About Us Stand-Up India Scheme facilitate...,GST Certificate,True
69778b6e5dbe0abc98245e71,e75611d9-5c1e-4a28-b2fa-f4480a960c9b,Stand-Up India,https://www.standupmitra.in/,Tamil Nadu,Idea,Small,Manufacturing,StandupIndia Login Applicaunt Login Applicaant Registration Other Users Home About Us Stand-Up India Scheme facilitate...,Udyam Certificate,True
69778b6e5dbe0abc98245e72,62c86b8a-93fd-4dfe-a135-1dde863d1805,Stand-Up India,https://www.standupmitra.in/,Tamil Nadu,Idea,Small,Manufacturing,StandupIndia Login Applicaunt Login Applicaant Registration Other Users Home About Us Stand-Up India Scheme facilitate...,Bank Statement,True
69778b6e5dbe0abc98245e73,a86d201c-1560-4357-ae81-1579105b6b98,Stand-Up India,https://www.standupmitra.in/,Tamil Nadu,Idea,Small,Manufacturing,,GST Certificate,True
69778b6e5dbe0abc98245e74,207fc7cf-4596-4bb2-ad41-8fd2c8ecf5f1,Stand-Up India,https://www.standupmitra.in/,Tamil Nadu,Idea,Small,Manufacturing,,Udyam Certificate,True
69778b6e5dbe0abc98245e75,c7ad804c-7ed6-4e2b-90e5-97d749442dfd,Stand-Up India,https://www.standupmitra.in/,Tamil Nadu,Idea,Small,Manufacturing,,Bank Statement,True
69778b6e5dbe0abc98245e76,eb39c020-7633-438b-8cb9-0afc9a3fbdc5,Stand-Up India,https://www.standupmitra.in/,Tamil Nadu,Idea,Small,Manufacturing,"Communities Stand-up India Scheme facilitates bank loan between ₹10 lakhs and ₹1 crore for Applicants to establish a greenfield enterprise. The Borrower Type Loans to SC/ST and Women Entrepreneurs with at least 51% of the shareholding and controlling stake, either an SC/ST or woman entrepreneur. Salient Features:",GST Certificate,True
69778b6e5dbe0abc98245e77,9199f481-fb34-4907-8efc-b0faa2a2bfef,Stand-Up India,https://www.standupmitra.in/,Tamil Nadu,Idea,Small,Manufacturing,"Communities Stand-up India Scheme facilitates bank loan between ₹10 lakhs and ₹1 crore for Applicants to establish a greenfield enterprise. The Borrower Type Loans to SC/ST and Women Entrepreneurs with at least 51% of the shareholding and controlling stake, either an SC/ST or woman entrepreneur. Salient Features:",Udyam Certificate,True
69778b6e5dbe0abc98245e78,44f81787-f9df-45d8-a91a-811bbf18eb0b,Stand-Up India,https://www.standupmitra.in/,Tamil Nadu,Idea,Small,Manufacturing,"Communities Stand-up India Scheme facilitates bank loan between ₹10 lakhs and ₹1 crore for Applicants to establish a greenfield enterprise. The Borrower Type Loans to SC/ST and Women Entrepreneurs with at least 51% of the shareholding and controlling stake, either an SC/ST or woman entrepreneur. Salient Features:",Bank Statement,True
69778b6e5dbe0abc98245e79,b90cbd3b-5ed8-42ce-8354-88d4b935f36a,Stand-Up India,https://www.standupmitra.in/,Tamil Nadu,Idea,Small,Manufacturing,- Loans of between ₹10 lakhs to ₹1 crore for Applicants.,GST Certificate,True
69778b6e5dbe0abc98245e7a,0573d35e-8d6a-49fe-b5c3-c4ada279fc86,Stand-Up India,https://www.standupmitra.in/,Tamil Nadu,Idea,Small,Manufacturing,- Loans of between ₹10 lakhs to ₹1 crore for Applicants.,Udyam Certificate,True
69778b6e5dbe0abc98245e7b,b591f024-3dac-41df-880d-83aa00a0986d,Stand-Up India,https://www.standupmitra.in/,Tamil Nadu,Idea,Small,Manufacturing,- Loans of between ₹10 lakhs to ₹1 crore for Applicants.,Bank Statement,True
69778b6e5dbe0abc98245e7c,66ce78cf-44d6-4117-89d1-ff88154d5fe6,Stand-Up India,https://www.standupmitra.in/,Tamil Nadu,Idea,Small,Manufacturing,- Enterprise loans for setting up a greenfield enterprise.,GST Certificate,True
69778b6e5dbe0abc98245e7d,6fbd2f57-1637-4efa-b5db-9352cc0b97df,Stand-Up India,https://www.standupmitra.in/,Tamil Nadu,Idea,Small,Manufacturing,- Enterprise loans for setting up a greenfield enterprise.,Udyam Certificate,True
69778b6e5dbe0abc98245e7e,4db14b38-e176-4c24-95fa-45d5f865f4cb,Stand-Up India,https://www.standupmitra.in/,Tamil Nadu,Idea,Small,Manufacturing,- Enterprise loans for setting up a greenfield enterprise.,Bank Statement,True
69778b6e5dbe0abc98245e7f,d007e937-5674-4a5e-9d16-b3c1465f3bc7,Stand-Up India,https://www.standupmitra.in/,Tamil Nadu,Idea,Small,Manufacturing,- Loan size is from ₹10 lakhs to ₹1 crore.,GST Certificate,True
69778b6e5dbe0abc98245e80,b04417aa-e834-4885-828c-3b791082f3d9,Stand-Up India,https://www.standupmitra.in/,Tamil Nadu,Idea,Small,Manufacturing,- Loan size is from ₹10 lakhs to ₹1 crore.,Udyam Certificate,True
69778b6e5dbe0abc98245e81,48332945-c2a3-43c7-a32e-816565a1ddef,Stand-Up India,https://www.standupmitra.in/,Tamil Nadu,Idea,Small,Manufacturing,- Loan size is from ₹10 lakhs to ₹1 crore.,Bank Statement,True
69778b6e5dbe0abc98245e82,5ff6e77b-72a7-49ae-949c-6e5eaeda6523,Stand-Up India,https://www.standupmitra.in/,Tamil Nadu,Idea,Small,Manufacturing,- Comprises a composite loan (including Term Loan and Working Capital).,GST Certificate,True
69778b6e5dbe0abc98245e83,1a010afe-f691-4f20-b0d4-08e284052e92,Stand-Up India,https://www.standupmitra.in/,Tamil Nadu,Idea,Small,Manufacturing,- Comprises a composite loan (including Term Loan and Working Capital).,Udyam Certificate,True
69778b6e5dbe0abc98245e84,1a2d7f03-44a7-4050-8c8b-84e5dd8d1c9d,Stand-Up India,https://www.standupmitra.in/,Tamil Nadu,Idea,Small,Manufacturing,- Comprises a composite loan (including Term Loan and Working Capital).,Bank Statement,True
69778b6e5dbe0abc98245e85,fff85c69-b530-4154-a907-e1c9d1a811cf,Stand-Up India,https://www.standupmitra.in/,Tamil Nadu,Idea,Small,Manufacturing,"- Key Elements: Stand-Up India Ecosystem, Promoter Contribution of 15%, Marginal Money security cover under Credit Guarantee Fund Scheme for Stand-Up India Loans (CGFSIL). Impact Stories:",GST Certificate,True
69778b6e5dbe0abc98245e86,d4ee42a8-ebe0-44db-866f-243ed395bb63,Stand-Up India,https://www.standupmitra.in/,Tamil Nadu,Idea,Small,Manufacturing,"- Key Elements: Stand-Up India Ecosystem, Promoter Contribution of 15%, Marginal Money security cover under Credit Guarantee Fund Scheme for Stand-Up India Loans (CGFSIL). Impact Stories:",Udyam Certificate,True
69778b6e5dbe0abc98245e87,f81c333f-1943-42d3-bceb-bb5a3997ec8f,Stand-Up India,https://www.standupmitra.in/,Tamil Nadu,Idea,Small,Manufacturing,"- Key Elements: Stand-Up India Ecosystem, Promoter Contribution of 15%, Marginal Money security cover under Credit Guarantee Fund Scheme for Stand-Up India Loans (CGFSIL). Impact Stories:",Bank Statement,True
69778b6e5dbe0abc98245e88,efcb9535-51dd-4ed8-b34b-e04e1d5b765d,Stand-Up India,https://www.standupmitra.in/,Tamil Nadu,Idea,Small,Manufacturing,"- Prometheus is the beneficiary under STAND UP INDIA loan scheme. She has been given a loan for setting up of an Optometric clinic with vision therapy as she is a low vision therapist. As per the promoteur, she can earn Rs.1 lakhs per month from the Optical Gallery cum Optometric Clinic, which has vision therapy - as a low vision specialist, and has been granted loan sanction by PNB, Anna Nagar Branch, Chennai.",GST Certificate,True
69778b6e5dbe0abc98245e89,58778762-dd17-4572-a5e5-6ffedbf7a314,Stand-Up India,https://www.standupmitra.in/,Tamil Nadu,Idea,Small,Manufacturing,"- Prometheus is the beneficiary under STAND UP INDIA loan scheme. She has been given a loan for setting up of an Optometric clinic with vision therapy as she is a low vision therapist. As per the promoteur, she can earn Rs.1 lakhs per month from the Optical Gallery cum Optometric Clinic, which has vision therapy - as a low vision specialist, and has been granted loan sanction by PNB, Anna Nagar Branch, Chennai.",Udyam Certificate,True
69778b6e5dbe0abc98245e8a,2b513aa1-8881-4242-b878-6c0697036e7a,Stand-Up India,https://www.standupmitra.in/,Tamil Nadu,Idea,Small,Manufacturing,"- Prometheus is the beneficiary under STAND UP INDIA loan scheme. She has been given a loan for setting up of an Optometric clinic with vision therapy as she is a low vision therapist. As per the promoteur, she can earn Rs.1 lakhs per month from the Optical Gallery cum Optometric Clinic, which has vision therapy - as a low vision specialist, and has been granted loan sanction by PNB, Anna Nagar Branch, Chennai.",Bank Statement,True
69778b6e5dbe0abc98245e8b,025b6030-6339-4e9f-81e2-3edd9d0e6fdd,Stand-Up India,https://www.standupmitra.in/,Tamil Nadu,Idea,Small,Manufacturing,"- Gaining experience from her father in law, the promoteur is able to stand alone as an optometrist after gaining experience from him. She has seen the website and learnt about the Anna Nagar branch extending STAND UP INDIA scheme and approached directly. According to the promoteur, she never dreamt of getting loan sanctioned in shortest time, which is why she is very happy and able to earn Rs.1 lakhs per month from the Optical Gallery cum Optometric Clinic, which has vision therapy - as a low v",GST Certificate,True
69778b6e5dbe0abc98245e8c,3ef16454-c38f-4a68-a478-dc64d9fe3a2f,Stand-Up India,https://www.standupmitra.in/,Tamil Nadu,Idea,Small,Manufacturing,"- Gaining experience from her father in law, the promoteur is able to stand alone as an optometrist after gaining experience from him. She has seen the website and learnt about the Anna Nagar branch extending STAND UP INDIA scheme and approached directly. According to the promoteur, she never dreamt of getting loan sanctioned in shortest time, which is why she is very happy and able to earn Rs.1 lakhs per month from the Optical Gallery cum Optometric Clinic, which has vision therapy - as a low v",Udyam Certificate,True
69778b6e5dbe0abc98245e8d,4f84c9ad-af50-44c0-a301-ffcbff76ef01,Stand-Up India,https://www.standupmitra.in/,Tamil Nadu,Idea,Small,Manufacturing,"- Gaining experience from her father in law, the promoteur is able to stand alone as an optometrist after gaining experience from him. She has seen the website and learnt about the Anna Nagar branch extending STAND UP INDIA scheme and approached directly. According to the promoteur, she never dreamt of getting loan sanctioned in shortest time, which is why she is very happy and able to earn Rs.1 lakhs per month from the Optical Gallery cum Optometric Clinic, which has vision therapy - as a low v",Bank Statement,True
69778b6e5dbe0abc98245e8e,93451e07-f3e7-4e52-ae95-d54ad7063ea7,Stand-Up India,https://www.standupmitra.in/,Tamil Nadu,Idea,Small,Manufacturing,,GST Certificate,True
69778b6e5dbe0abc98245e8f,b6c761ef-37ef-41a4-aaa2-a610ace560ca,Stand-Up India,https://www.standupmitra.in/,Tamil Nadu,Idea,Small,Manufacturing,,Udyam Certificate,True
69778b6e5dbe0abc98245e90,f22d9ac4-bc4c-415b-8a2b-bc7930fd3987,Stand-Up India,https://www.standupmitra.in/,Tamil Nadu,Idea,Small,Manufacturing,,Bank Statement,True
69778b6e5dbe0abc98245e91,13c5c929-0182-490d-a1e7-097dbe1725fd,Stand-Up India,https://www.standupmitra.in/,Tamil Nadu,Idea,Small,Manufacturing,,GST Certificate,True
69778b6e5dbe0abc98245e92,baa10955-b4e0-408e-999d-9982d37f0728,Stand-Up India,https://www.standupmitra.in/,Tamil Nadu,Idea,Small,Manufacturing,,Udyam Certificate,True
69778b6e5dbe0abc98245e93,8f9ee04a-7bd0-4b45-a538-bc49fd29c18d,Stand-Up India,https://www.standupmitra.in/,Tamil Nadu,Idea,Small,Manufacturing,,Bank Statement,True
69778b6e5dbe0abc98245e94,9ff02e59-0f83-41fb-a27e-35f7524a0101,Stand-Up India,https://www.standupmitra.in/,Tamil Nadu,Idea,Small,Service,Extract:,GST Certificate,True
69778b6e5dbe0abc98245e95,faa162cc-d5f2-4c75-85c2-ce44a71f7545,Stand-Up India,https://www.standupmitra.in/,Tamil Nadu,Idea,Small,Service,Extract:,Udyam Certificate,True
69778b6e5dbe0abc98245e96,a0e1e3e1-0ecd-4f9b-bc90-fc06371a8ef1,Stand-Up India,https://www.standupmitra.in/,Tamil Nadu,Idea,Small,Service,Extract:,Bank Statement,True
69778b6e5dbe0abc98245e97,317a49a0-9f59-4c88-ba04-76b247e6f4a6,Stand-Up India,https://www.standupmitra.in/,Tamil Nadu,Idea,Small,Service,- Eligibility criteria,GST Certificate,True
69778b6e5dbe0abc98245e98,027e268a-0d60-4056-ba72-75c327c3ad6b,Stand-Up India,https://www.standupmitra.in/,Tamil Nadu,Idea,Small,Service,- Eligibility criteria,Udyam Certificate,True
69778b6e5dbe0abc98245e99,92cc3f33-63c3-467f-b1a0-0d6ae492d788,Stand-Up India,https://www.standupmitra.in/,Tamil Nadu,Idea,Small,Service,- Eligibility criteria,Bank Statement,True
69778b6e5dbe0abc98245e9a,c84b34ae-38d4-4ac1-a860-ca0608aefb3c,Stand-Up India,https://www.standupmitra.in/,Tamil Nadu,Idea,Small,Service,- Required documents,GST Certificate,True
69778b6e5dbe0abc98245e9b,2bad5629-5459-417a-8f24-d5a421a67981,Stand-Up India,https://www.standupmitra.in/,Tamil Nadu,Idea,Small,Service,- Required documents,Udyam Certificate,True
69778b6e5dbe0abc98245e9c,8465f4db-221c-4b3b-8adc-66509307cc6f,Stand-Up India,https://www.standupmitra.in/,Tamil Nadu,Idea,Small,Service,- Required documents,Bank Statement,True
69778b6e5dbe0abc98245e9d,bb1c89a3-a70e-427a-8026-3c05bb85a68a,Stand-Up India,https://www.standupmitra.in/,Tamil Nadu,Idea,Small,Service,Return as bullet points.,GST Certificate,True
69778b6e5dbe0abc98245e9e,b11da3f0-ab7b-4c68-8541-6420b6ce1176,Stand-Up India,https://www.standupmitra.in/,Tamil Nadu,Idea,Small,Service,Return as bullet points.,Udyam Certificate,True
69778b6e5dbe0abc98245e9f,eff766d0-0ade-46a0-88f7-7305780b9581,Stand-Up India,https://www.standupmitra.in/,Tamil Nadu,Idea,Small,Service,Return as bullet points.,Bank Statement,True
69778b6e5dbe0abc98245ea0,d4c2c963-4e65-4ad9-8d61-393abada2414,Stand-Up India,https://www.standupmitra.in/,Tamil Nadu,Idea,Small,Service,,GST Certificate,True
69778b6e5dbe0abc98245ea1,6a6b878c-5005-44f5-99a3-7ff693924167,Stand-Up India,https://www.standupmitra.in/,Tamil Nadu,Idea,Small,Service,,Udyam Certificate,True
69778b6e5dbe0abc98245ea2,3cb24e41-d721-4db3-a57c-510c6783d6a9,Stand-Up India,https://www.standupmitra.in/,Tamil Nadu,Idea,Small,Service,,Bank Statement,True
69778b6e5dbe0abc98245ea3,acac3373-931c-4e77-a346-711200dbddf5,Stand-Up India,https://www.standupmitra.in/,Tamil Nadu,Idea,Small,Service,TEXT:,GST Certificate,True
69778b6e5dbe0abc98245ea4,3a1a2af9-b7ea-41b6-984b-8d9f32664a44,Stand-Up India,https://www.standupmitra.in/,Tamil Nadu,Idea,Small,Service,TEXT:,Udyam Certificate,True
69778b6e5dbe0abc98245ea5,424cfb80-2028-4bec-b348-141e78461539,Stand-Up India,https://www.standupmitra.in/,Tamil Nadu,Idea,Small,Service,TEXT:,Bank Statement,True
69778b6e5dbe0abc98245ea6,0abbfa98-0777-4414-a9cf-d6281e4c4d53,Stand-Up India,https://www.standupmitra.in/,Tamil Nadu,Idea,Small,Service,StandupIndia Login Applicaunt Login Applicaant Registration Other Users Home About Us Stand-Up India Scheme facilitate...,GST Certificate,True
69778b6e5dbe0abc98245ea7,fed26c15-32e3-4aa2-8053-27f9483e0e7c,Stand-Up India,https://www.standupmitra.in/,Tamil Nadu,Idea,Small,Service,StandupIndia Login Applicaunt Login Applicaant Registration Other Users Home About Us Stand-Up India Scheme facilitate...,Udyam Certificate,True
69778b6e5dbe0abc98245ea8,dd3b24ce-1c91-4879-b782-596fd969bd7c,Stand-Up India,https://www.standupmitra.in/,Tamil Nadu,Idea,Small,Service,StandupIndia Login Applicaunt Login Applicaant Registration Other Users Home About Us Stand-Up India Scheme facilitate...,Bank Statement,True
69778b6e5dbe0abc98245ea9,c88c7ce7-bcb8-4cc0-89ba-e219bbf1d115,Stand-Up India,https://www.standupmitra.in/,Tamil Nadu,Idea,Small,Service,,GST Certificate,True
69778b6e5dbe0abc98245eaa,fc54b1bc-0fb4-482b-869b-6df9c2c230da,Stand-Up India,https://www.standupmitra.in/,Tamil Nadu,Idea,Small,Service,,Udyam Certificate,True
69778b6e5dbe0abc98245eab,271deb2d-e640-4cd0-889f-494f414e93a8,Stand-Up India,https://www.standupmitra.in/,Tamil Nadu,Idea,Small,Service,,Bank Statement,True
69778b6e5dbe0abc98245eac,6006d905-bc92-43ab-9f62-db6ee01fa142,Stand-Up India,https://www.standupmitra.in/,Tamil Nadu,Idea,Small,Service,"Communities Stand-up India Scheme facilitates bank loan between ₹10 lakhs and ₹1 crore for Applicants to establish a greenfield enterprise. The Borrower Type Loans to SC/ST and Women Entrepreneurs with at least 51% of the shareholding and controlling stake, either an SC/ST or woman entrepreneur. Salient Features:",GST Certificate,True
69778b6e5dbe0abc98245ead,3eec0e09-cac5-4762-a549-44d2da3f4dc0,Stand-Up India,https://www.standupmitra.in/,Tamil Nadu,Idea,Small,Service,"Communities Stand-up India Scheme facilitates bank loan between ₹10 lakhs and ₹1 crore for Applicants to establish a greenfield enterprise. The Borrower Type Loans to SC/ST and Women Entrepreneurs with at least 51% of the shareholding and controlling stake, either an SC/ST or woman entrepreneur. Salient Features:",Udyam Certificate,True
69778b6e5dbe0abc98245eae,b1c5f84e-965a-423d-89cf-66e47773c6a3,Stand-Up India,https://www.standupmitra.in/,Tamil Nadu,Idea,Small,Service,"Communities Stand-up India Scheme facilitates bank loan between ₹10 lakhs and ₹1 crore for Applicants to establish a greenfield enterprise. The Borrower Type Loans to SC/ST and Women Entrepreneurs with at least 51% of the shareholding and controlling stake, either an SC/ST or woman entrepreneur. Salient Features:",Bank Statement,True
69778b6e5dbe0abc98245eaf,41ebe583-0124-4063-b6d2-7c5d75d4b2c6,Stand-Up India,https://www.standupmitra.in/,Tamil Nadu,Idea,Small,Service,- Loans of between ₹10 lakhs to ₹1 crore for Applicants.,GST Certificate,True
69778b6e5dbe0abc98245eb0,97199f4b-c456-44a4-9d4e-b8ca109fa7bf,Stand-Up India,https://www.standupmitra.in/,Tamil Nadu,Idea,Small,Service,- Loans of between ₹10 lakhs to ₹1 crore for Applicants.,Udyam Certificate,True
69778b6e5dbe0abc98245eb1,7bd4a1e3-6979-455b-a84a-06acf66d536d,Stand-Up India,https://www.standupmitra.in/,Tamil Nadu,Idea,Small,Service,- Loans of between ₹10 lakhs to ₹1 crore for Applicants.,Bank Statement,True
69778b6e5dbe0abc98245eb2,287e19ab-4ee1-453c-9cc0-bcf5133f4a9c,Stand-Up India,https://www.standupmitra.in/,Tamil Nadu,Idea,Small,Service,- Enterprise loans for setting up a greenfield enterprise.,GST Certificate,True
69778b6e5dbe0abc98245eb3,d2ed63c9-40ee-42d5-8d07-701c2bae30f0,Stand-Up India,https://www.standupmitra.in/,Tamil Nadu,Idea,Small,Service,- Enterprise loans for setting up a greenfield enterprise.,Udyam Certificate,True
69778b6e5dbe0abc98245eb4,5920790d-cd21-4413-ac86-d0d53063c1ca,Stand-Up India,https://www.standupmitra.in/,Tamil Nadu,Idea,Small,Service,- Enterprise loans for setting up a greenfield enterprise.,Bank Statement,True
69778b6e5dbe0abc98245eb5,c18afdda-7ce6-49b9-b52f-8941220712b8,Stand-Up India,https://www.standupmitra.in/,Tamil Nadu,Idea,Small,Service,- Loan size is from ₹10 lakhs to ₹1 crore.,GST Certificate,True
69778b6e5dbe0abc98245eb6,800985c6-e517-4a6a-92ed-7162c066cae2,Stand-Up India,https://www.standupmitra.in/,Tamil Nadu,Idea,Small,Service,- Loan size is from ₹10 lakhs to ₹1 crore.,Udyam Certificate,True
69778b6e5dbe0abc98245eb7,1a0c4cc7-eeed-4edc-ba6f-31862e937627,Stand-Up India,https://www.standupmitra.in/,Tamil Nadu,Idea,Small,Service,- Loan size is from ₹10 lakhs to ₹1 crore.,Bank Statement,True
69778b6e5dbe0abc98245eb8,45667238-a3a2-425d-9f79-9fe7c8c313b6,Stand-Up India,https://www.standupmitra.in/,Tamil Nadu,Idea,Small,Service,- Comprises a composite loan (including Term Loan and Working Capital).,GST Certificate,True
69778b6e5dbe0abc98245eb9,ddd9e2fa-ab2b-4d5d-89a6-44d2bf5751e5,Stand-Up India,https://www.standupmitra.in/,Tamil Nadu,Idea,Small,Service,- Comprises a composite loan (including Term Loan and Working Capital).,Udyam Certificate,True
69778b6e5dbe0abc98245eba,62058b4e-0174-4420-a3b6-70d062edcb3c,Stand-Up India,https://www.standupmitra.in/,Tamil Nadu,Idea,Small,Service,- Comprises a composite loan (including Term Loan and Working Capital).,Bank Statement,True
69778b6e5dbe0abc98245ebb,3943026c-fb74-4070-96a5-a624b485f90b,Stand-Up India,https://www.standupmitra.in/,Tamil Nadu,Idea,Small,Service,"- Key Elements: Stand-Up India Ecosystem, Promoter Contribution of 15%, Marginal Money security cover under Credit Guarantee Fund Scheme for Stand-Up India Loans (CGFSIL). Impact Stories:",GST Certificate,True
69778b6e5dbe0abc98245ebc,fc8878de-a193-493b-9c09-92a5bf372e64,Stand-Up India,https://www.standupmitra.in/,Tamil Nadu,Idea,Small,Service,"- Key Elements: Stand-Up India Ecosystem, Promoter Contribution of 15%, Marginal Money security cover under Credit Guarantee Fund Scheme for Stand-Up India Loans (CGFSIL). Impact Stories:",Udyam Certificate,True
69778b6e5dbe0abc98245ebd,cdcb2c01-d68d-49e6-88a3-332b86f36211,Stand-Up India,https://www.standupmitra.in/,Tamil Nadu,Idea,Small,Service,"- Key Elements: Stand-Up India Ecosystem, Promoter Contribution of 15%, Marginal Money security cover under Credit Guarantee Fund Scheme for Stand-Up India Loans (CGFSIL). Impact Stories:",Bank Statement,True
69778b6e5dbe0abc98245ebe,4d4c835c-5805-479d-bb1e-f7f5a9e34af4,Stand-Up India,https://www.standupmitra.in/,Tamil Nadu,Idea,Small,Service,"- Prometheus is the beneficiary under STAND UP INDIA loan scheme. She has been given a loan for setting up of an Optometric clinic with vision therapy as she is a low vision therapist. As per the promoteur, she can earn Rs.1 lakhs per month from the Optical Gallery cum Optometric Clinic, which has vision therapy - as a low vision specialist, and has been granted loan sanction by PNB, Anna Nagar Branch, Chennai.",GST Certificate,True
69778b6e5dbe0abc98245ebf,20f77154-0dd1-438b-8e64-77a1310c3c8e,Stand-Up India,https://www.standupmitra.in/,Tamil Nadu,Idea,Small,Service,"- Prometheus is the beneficiary under STAND UP INDIA loan scheme. She has been given a loan for setting up of an Optometric clinic with vision therapy as she is a low vision therapist. As per the promoteur, she can earn Rs.1 lakhs per month from the Optical Gallery cum Optometric Clinic, which has vision therapy - as a low vision specialist, and has been granted loan sanction by PNB, Anna Nagar Branch, Chennai.",Udyam Certificate,True
69778b6e5dbe0abc98245ec0,07a3ef12-ed13-4d21-b614-940cd86aa456,Stand-Up India,https://www.standupmitra.in/,Tamil Nadu,Idea,Small,Service,"- Prometheus is the beneficiary under STAND UP INDIA loan scheme. She has been given a loan for setting up of an Optometric clinic with vision therapy as she is a low vision therapist. As per the promoteur, she can earn Rs.1 lakhs per month from the Optical Gallery cum Optometric Clinic, which has vision therapy - as a low vision specialist, and has been granted loan sanction by PNB, Anna Nagar Branch, Chennai.",Bank Statement,True
69778b6e5dbe0abc98245ec1,a291b062-f02c-4987-8fbd-daef299172c4,Stand-Up India,https://www.standupmitra.in/,Tamil Nadu,Idea,Small,Service,"- Gaining experience from her father in law, the promoteur is able to stand alone as an optometrist after gaining experience from him. She has seen the website and learnt about the Anna Nagar branch extending STAND UP INDIA scheme and approached directly. According to the promoteur, she never dreamt of getting loan sanctioned in shortest time, which is why she is very happy and able to earn Rs.1 lakhs per month from the Optical Gallery cum Optometric Clinic, which has vision therapy - as a low v",GST Certificate,True
69778b6e5dbe0abc98245ec2,bc6b9a42-eda5-4630-a79d-37928b546002,Stand-Up India,https://www.standupmitra.in/,Tamil Nadu,Idea,Small,Service,"- Gaining experience from her father in law, the promoteur is able to stand alone as an optometrist after gaining experience from him. She has seen the website and learnt about the Anna Nagar branch extending STAND UP INDIA scheme and approached directly. According to the promoteur, she never dreamt of getting loan sanctioned in shortest time, which is why she is very happy and able to earn Rs.1 lakhs per month from the Optical Gallery cum Optometric Clinic, which has vision therapy - as a low v",Udyam Certificate,True
69778b6e5dbe0abc98245ec3,3d612c7a-7cd8-4a3a-9899-569ec9cb94fe,Stand-Up India,https://www.standupmitra.in/,Tamil Nadu,Idea,Small,Service,"- Gaining experience from her father in law, the promoteur is able to stand alone as an optometrist after gaining experience from him. She has seen the website and learnt about the Anna Nagar branch extending STAND UP INDIA scheme and approached directly. According to the promoteur, she never dreamt of getting loan sanctioned in shortest time, which is why she is very happy and able to earn Rs.1 lakhs per month from the Optical Gallery cum Optometric Clinic, which has vision therapy - as a low v",Bank Statement,True
69778b6e5dbe0abc98245ec4,d8d53ce5-3957-4d64-91d6-cfa76d46951a,Stand-Up India,https://www.standupmitra.in/,Tamil Nadu,Idea,Small,Service,,GST Certificate,True
69778b6e5dbe0abc98245ec5,bb2f8f3d-bcca-47bf-8933-0bebbd4e2dbe,Stand-Up India,https://www.standupmitra.in/,Tamil Nadu,Idea,Small,Service,,Udyam Certificate,True
69778b6e5dbe0abc98245ec6,a342e90e-75d3-4535-8358-d1f7d4a36f53,Stand-Up India,https://www.standupmitra.in/,Tamil Nadu,Idea,Small,Service,,Bank Statement,True
69778b6e5dbe0abc98245ec7,a6a39b49-c6ab-4fb8-8d56-fe95612e35d7,Stand-Up India,https://www.standupmitra.in/,Tamil Nadu,Idea,Small,Service,,GST Certificate,True
69778b6e5dbe0abc98245ec8,9337661a-3cda-4ea9-944d-ac9d4c42db07,Stand-Up India,https://www.standupmitra.in/,Tamil Nadu,Idea,Small,Service,,Udyam Certificate,True
69778b6e5dbe0abc98245ec9,9bf1f40b-9371-4d4c-988c-968815515d2e,Stand-Up India,https://www.standupmitra.in/,Tamil Nadu,Idea,Small,Service,,Bank Statement,True
69778b6e5dbe0abc98245eca,6af1b838-50da-4643-b71b-05abf11ef6a1,Stand-Up India,https://www.standupmitra.in/,Tamil Nadu,Idea,Small,Tech,Extract:,GST Certificate,True
69778b6e5dbe0abc98245ecb,9f92e41d-fba1-4d2e-9c3d-edce17767bf6,Stand-Up India,https://www.standupmitra.in/,Tamil Nadu,Idea,Small,Tech,Extract:,Udyam Certificate,True
69778b6e5dbe0abc98245ecc,0c280b36-e0ee-4523-8f9d-d71cf4ee3e05,Stand-Up India,https://www.standupmitra.in/,Tamil Nadu,Idea,Small,Tech,Extract:,Bank Statement,True
69778b6e5dbe0abc98245ecd,0a4b72cc-05bf-4d13-98fc-194539aef756,Stand-Up India,https://www.standupmitra.in/,Tamil Nadu,Idea,Small,Tech,- Eligibility criteria,GST Certificate,True
69778b6e5dbe0abc98245ece,7d68838c-e392-4eca-a844-ca6c91287566,Stand-Up India,https://www.standupmitra.in/,Tamil Nadu,Idea,Small,Tech,- Eligibility criteria,Udyam Certificate,True
69778b6e5dbe0abc98245ecf,15661526-8831-4480-b6b7-932a7d5d23bb,Stand-Up India,https://www.standupmitra.in/,Tamil Nadu,Idea,Small,Tech,- Eligibility criteria,Bank Statement,True
69778b6e5dbe0abc98245ed0,28fa5262-4b1e-44ee-81c2-a443a021e84a,Stand-Up India,https://www.standupmitra.in/,Tamil Nadu,Idea,Small,Tech,- Required documents,GST Certificate,True
69778b6e5dbe0abc98245ed1,d6953151-8d51-4089-96f3-9cc1760dbe00,Stand-Up India,https://www.standupmitra.in/,Tamil Nadu,Idea,Small,Tech,- Required documents,Udyam Certificate,True
69778b6e5dbe0abc98245ed2,2388ee4a-a1ac-40be-88e1-85531d577b22,Stand-Up India,https://www.standupmitra.in/,Tamil Nadu,Idea,Small,Tech,- Required documents,Bank Statement,True
69778b6e5dbe0abc98245ed3,9d2093a2-696b-4544-8bb4-e82b7d4f9785,Stand-Up India,https://www.standupmitra.in/,Tamil Nadu,Idea,Small,Tech,Return as bullet points.,GST Certificate,True
69778b6e5dbe0abc98245ed4,deecbd51-ca17-479d-8a50-c98c5521ecc4,Stand-Up India,https://www.standupmitra.in/,Tamil Nadu,Idea,Small,Tech,Return as bullet points.,Udyam Certificate,True
69778b6e5dbe0abc98245ed5,1b9be4bf-fa48-4b11-9f9d-3734020e7ca6,Stand-Up India,https://www.standupmitra.in/,Tamil Nadu,Idea,Small,Tech,Return as bullet points.,Bank Statement,True
69778b6e5dbe0abc98245ed6,26f2e96b-1dca-4422-86ac-d45dc4102bea,Stand-Up India,https://www.standupmitra.in/,Tamil Nadu,Idea,Small,Tech,,GST Certificate,True
69778b6e5dbe0abc98245ed7,c74c24a4-f9f3-45fa-b646-493107bbf42b,Stand-Up India,https://www.standupmitra.in/,Tamil Nadu,Idea,Small,Tech,,Udyam Certificate,True
69778b6e5dbe0abc98245ed8,556dd595-a7f7-40cf-934b-b72c14fb6aeb,Stand-Up India,https://www.standupmitra.in/,Tamil Nadu,Idea,Small,Tech,,Bank Statement,True
69778b6e5dbe0abc98245ed9,79281a50-1dd9-41ce-b921-ecde7ccba4ef,Stand-Up India,https://www.standupmitra.in/,Tamil Nadu,Idea,Small,Tech,TEXT:,GST Certificate,True
69778b6e5dbe0abc98245eda,3843b941-2396-4998-8d08-6fdf80298425,Stand-Up India,https://www.standupmitra.in/,Tamil Nadu,Idea,Small,Tech,TEXT:,Udyam Certificate,True
69778b6e5dbe0abc98245edb,b0d52aa6-19c3-4764-a6e5-d1dcac1b85a5,Stand-Up India,https://www.standupmitra.in/,Tamil Nadu,Idea,Small,Tech,TEXT:,Bank Statement,True
69778b6e5dbe0abc98245edc,196f45f5-2cc3-434f-ae73-ca5ff0977b3a,Stand-Up India,https://www.standupmitra.in/,Tamil Nadu,Idea,Small,Tech,StandupIndia Login Applicaunt Login Applicaant Registration Other Users Home About Us Stand-Up India Scheme facilitate...,GST Certificate,True
69778b6e5dbe0abc98245edd,ca118cb5-6fde-4c3b-8d17-6f4c52359628,Stand-Up India,https://www.standupmitra.in/,Tamil Nadu,Idea,Small,Tech,StandupIndia Login Applicaunt Login Applicaant Registration Other Users Home About Us Stand-Up India Scheme facilitate...,Udyam Certificate,True
69778b6e5dbe0abc98245ede,57cea396-afb0-4bd1-aaa6-527a5382ea75,Stand-Up India,https://www.standupmitra.in/,Tamil Nadu,Idea,Small,Tech,StandupIndia Login Applicaunt Login Applicaant Registration Other Users Home About Us Stand-Up India Scheme facilitate...,Bank Statement,True
69778b6e5dbe0abc98245edf,694f68c0-3dac-4c37-884c-7c4bffc1ebc8,Stand-Up India,https://www.standupmitra.in/,Tamil Nadu,Idea,Small,Tech,,GST Certificate,True
69778b6e5dbe0abc98245ee0,3fe60519-66f0-42f1-beec-a65e778aacae,Stand-Up India,https://www.standupmitra.in/,Tamil Nadu,Idea,Small,Tech,,Udyam Certificate,True
69778b6e5dbe0abc98245ee1,a0730cf9-8117-4127-be6c-830ba72d85bb,Stand-Up India,https://www.standupmitra.in/,Tamil Nadu,Idea,Small,Tech,,Bank Statement,True
69778b6e5dbe0abc98245ee2,906a3f8d-b020-42f6-a02b-d25ebdd4a1e5,Stand-Up India,https://www.standupmitra.in/,Tamil Nadu,Idea,Small,Tech,"Communities Stand-up India Scheme facilitates bank loan between ₹10 lakhs and ₹1 crore for Applicants to establish a greenfield enterprise. The Borrower Type Loans to SC/ST and Women Entrepreneurs with at least 51% of the shareholding and controlling stake, either an SC/ST or woman entrepreneur. Salient Features:",GST Certificate,True
69778b6e5dbe0abc98245ee3,8666d2ee-ff16-47c7-9726-c33f3bacd5c1,Stand-Up India,https://www.standupmitra.in/,Tamil Nadu,Idea,Small,Tech,"Communities Stand-up India Scheme facilitates bank loan between ₹10 lakhs and ₹1 crore for Applicants to establish a greenfield enterprise. The Borrower Type Loans to SC/ST and Women Entrepreneurs with at least 51% of the shareholding and controlling stake, either an SC/ST or woman entrepreneur. Salient Features:",Udyam Certificate,True
69778b6e5dbe0abc98245ee4,fe5d3b44-8cf3-4816-a3b0-a94adfbbc56a,Stand-Up India,https://www.standupmitra.in/,Tamil Nadu,Idea,Small,Tech,"Communities Stand-up India Scheme facilitates bank loan between ₹10 lakhs and ₹1 crore for Applicants to establish a greenfield enterprise. The Borrower Type Loans to SC/ST and Women Entrepreneurs with at least 51% of the shareholding and controlling stake, either an SC/ST or woman entrepreneur. Salient Features:",Bank Statement,True
69778b6e5dbe0abc98245ee5,f7abe954-5862-4ea5-a2c1-32caccd80f18,Stand-Up India,https://www.standupmitra.in/,Tamil Nadu,Idea,Small,Tech,- Loans of between ₹10 lakhs to ₹1 crore for Applicants.,GST Certificate,True
69778b6e5dbe0abc98245ee6,eacd82b0-0e38-4899-b6e7-26015f0a9683,Stand-Up India,https://www.standupmitra.in/,Tamil Nadu,Idea,Small,Tech,- Loans of between ₹10 lakhs to ₹1 crore for Applicants.,Udyam Certificate,True
69778b6e5dbe0abc98245ee7,55536c63-93e1-492d-882d-c137dd5ced00,Stand-Up India,https://www.standupmitra.in/,Tamil Nadu,Idea,Small,Tech,- Loans of between ₹10 lakhs to ₹1 crore for Applicants.,Bank Statement,True
69778b6e5dbe0abc98245ee8,557f5973-fa61-4a36-9839-39ff9a422aef,Stand-Up India,https://www.standupmitra.in/,Tamil Nadu,Idea,Small,Tech,- Enterprise loans for setting up a greenfield enterprise.,GST Certificate,True
69778b6e5dbe0abc98245ee9,5f1ee9f4-7729-4332-aa6d-8a51460253e0,Stand-Up India,https://www.standupmitra.in/,Tamil Nadu,Idea,Small,Tech,- Enterprise loans for setting up a greenfield enterprise.,Udyam Certificate,True
69778b6e5dbe0abc98245eea,ab4a164d-c473-40e8-80e4-8e206b2c6f0e,Stand-Up India,https://www.standupmitra.in/,Tamil Nadu,Idea,Small,Tech,- Enterprise loans for setting up a greenfield enterprise.,Bank Statement,True
69778b6e5dbe0abc98245eeb,f93ba46e-0c0b-475d-a801-f5084c627a30,Stand-Up India,https://www.standupmitra.in/,Tamil Nadu,Idea,Small,Tech,- Loan size is from ₹10 lakhs to ₹1 crore.,GST Certificate,True
69778b6e5dbe0abc98245eec,c82b9a2d-bdcb-4469-af94-fb0b4215390a,Stand-Up India,https://www.standupmitra.in/,Tamil Nadu,Idea,Small,Tech,- Loan size is from ₹10 lakhs to ₹1 crore.,Udyam Certificate,True
69778b6e5dbe0abc98245eed,f92dd00d-edf4-4556-872a-1e5a0935be95,Stand-Up India,https://www.standupmitra.in/,Tamil Nadu,Idea,Small,Tech,- Loan size is from ₹10 lakhs to ₹1 crore.,Bank Statement,True
69778b6e5dbe0abc98245eee,06d5c274-88a2-4a88-a0bf-295e7f4ba2ac,Stand-Up India,https://www.standupmitra.in/,Tamil Nadu,Idea,Small,Tech,- Comprises a composite loan (including Term Loan and Working Capital).,GST Certificate,True
69778b6e5dbe0abc98245eef,dff51e2a-3023-4b2a-8841-bee246689601,Stand-Up India,https://www.standupmitra.in/,Tamil Nadu,Idea,Small,Tech,- Comprises a composite loan (including Term Loan and Working Capital).,Udyam Certificate,True
69778b6e5dbe0abc98245ef0,62ce1904-2e4b-40bb-8fcd-67b7cdcaa75f,Stand-Up India,https://www.standupmitra.in/,Tamil Nadu,Idea,Small,Tech,- Comprises a composite loan (including Term Loan and Working Capital).,Bank Statement,True
69778b6e5dbe0abc98245ef1,8c07a995-d0ca-43a0-a37b-36077749cd2c,Stand-Up India,https://www.standupmitra.in/,Tamil Nadu,Idea,Small,Tech,"- Key Elements: Stand-Up India Ecosystem, Promoter Contribution of 15%, Marginal Money security cover under Credit Guarantee Fund Scheme for Stand-Up India Loans (CGFSIL). Impact Stories:",GST Certificate,True
69778b6e5dbe0abc98245ef2,0ce3ea5f-619b-4cc6-a932-a526aee9e144,Stand-Up India,https://www.standupmitra.in/,Tamil Nadu,Idea,Small,Tech,"- Key Elements: Stand-Up India Ecosystem, Promoter Contribution of 15%, Marginal Money security cover under Credit Guarantee Fund Scheme for Stand-Up India Loans (CGFSIL). Impact Stories:",Udyam Certificate,True
69778b6e5dbe0abc98245ef3,8b6852d2-4688-4787-b0e6-8c7c1d27d41b,Stand-Up India,https://www.standupmitra.in/,Tamil Nadu,Idea,Small,Tech,"- Key Elements: Stand-Up India Ecosystem, Promoter Contribution of 15%, Marginal Money security cover under Credit Guarantee Fund Scheme for Stand-Up India Loans (CGFSIL). Impact Stories:",Bank Statement,True
69778b6e5dbe0abc98245ef4,40272fa2-06c0-435e-a501-079b9048a446,Stand-Up India,https://www.standupmitra.in/,Tamil Nadu,Idea,Small,Tech,"- Prometheus is the beneficiary under STAND UP INDIA loan scheme. She has been given a loan for setting up of an Optometric clinic with vision therapy as she is a low vision therapist. As per the promoteur, she can earn Rs.1 lakhs per month from the Optical Gallery cum Optometric Clinic, which has vision therapy - as a low vision specialist, and has been granted loan sanction by PNB, Anna Nagar Branch, Chennai.",GST Certificate,True
69778b6e5dbe0abc98245ef5,a1300d94-80ff-43a2-a7c3-11d426d6c7b3,Stand-Up India,https://www.standupmitra.in/,Tamil Nadu,Idea,Small,Tech,"- Prometheus is the beneficiary under STAND UP INDIA loan scheme. She has been given a loan for setting up of an Optometric clinic with vision therapy as she is a low vision therapist. As per the promoteur, she can earn Rs.1 lakhs per month from the Optical Gallery cum Optometric Clinic, which has vision therapy - as a low vision specialist, and has been granted loan sanction by PNB, Anna Nagar Branch, Chennai.",Udyam Certificate,True
69778b6e5dbe0abc98245ef6,2270a58f-ca3f-4d36-9889-d30e8df4599b,Stand-Up India,https://www.standupmitra.in/,Tamil Nadu,Idea,Small,Tech,"- Prometheus is the beneficiary under STAND UP INDIA loan scheme. She has been given a loan for setting up of an Optometric clinic with vision therapy as she is a low vision therapist. As per the promoteur, she can earn Rs.1 lakhs per month from the Optical Gallery cum Optometric Clinic, which has vision therapy - as a low vision specialist, and has been granted loan sanction by PNB, Anna Nagar Branch, Chennai.",Bank Statement,True
69778b6e5dbe0abc98245ef7,b8d33b54-63fc-4a58-a23b-96a5d67276d9,Stand-Up India,https://www.standupmitra.in/,Tamil Nadu,Idea,Small,Tech,"- Gaining experience from her father in law, the promoteur is able to stand alone as an optometrist after gaining experience from him. She has seen the website and learnt about the Anna Nagar branch extending STAND UP INDIA scheme and approached directly. According to the promoteur, she never dreamt of getting loan sanctioned in shortest time, which is why she is very happy and able to earn Rs.1 lakhs per month from the Optical Gallery cum Optometric Clinic, which has vision therapy - as a low v",GST Certificate,True
69778b6e5dbe0abc98245ef8,13d18605-1dcd-451d-819c-df3f27e6fdcb,Stand-Up India,https://www.standupmitra.in/,Tamil Nadu,Idea,Small,Tech,"- Gaining experience from her father in law, the promoteur is able to stand alone as an optometrist after gaining experience from him. She has seen the website and learnt about the Anna Nagar branch extending STAND UP INDIA scheme and approached directly. According to the promoteur, she never dreamt of getting loan sanctioned in shortest time, which is why she is very happy and able to earn Rs.1 lakhs per month from the Optical Gallery cum Optometric Clinic, which has vision therapy - as a low v",Udyam Certificate,True
69778b6e5dbe0abc98245ef9,32c79e9d-07f7-4fe9-801a-e3ccd6a85aa9,Stand-Up India,https://www.standupmitra.in/,Tamil Nadu,Idea,Small,Tech,"- Gaining experience from her father in law, the promoteur is able to stand alone as an optometrist after gaining experience from him. She has seen the website and learnt about the Anna Nagar branch extending STAND UP INDIA scheme and approached directly. According to the promoteur, she never dreamt of getting loan sanctioned in shortest time, which is why she is very happy and able to earn Rs.1 lakhs per month from the Optical Gallery cum Optometric Clinic, which has vision therapy - as a low v",Bank Statement,True
69778b6e5dbe0abc98245efa,616b933b-6c31-4ad1-a701-490d56e7e288,Stand-Up India,https://www.standupmitra.in/,Tamil Nadu,Idea,Small,Tech,,GST Certificate,True
69778b6e5dbe0abc98245efb,fdb88be3-0e34-435e-871a-60c3595968a9,Stand-Up India,https://www.standupmitra.in/,Tamil Nadu,Idea,Small,Tech,,Udyam Certificate,True
69778b6e5dbe0abc98245efc,f855ce3a-e719-43a2-84e9-7b7d267f21ef,Stand-Up India,https://www.standupmitra.in/,Tamil Nadu,Idea,Small,Tech,,Bank Statement,True
69778b6e5dbe0abc98245efd,3fdf6d38-ef04-40dc-b590-4c7e9156c578,Stand-Up India,https://www.standupmitra.in/,Tamil Nadu,Idea,Small,Tech,,GST Certificate,True
69778b6e5dbe0abc98245efe,3df5d6f9-b77f-42fe-9aa0-a5e8c6163cd5,Stand-Up India,https://www.standupmitra.in/,Tamil Nadu,Idea,Small,Tech,,Udyam Certificate,True
69778b6e5dbe0abc98245eff,f95378be-a8d2-4a74-90f0-c67d28b93737,Stand-Up India,https://www.standupmitra.in/,Tamil Nadu,Idea,Small,Tech,,Bank Statement,True
69778b6e5dbe0abc98245f00,84613e15-f1b3-48cb-a4c8-d8147150ae75,Stand-Up India,https://www.standupmitra.in/,Tamil Nadu,Idea,Small,Agri,Extract:,GST Certificate,True
69778b6e5dbe0abc98245f01,ef5d4a97-edc7-4e8d-877a-09a78ec443b7,Stand-Up India,https://www.standupmitra.in/,Tamil Nadu,Idea,Small,Agri,Extract:,Udyam Certificate,True
69778b6e5dbe0abc98245f02,6ed3fc25-1257-4fa3-b18d-a01dcb1adaa6,Stand-Up India,https://www.standupmitra.in/,Tamil Nadu,Idea,Small,Agri,Extract:,Bank Statement,True
69778b6e5dbe0abc98245f03,c265531e-245c-46c5-b64a-57fb7a6cd515,Stand-Up India,https://www.standupmitra.in/,Tamil Nadu,Idea,Small,Agri,- Eligibility criteria,GST Certificate,True
69778b6e5dbe0abc98245f04,4403241f-4dc1-468b-a55b-3ff440698c65,Stand-Up India,https://www.standupmitra.in/,Tamil Nadu,Idea,Small,Agri,- Eligibility criteria,Udyam Certificate,True
69778b6e5dbe0abc98245f05,d464617c-4de3-4ebd-9beb-1a90b66e5b9a,Stand-Up India,https://www.standupmitra.in/,Tamil Nadu,Idea,Small,Agri,- Eligibility criteria,Bank Statement,True
69778b6e5dbe0abc98245f06,8595a129-943d-4e33-9767-f89e914ec8f9,Stand-Up India,https://www.standupmitra.in/,Tamil Nadu,Idea,Small,Agri,- Required documents,GST Certificate,True
69778b6e5dbe0abc98245f07,0e1f9107-df23-491f-97a9-a5eb32e0beaf,Stand-Up India,https://www.standupmitra.in/,Tamil Nadu,Idea,Small,Agri,- Required documents,Udyam Certificate,True
69778b6e5dbe0abc98245f08,c82fe37b-3fc2-4cc9-b997-051029e4f4c1,Stand-Up India,https://www.standupmitra.in/,Tamil Nadu,Idea,Small,Agri,- Required documents,Bank Statement,True
69778b6e5dbe0abc98245f09,9820a5b6-93c3-4575-98c3-2f427893af1b,Stand-Up India,https://www.standupmitra.in/,Tamil Nadu,Idea,Small,Agri,Return as bullet points.,GST Certificate,True
69778b6e5dbe0abc98245f0a,271d9c39-55fc-4bf8-9417-5d743720ca65,Stand-Up India,https://www.standupmitra.in/,Tamil Nadu,Idea,Small,Agri,Return as bullet points.,Udyam Certificate,True
69778b6e5dbe0abc98245f0b,53e980f1-c358-4cfa-b57a-65621a403fc4,Stand-Up India,https://www.standupmitra.in/,Tamil Nadu,Idea,Small,Agri,Return as bullet points.,Bank Statement,True
69778b6e5dbe0abc98245f0c,6d70c7b2-fb06-4e51-a016-eb1fbb4e0236,Stand-Up India,https://www.standupmitra.in/,Tamil Nadu,Idea,Small,Agri,,GST Certificate,True
69778b6e5dbe0abc98245f0d,bff839cf-aad7-4c95-a2ba-2b8d45b8cceb,Stand-Up India,https://www.standupmitra.in/,Tamil Nadu,Idea,Small,Agri,,Udyam Certificate,True
69778b6e5dbe0abc98245f0e,bb583a11-db48-4dfa-9a61-aaebd1590c49,Stand-Up India,https://www.standupmitra.in/,Tamil Nadu,Idea,Small,Agri,,Bank Statement,True
69778b6e5dbe0abc98245f0f,64b9ef36-6c43-4957-b91d-2783191143b9,Stand-Up India,https://www.standupmitra.in/,Tamil Nadu,Idea,Small,Agri,TEXT:,GST Certificate,True
69778b6e5dbe0abc98245f10,97a4f574-5f4e-42ae-b833-9b31b6eccc8f,Stand-Up India,https://www.standupmitra.in/,Tamil Nadu,Idea,Small,Agri,TEXT:,Udyam Certificate,True
69778b6e5dbe0abc98245f11,c0b10e3a-e960-4053-a347-60083553f9a5,Stand-Up India,https://www.standupmitra.in/,Tamil Nadu,Idea,Small,Agri,TEXT:,Bank Statement,True
69778b6e5dbe0abc98245f12,222ac97a-fd56-4608-befd-d469f9601f73,Stand-Up India,https://www.standupmitra.in/,Tamil Nadu,Idea,Small,Agri,StandupIndia Login Applicaunt Login Applicaant Registration Other Users Home About Us Stand-Up India Scheme facilitate...,GST Certificate,True
69778b6e5dbe0abc98245f13,34394700-1266-431b-843e-dc152794b54c,Stand-Up India,https://www.standupmitra.in/,Tamil Nadu,Idea,Small,Agri,StandupIndia Login Applicaunt Login Applicaant Registration Other Users Home About Us Stand-Up India Scheme facilitate...,Udyam Certificate,True
69778b6e5dbe0abc98245f14,1b74710f-17c2-4fae-9396-51b77cba2fc9,Stand-Up India,https://www.standupmitra.in/,Tamil Nadu,Idea,Small,Agri,StandupIndia Login Applicaunt Login Applicaant Registration Other Users Home About Us Stand-Up India Scheme facilitate...,Bank Statement,True
69778b6e5dbe0abc98245f15,ee076ea4-3a03-48bf-a831-e58b23417402,Stand-Up India,https://www.standupmitra.in/,Tamil Nadu,Idea,Small,Agri,,GST Certificate,True
69778b6e5dbe0abc98245f16,a2b8ea66-6fa8-44e8-b3cb-080e2f3cd7c8,Stand-Up India,https://www.standupmitra.in/,Tamil Nadu,Idea,Small,Agri,,Udyam Certificate,True
69778b6e5dbe0abc98245f17,0373d817-f694-4903-9a3b-53daa9408579,Stand-Up India,https://www.standupmitra.in/,Tamil Nadu,Idea,Small,Agri,,Bank Statement,True
69778b6e5dbe0abc98245f18,0c1e5f8c-f5f4-4d75-ba9b-7db3015f17d8,Stand-Up India,https://www.standupmitra.in/,Tamil Nadu,Idea,Small,Agri,"Communities Stand-up India Scheme facilitates bank loan between ₹10 lakhs and ₹1 crore for Applicants to establish a greenfield enterprise. The Borrower Type Loans to SC/ST and Women Entrepreneurs with at least 51% of the shareholding and controlling stake, either an SC/ST or woman entrepreneur. Salient Features:",GST Certificate,True
69778b6e5dbe0abc98245f19,e2dcaf22-2291-4a07-a854-f2524293632d,Stand-Up India,https://www.standupmitra.in/,Tamil Nadu,Idea,Small,Agri,"Communities Stand-up India Scheme facilitates bank loan between ₹10 lakhs and ₹1 crore for Applicants to establish a greenfield enterprise. The Borrower Type Loans to SC/ST and Women Entrepreneurs with at least 51% of the shareholding and controlling stake, either an SC/ST or woman entrepreneur. Salient Features:",Udyam Certificate,True
69778b6e5dbe0abc98245f1a,04858744-d8ff-4e5e-89cd-cd3e63ebfc0b,Stand-Up India,https://www.standupmitra.in/,Tamil Nadu,Idea,Small,Agri,"Communities Stand-up India Scheme facilitates bank loan between ₹10 lakhs and ₹1 crore for Applicants to establish a greenfield enterprise. The Borrower Type Loans to SC/ST and Women Entrepreneurs with at least 51% of the shareholding and controlling stake, either an SC/ST or woman entrepreneur. Salient Features:",Bank Statement,True
69778b6e5dbe0abc98245f1b,9a3a5906-41df-4aac-b77d-3cc38c906d70,Stand-Up India,https://www.standupmitra.in/,Tamil Nadu,Idea,Small,Agri,- Loans of between ₹10 lakhs to ₹1 crore for Applicants.,GST Certificate,True
69778b6e5dbe0abc98245f1c,a7f271b2-d9f2-43e8-9594-2c6c2552fc87,Stand-Up India,https://www.standupmitra.in/,Tamil Nadu,Idea,Small,Agri,- Loans of between ₹10 lakhs to ₹1 crore for Applicants.,Udyam Certificate,True
69778b6e5dbe0abc98245f1d,3d2f2b46-b086-4b28-82d0-7cb472d18a72,Stand-Up India,https://www.standupmitra.in/,Tamil Nadu,Idea,Small,Agri,- Loans of between ₹10 lakhs to ₹1 crore for Applicants.,Bank Statement,True
69778b6e5dbe0abc98245f1e,973dbe37-f609-4e4a-9b64-b930f862a51a,Stand-Up India,https://www.standupmitra.in/,Tamil Nadu,Idea,Small,Agri,- Enterprise loans for setting up a greenfield enterprise.,GST Certificate,True
69778b6e5dbe0abc98245f1f,1bbdd27c-b586-427a-9c0c-e8c7d8a958c0,Stand-Up India,https://www.standupmitra.in/,Tamil Nadu,Idea,Small,Agri,- Enterprise loans for setting up a greenfield enterprise.,Udyam Certificate,True
69778b6e5dbe0abc98245f20,3f3ca120-3b7a-4527-8cdc-7c19c09abd3c,Stand-Up India,https://www.standupmitra.in/,Tamil Nadu,Idea,Small,Agri,- Enterprise loans for setting up a greenfield enterprise.,Bank Statement,True
69778b6e5dbe0abc98245f21,ff2f70df-949f-49bd-87bc-b1348806d64f,Stand-Up India,https://www.standupmitra.in/,Tamil Nadu,Idea,Small,Agri,- Loan size is from ₹10 lakhs to ₹1 crore.,GST Certificate,True
69778b6e5dbe0abc98245f22,4647f0e2-452a-4578-ab67-ee24f71d6a3a,Stand-Up India,https://www.standupmitra.in/,Tamil Nadu,Idea,Small,Agri,- Loan size is from ₹10 lakhs to ₹1 crore.,Udyam Certificate,True
69778b6e5dbe0abc98245f23,cf4752f4-4092-4198-af7c-9ed472498954,Stand-Up India,https://www.standupmitra.in/,Tamil Nadu,Idea,Small,Agri,- Loan size is from ₹10 lakhs to ₹1 crore.,Bank Statement,True
69778b6e5dbe0abc98245f24,dc12b32b-eff6-4d83-b44c-9685f076d92b,Stand-Up India,https://www.standupmitra.in/,Tamil Nadu,Idea,Small,Agri,- Comprises a composite loan (including Term Loan and Working Capital).,GST Certificate,True
69778b6e5dbe0abc98245f25,7e330966-7f00-4346-88ec-761c86aeb848,Stand-Up India,https://www.standupmitra.in/,Tamil Nadu,Idea,Small,Agri,- Comprises a composite loan (including Term Loan and Working Capital).,Udyam Certificate,True
69778b6e5dbe0abc98245f26,262bbd73-2d5a-4563-a638-da8d3a7a8a4f,Stand-Up India,https://www.standupmitra.in/,Tamil Nadu,Idea,Small,Agri,- Comprises a composite loan (including Term Loan and Working Capital).,Bank Statement,True
69778b6e5dbe0abc98245f27,8846bf11-140d-4fe1-8bef-aaedd25f2207,Stand-Up India,https://www.standupmitra.in/,Tamil Nadu,Idea,Small,Agri,"- Key Elements: Stand-Up India Ecosystem, Promoter Contribution of 15%, Marginal Money security cover under Credit Guarantee Fund Scheme for Stand-Up India Loans (CGFSIL). Impact Stories:",GST Certificate,True
69778b6e5dbe0abc98245f28,3adb94b6-e705-4a56-9606-8f8988b7e4ba,Stand-Up India,https://www.standupmitra.in/,Tamil Nadu,Idea,Small,Agri,"- Key Elements: Stand-Up India Ecosystem, Promoter Contribution of 15%, Marginal Money security cover under Credit Guarantee Fund Scheme for Stand-Up India Loans (CGFSIL). Impact Stories:",Udyam Certificate,True
69778b6e5dbe0abc98245f29,490ee772-dff2-4f57-ad06-fd24b58446b8,Stand-Up India,https://www.standupmitra.in/,Tamil Nadu,Idea,Small,Agri,"- Key Elements: Stand-Up India Ecosystem, Promoter Contribution of 15%, Marginal Money security cover under Credit Guarantee Fund Scheme for Stand-Up India Loans (CGFSIL). Impact Stories:",Bank Statement,True
69778b6e5dbe0abc98245f2a,43ec40b9-bc31-4a64-bacb-6c5225170735,Stand-Up India,https://www.standupmitra.in/,Tamil Nadu,Idea,Small,Agri,"- Prometheus is the beneficiary under STAND UP INDIA loan scheme. She has been given a loan for setting up of an Optometric clinic with vision therapy as she is a low vision therapist. As per the promoteur, she can earn Rs.1 lakhs per month from the Optical Gallery cum Optometric Clinic, which has vision therapy - as a low vision specialist, and has been granted loan sanction by PNB, Anna Nagar Branch, Chennai.",GST Certificate,True
69778b6e5dbe0abc98245f2b,3018fe98-fb6c-459a-b474-35640f792347,Stand-Up India,https://www.standupmitra.in/,Tamil Nadu,Idea,Small,Agri,"- Prometheus is the beneficiary under STAND UP INDIA loan scheme. She has been given a loan for setting up of an Optometric clinic with vision therapy as she is a low vision therapist. As per the promoteur, she can earn Rs.1 lakhs per month from the Optical Gallery cum Optometric Clinic, which has vision therapy - as a low vision specialist, and has been granted loan sanction by PNB, Anna Nagar Branch, Chennai.",Udyam Certificate,True
69778b6e5dbe0abc98245f2c,273034e6-6801-4943-bd60-36ee286c6e82,Stand-Up India,https://www.standupmitra.in/,Tamil Nadu,Idea,Small,Agri,"- Prometheus is the beneficiary under STAND UP INDIA loan scheme. She has been given a loan for setting up of an Optometric clinic with vision therapy as she is a low vision therapist. As per the promoteur, she can earn Rs.1 lakhs per month from the Optical Gallery cum Optometric Clinic, which has vision therapy - as a low vision specialist, and has been granted loan sanction by PNB, Anna Nagar Branch, Chennai.",Bank Statement,True
69778b6e5dbe0abc98245f2d,1e8ed6b3-aaa1-4600-9310-ebd2a7c6fa67,Stand-Up India,https://www.standupmitra.in/,Tamil Nadu,Idea,Small,Agri,"- Gaining experience from her father in law, the promoteur is able to stand alone as an optometrist after gaining experience from him. She has seen the website and learnt about the Anna Nagar branch extending STAND UP INDIA scheme and approached directly. According to the promoteur, she never dreamt of getting loan sanctioned in shortest time, which is why she is very happy and able to earn Rs.1 lakhs per month from the Optical Gallery cum Optometric Clinic, which has vision therapy - as a low v",GST Certificate,True
69778b6e5dbe0abc98245f2e,58b9bcae-1973-43a5-9a83-69db5dd70b05,Stand-Up India,https://www.standupmitra.in/,Tamil Nadu,Idea,Small,Agri,"- Gaining experience from her father in law, the promoteur is able to stand alone as an optometrist after gaining experience from him. She has seen the website and learnt about the Anna Nagar branch extending STAND UP INDIA scheme and approached directly. According to the promoteur, she never dreamt of getting loan sanctioned in shortest time, which is why she is very happy and able to earn Rs.1 lakhs per month from the Optical Gallery cum Optometric Clinic, which has vision therapy - as a low v",Udyam Certificate,True
69778b6e5dbe0abc98245f2f,39a6542b-0ee0-4d32-be18-a326260a74d1,Stand-Up India,https://www.standupmitra.in/,Tamil Nadu,Idea,Small,Agri,"- Gaining experience from her father in law, the promoteur is able to stand alone as an optometrist after gaining experience from him. She has seen the website and learnt about the Anna Nagar branch extending STAND UP INDIA scheme and approached directly. According to the promoteur, she never dreamt of getting loan sanctioned in shortest time, which is why she is very happy and able to earn Rs.1 lakhs per month from the Optical Gallery cum Optometric Clinic, which has vision therapy - as a low v",Bank Statement,True
69778b6e5dbe0abc98245f30,e599bb38-518e-4a7e-900d-089872b4b9f1,Stand-Up India,https://www.standupmitra.in/,Tamil Nadu,Idea,Small,Agri,,GST Certificate,True
69778b6e5dbe0abc98245f31,9ee68f30-29a5-47a9-8804-6dbcd60fc30f,Stand-Up India,https://www.standupmitra.in/,Tamil Nadu,Idea,Small,Agri,,Udyam Certificate,True
69778b6e5dbe0abc98245f32,23aaa8b3-b988-4db3-80f2-65ee9f476cdb,Stand-Up India,https://www.standupmitra.in/,Tamil Nadu,Idea,Small,Agri,,Bank Statement,True
69778b6e5dbe0abc98245f33,559e49f3-806c-4d6b-83a1-1265d415413c,Stand-Up India,https://www.standupmitra.in/,Tamil Nadu,Idea,Small,Agri,,GST Certificate,True
69778b6e5dbe0abc98245f34,14250371-616a-4c80-8b98-fe294d2ace54,Stand-Up India,https://www.standupmitra.in/,Tamil Nadu,Idea,Small,Agri,,Udyam Certificate,True
69778b6e5dbe0abc98245f35,e5270dd2-ab9c-4027-adbf-00bab219a827,Stand-Up India,https://www.standupmitra.in/,Tamil Nadu,Idea,Small,Agri,,Bank Statement,True
69778b6e5dbe0abc98245f36,3b247d40-551b-4598-8c82-dab5772920e8,Stand-Up India,https://www.standupmitra.in/,Tamil Nadu,Idea,Medium,Manufacturing,Extract:,GST Certificate,True
69778b6e5dbe0abc98245f37,c0bf3c41-ec0b-4048-91ab-ad802aa28715,Stand-Up India,https://www.standupmitra.in/,Tamil Nadu,Idea,Medium,Manufacturing,Extract:,Udyam Certificate,True
69778b6e5dbe0abc98245f38,4e5b70d4-fdc5-4db4-88d6-e1fae8fcf31f,Stand-Up India,https://www.standupmitra.in/,Tamil Nadu,Idea,Medium,Manufacturing,Extract:,Bank Statement,True
69778b6e5dbe0abc98245f39,3701f6a3-aafa-4a50-be4a-6fac3b0686c6,Stand-Up India,https://www.standupmitra.in/,Tamil Nadu,Idea,Medium,Manufacturing,- Eligibility criteria,GST Certificate,True
69778b6e5dbe0abc98245f3a,0bf0deb8-20ad-4348-9870-445b4ce30d85,Stand-Up India,https://www.standupmitra.in/,Tamil Nadu,Idea,Medium,Manufacturing,- Eligibility criteria,Udyam Certificate,True
69778b6e5dbe0abc98245f3b,efde076e-4857-4129-9692-8fe0744ad8a4,Stand-Up India,https://www.standupmitra.in/,Tamil Nadu,Idea,Medium,Manufacturing,- Eligibility criteria,Bank Statement,True
69778b6e5dbe0abc98245f3c,37e76675-925b-4839-9c65-44fc7f249121,Stand-Up India,https://www.standupmitra.in/,Tamil Nadu,Idea,Medium,Manufacturing,- Required documents,GST Certificate,True
69778b6e5dbe0abc98245f3d,5a6483f9-39aa-4135-879a-1518e3ae64ec,Stand-Up India,https://www.standupmitra.in/,Tamil Nadu,Idea,Medium,Manufacturing,- Required documents,Udyam Certificate,True
69778b6e5dbe0abc98245f3e,6fc165c5-7cb7-42cb-a733-144c5a9cc4a5,Stand-Up India,https://www.standupmitra.in/,Tamil Nadu,Idea,Medium,Manufacturing,- Required documents,Bank Statement,True
69778b6e5dbe0abc98245f3f,85b3daf8-e538-476b-97af-eae16434a754,Stand-Up India,https://www.standupmitra.in/,Tamil Nadu,Idea,Medium,Manufacturing,Return as bullet points.,GST Certificate,True
69778b6e5dbe0abc98245f40,45adfaec-764c-4130-ad30-b66e46ecbcfb,Stand-Up India,https://www.standupmitra.in/,Tamil Nadu,Idea,Medium,Manufacturing,Return as bullet points.,Udyam Certificate,True
69778b6e5dbe0abc98245f41,9f43f8b8-74be-46de-919c-f98467442a11,Stand-Up India,https://www.standupmitra.in/,Tamil Nadu,Idea,Medium,Manufacturing,Return as bullet points.,Bank Statement,True
69778b6e5dbe0abc98245f42,780d76da-227f-4914-b506-6283cb92d99d,Stand-Up India,https://www.standupmitra.in/,Tamil Nadu,Idea,Medium,Manufacturing,,GST Certificate,True
69778b6e5dbe0abc98245f43,aa591fba-d13a-41e1-a03f-90c94497e9c0,Stand-Up India,https://www.standupmitra.in/,Tamil Nadu,Idea,Medium,Manufacturing,,Udyam Certificate,True
69778b6e5dbe0abc98245f44,2af1dd7a-9126-4635-8ffc-21bec2f326cc,Stand-Up India,https://www.standupmitra.in/,Tamil Nadu,Idea,Medium,Manufacturing,,Bank Statement,True
69778b6e5dbe0abc98245f45,80b336b9-0ab1-4b29-935e-3d51f47291de,Stand-Up India,https://www.standupmitra.in/,Tamil Nadu,Idea,Medium,Manufacturing,TEXT:,GST Certificate,True
69778b6e5dbe0abc98245f46,356748f1-ce20-4994-bdd9-d8efe53d25ff,Stand-Up India,https://www.standupmitra.in/,Tamil Nadu,Idea,Medium,Manufacturing,TEXT:,Udyam Certificate,True
69778b6e5dbe0abc98245f47,dde30fce-7920-4c95-bc66-34f8128154ac,Stand-Up India,https://www.standupmitra.in/,Tamil Nadu,Idea,Medium,Manufacturing,TEXT:,Bank Statement,True
69778b6e5dbe0abc98245f48,a3911c0e-0627-42a7-96d0-2c2bf0462656,Stand-Up India,https://www.standupmitra.in/,Tamil Nadu,Idea,Medium,Manufacturing,StandupIndia Login Applicaunt Login Applicaant Registration Other Users Home About Us Stand-Up India Scheme facilitate...,GST Certificate,True
69778b6e5dbe0abc98245f49,983d8c01-559c-44d0-8ae2-ca493d40cb00,Stand-Up India,https://www.standupmitra.in/,Tamil Nadu,Idea,Medium,Manufacturing,StandupIndia Login Applicaunt Login Applicaant Registration Other Users Home About Us Stand-Up India Scheme facilitate...,Udyam Certificate,True
69778b6e5dbe0abc98245f4a,91f8ea73-b2ca-4e88-9ce8-4577b15c36d5,Stand-Up India,https://www.standupmitra.in/,Tamil Nadu,Idea,Medium,Manufacturing,StandupIndia Login Applicaunt Login Applicaant Registration Other Users Home About Us Stand-Up India Scheme facilitate...,Bank Statement,True
69778b6e5dbe0abc98245f4b,99fadbde-b027-4f75-b780-dbf7703ea2be,Stand-Up India,https://www.standupmitra.in/,Tamil Nadu,Idea,Medium,Manufacturing,,GST Certificate,True
69778b6e5dbe0abc98245f4c,ddbde172-9603-4f63-bd39-754fdf1f128e,Stand-Up India,https://www.standupmitra.in/,Tamil Nadu,Idea,Medium,Manufacturing,,Udyam Certificate,True
69778b6e5dbe0abc98245f4d,2346a14b-ab41-4d3e-879c-4552d4ccd3ff,Stand-Up India,https://www.standupmitra.in/,Tamil Nadu,Idea,Medium,Manufacturing,,Bank Statement,True
69778b6e5dbe0abc98245f4e,fcfce13c-70b7-42c9-a3ae-5e2672f11c23,Stand-Up India,https://www.standupmitra.in/,Tamil Nadu,Idea,Medium,Manufacturing,"Communities Stand-up India Scheme facilitates bank loan between ₹10 lakhs and ₹1 crore for Applicants to establish a greenfield enterprise. The Borrower Type Loans to SC/ST and Women Entrepreneurs with at least 51% of the shareholding and controlling stake, either an SC/ST or woman entrepreneur. Salient Features:",GST Certificate,True
69778b6e5dbe0abc98245f4f,edd7b119-e79c-4c83-a44a-d97bbc1a9758,Stand-Up India,https://www.standupmitra.in/,Tamil Nadu,Idea,Medium,Manufacturing,"Communities Stand-up India Scheme facilitates bank loan between ₹10 lakhs and ₹1 crore for Applicants to establish a greenfield enterprise. The Borrower Type Loans to SC/ST and Women Entrepreneurs with at least 51% of the shareholding and controlling stake, either an SC/ST or woman entrepreneur. Salient Features:",Udyam Certificate,True
69778b6e5dbe0abc98245f50,ddbaf3fd-1aad-4629-8543-256c74d3b8b4,Stand-Up India,https://www.standupmitra.in/,Tamil Nadu,Idea,Medium,Manufacturing,"Communities Stand-up India Scheme facilitates bank loan between ₹10 lakhs and ₹1 crore for Applicants to establish a greenfield enterprise. The Borrower Type Loans to SC/ST and Women Entrepreneurs with at least 51% of the shareholding and controlling stake, either an SC/ST or woman entrepreneur. Salient Features:",Bank Statement,True
69778b6e5dbe0abc98245f51,97af4243-0cb6-4a24-9301-6e34469d3a4d,Stand-Up India,https://www.standupmitra.in/,Tamil Nadu,Idea,Medium,Manufacturing,- Loans of between ₹10 lakhs to ₹1 crore for Applicants.,GST Certificate,True
69778b6e5dbe0abc98245f52,de526041-4976-4673-a4c9-c15efe649816,Stand-Up India,https://www.standupmitra.in/,Tamil Nadu,Idea,Medium,Manufacturing,- Loans of between ₹10 lakhs to ₹1 crore for Applicants.,Udyam Certificate,True
69778b6e5dbe0abc98245f53,a409ab9b-1836-4cfe-a679-31b32ee9bb46,Stand-Up India,https://www.standupmitra.in/,Tamil Nadu,Idea,Medium,Manufacturing,- Loans of between ₹10 lakhs to ₹1 crore for Applicants.,Bank Statement,True
69778b6e5dbe0abc98245f54,7bfdb66d-eca8-4067-8edb-52821566325e,Stand-Up India,https://www.standupmitra.in/,Tamil Nadu,Idea,Medium,Manufacturing,- Enterprise loans for setting up a greenfield enterprise.,GST Certificate,True
69778b6e5dbe0abc98245f55,5e7e932a-ca3f-4671-ac62-d33bbd62ea43,Stand-Up India,https://www.standupmitra.in/,Tamil Nadu,Idea,Medium,Manufacturing,- Enterprise loans for setting up a greenfield enterprise.,Udyam Certificate,True
69778b6e5dbe0abc98245f56,7c8c882e-66e5-4293-b583-c46963428c7c,Stand-Up India,https://www.standupmitra.in/,Tamil Nadu,Idea,Medium,Manufacturing,- Enterprise loans for setting up a greenfield enterprise.,Bank Statement,True
69778b6e5dbe0abc98245f57,140ecf6b-42b2-4eb5-ba78-e62a2874f468,Stand-Up India,https://www.standupmitra.in/,Tamil Nadu,Idea,Medium,Manufacturing,- Loan size is from ₹10 lakhs to ₹1 crore.,GST Certificate,True
69778b6e5dbe0abc98245f58,300e3c92-d647-4141-9f67-353c60897f83,Stand-Up India,https://www.standupmitra.in/,Tamil Nadu,Idea,Medium,Manufacturing,- Loan size is from ₹10 lakhs to ₹1 crore.,Udyam Certificate,True
69778b6e5dbe0abc98245f59,b3e11a62-35cc-4a84-94f6-979cc9b12cdf,Stand-Up India,https://www.standupmitra.in/,Tamil Nadu,Idea,Medium,Manufacturing,- Loan size is from ₹10 lakhs to ₹1 crore.,Bank Statement,True
69778b6e5dbe0abc98245f5a,5fce0bd0-9fdd-46bd-abdf-9d1c25e90fc4,Stand-Up India,https://www.standupmitra.in/,Tamil Nadu,Idea,Medium,Manufacturing,- Comprises a composite loan (including Term Loan and Working Capital).,GST Certificate,True
69778b6e5dbe0abc98245f5b,7493357a-206d-48f4-8398-009997c6a0d6,Stand-Up India,https://www.standupmitra.in/,Tamil Nadu,Idea,Medium,Manufacturing,- Comprises a composite loan (including Term Loan and Working Capital).,Udyam Certificate,True
69778b6e5dbe0abc98245f5c,69c374fb-aa5a-4f6f-8499-b6c522d2251a,Stand-Up India,https://www.standupmitra.in/,Tamil Nadu,Idea,Medium,Manufacturing,- Comprises a composite loan (including Term Loan and Working Capital).,Bank Statement,True
69778b6e5dbe0abc98245f5d,96e2a1af-a658-40b9-a179-5abe2dca84e7,Stand-Up India,https://www.standupmitra.in/,Tamil Nadu,Idea,Medium,Manufacturing,"- Key Elements: Stand-Up India Ecosystem, Promoter Contribution of 15%, Marginal Money security cover under Credit Guarantee Fund Scheme for Stand-Up India Loans (CGFSIL). Impact Stories:",GST Certificate,True
69778b6e5dbe0abc98245f5e,200a5337-b373-4c04-a50e-f6e45316b7b5,Stand-Up India,https://www.standupmitra.in/,Tamil Nadu,Idea,Medium,Manufacturing,"- Key Elements: Stand-Up India Ecosystem, Promoter Contribution of 15%, Marginal Money security cover under Credit Guarantee Fund Scheme for Stand-Up India Loans (CGFSIL). Impact Stories:",Udyam Certificate,True
69778b6e5dbe0abc98245f5f,dfbabf0f-e6d7-47a8-ac2e-52cddc0edea8,Stand-Up India,https://www.standupmitra.in/,Tamil Nadu,Idea,Medium,Manufacturing,"- Key Elements: Stand-Up India Ecosystem, Promoter Contribution of 15%, Marginal Money security cover under Credit Guarantee Fund Scheme for Stand-Up India Loans (CGFSIL). Impact Stories:",Bank Statement,True
69778b6e5dbe0abc98245f60,63479ee8-9afd-438b-bf4d-0dc415acb68f,Stand-Up India,https://www.standupmitra.in/,Tamil Nadu,Idea,Medium,Manufacturing,"- Prometheus is the beneficiary under STAND UP INDIA loan scheme. She has been given a loan for setting up of an Optometric clinic with vision therapy as she is a low vision therapist. As per the promoteur, she can earn Rs.1 lakhs per month from the Optical Gallery cum Optometric Clinic, which has vision therapy - as a low vision specialist, and has been granted loan sanction by PNB, Anna Nagar Branch, Chennai.",GST Certificate,True
69778b6e5dbe0abc98245f61,6447dc32-bec1-4287-b020-cdc8fafac048,Stand-Up India,https://www.standupmitra.in/,Tamil Nadu,Idea,Medium,Manufacturing,"- Prometheus is the beneficiary under STAND UP INDIA loan scheme. She has been given a loan for setting up of an Optometric clinic with vision therapy as she is a low vision therapist. As per the promoteur, she can earn Rs.1 lakhs per month from the Optical Gallery cum Optometric Clinic, which has vision therapy - as a low vision specialist, and has been granted loan sanction by PNB, Anna Nagar Branch, Chennai.",Udyam Certificate,True
69778b6e5dbe0abc98245f62,167836dc-6edb-4412-a99b-c6c2cd6e9785,Stand-Up India,https://www.standupmitra.in/,Tamil Nadu,Idea,Medium,Manufacturing,"- Prometheus is the beneficiary under STAND UP INDIA loan scheme. She has been given a loan for setting up of an Optometric clinic with vision therapy as she is a low vision therapist. As per the promoteur, she can earn Rs.1 lakhs per month from the Optical Gallery cum Optometric Clinic, which has vision therapy - as a low vision specialist, and has been granted loan sanction by PNB, Anna Nagar Branch, Chennai.",Bank Statement,True
69778b6e5dbe0abc98245f63,32935e38-a09c-48ee-80bc-920343f318fa,Stand-Up India,https://www.standupmitra.in/,Tamil Nadu,Idea,Medium,Manufacturing,"- Gaining experience from her father in law, the promoteur is able to stand alone as an optometrist after gaining experience from him. She has seen the website and learnt about the Anna Nagar branch extending STAND UP INDIA scheme and approached directly. According to the promoteur, she never dreamt of getting loan sanctioned in shortest time, which is why she is very happy and able to earn Rs.1 lakhs per month from the Optical Gallery cum Optometric Clinic, which has vision therapy - as a low v",GST Certificate,True
69778b6e5dbe0abc98245f64,3086b880-4ba0-4172-8a82-286dfa453f82,Stand-Up India,https://www.standupmitra.in/,Tamil Nadu,Idea,Medium,Manufacturing,"- Gaining experience from her father in law, the promoteur is able to stand alone as an optometrist after gaining experience from him. She has seen the website and learnt about the Anna Nagar branch extending STAND UP INDIA scheme and approached directly. According to the promoteur, she never dreamt of getting loan sanctioned in shortest time, which is why she is very happy and able to earn Rs.1 lakhs per month from the Optical Gallery cum Optometric Clinic, which has vision therapy - as a low v",Udyam Certificate,True
69778b6e5dbe0abc98245f65,0d6fca80-317b-413b-b64b-a8bcf73bc8b5,Stand-Up India,https://www.standupmitra.in/,Tamil Nadu,Idea,Medium,Manufacturing,"- Gaining experience from her father in law, the promoteur is able to stand alone as an optometrist after gaining experience from him. She has seen the website and learnt about the Anna Nagar branch extending STAND UP INDIA scheme and approached directly. According to the promoteur, she never dreamt of getting loan sanctioned in shortest time, which is why she is very happy and able to earn Rs.1 lakhs per month from the Optical Gallery cum Optometric Clinic, which has vision therapy - as a low v",Bank Statement,True
69778b6e5dbe0abc98245f66,c678a7ea-c807-42ef-8379-1bf37c5db70b,Stand-Up India,https://www.standupmitra.in/,Tamil Nadu,Idea,Medium,Manufacturing,,GST Certificate,True
69778b6e5dbe0abc98245f67,9ee6dc6b-8ceb-48e9-804d-beb1cb124f49,Stand-Up India,https://www.standupmitra.in/,Tamil Nadu,Idea,Medium,Manufacturing,,Udyam Certificate,True
69778b6e5dbe0abc98245f68,81099c80-5d6a-426d-be45-3632d87baa0c,Stand-Up India,https://www.standupmitra.in/,Tamil Nadu,Idea,Medium,Manufacturing,,Bank Statement,True
69778b6e5dbe0abc98245f69,14a2d32a-d925-4d3d-8499-9a95bc984b7b,Stand-Up India,https://www.standupmitra.in/,Tamil Nadu,Idea,Medium,Manufacturing,,GST Certificate,True
69778b6e5dbe0abc98245f6a,ec79885c-9a08-413d-8eec-005db34b3cf4,Stand-Up India,https://www.standupmitra.in/,Tamil Nadu,Idea,Medium,Manufacturing,,Udyam Certificate,True
69778b6e5dbe0abc98245f6b,88d46d4b-3723-4e88-a837-33745ab26e77,Stand-Up India,https://www.standupmitra.in/,Tamil Nadu,Idea,Medium,Manufacturing,,Bank Statement,True
69778b6e5dbe0abc98245f6c,9ccdfb1b-cc18-46f5-85fe-246916b66c08,Stand-Up India,https://www.standupmitra.in/,Tamil Nadu,Idea,Medium,Service,Extract:,GST Certificate,True
69778b6e5dbe0abc98245f6d,4a7555d9-2418-4670-91c1-84003583d31b,Stand-Up India,https://www.standupmitra.in/,Tamil Nadu,Idea,Medium,Service,Extract:,Udyam Certificate,True
69778b6e5dbe0abc98245f6e,4f383379-7941-4ae3-90eb-270f0b80ce27,Stand-Up India,https://www.standupmitra.in/,Tamil Nadu,Idea,Medium,Service,Extract:,Bank Statement,True
69778b6e5dbe0abc98245f6f,b2210326-3dba-4680-8723-ce765c7750e7,Stand-Up India,https://www.standupmitra.in/,Tamil Nadu,Idea,Medium,Service,- Eligibility criteria,GST Certificate,True
69778b6e5dbe0abc98245f70,d9cb8274-e3e6-4d4f-a248-a7ff2a80cfac,Stand-Up India,https://www.standupmitra.in/,Tamil Nadu,Idea,Medium,Service,- Eligibility criteria,Udyam Certificate,True
69778b6e5dbe0abc98245f71,6b4b7a72-ca6f-4e6e-b3cf-004a2a4c12ee,Stand-Up India,https://www.standupmitra.in/,Tamil Nadu,Idea,Medium,Service,- Eligibility criteria,Bank Statement,True
69778b6e5dbe0abc98245f72,456ee061-e8b4-49dc-8616-e85dfcf47324,Stand-Up India,https://www.standupmitra.in/,Tamil Nadu,Idea,Medium,Service,- Required documents,GST Certificate,True
69778b6e5dbe0abc98245f73,eb617d92-cf9d-493a-9e56-b24615191c83,Stand-Up India,https://www.standupmitra.in/,Tamil Nadu,Idea,Medium,Service,- Required documents,Udyam Certificate,True
69778b6e5dbe0abc98245f74,62238c9f-65dc-4471-8247-e5ca6eb41c41,Stand-Up India,https://www.standupmitra.in/,Tamil Nadu,Idea,Medium,Service,- Required documents,Bank Statement,True
69778b6e5dbe0abc98245f75,57747714-c05e-476d-944c-cec610c36918,Stand-Up India,https://www.standupmitra.in/,Tamil Nadu,Idea,Medium,Service,Return as bullet points.,GST Certificate,True
69778b6e5dbe0abc98245f76,6a3b1d09-e114-4d27-8f2b-99054461ddb0,Stand-Up India,https://www.standupmitra.in/,Tamil Nadu,Idea,Medium,Service,Return as bullet points.,Udyam Certificate,True
69778b6e5dbe0abc98245f77,5bc76382-1443-4331-af85-ec4bb13b35a2,Stand-Up India,https://www.standupmitra.in/,Tamil Nadu,Idea,Medium,Service,Return as bullet points.,Bank Statement,True
69778b6e5dbe0abc98245f78,4f3d0370-0aef-4486-bffb-933fd808d31e,Stand-Up India,https://www.standupmitra.in/,Tamil Nadu,Idea,Medium,Service,,GST Certificate,True
69778b6e5dbe0abc98245f79,3ddd3ec1-a4f0-456c-91ad-83dd3da926d7,Stand-Up India,https://www.standupmitra.in/,Tamil Nadu,Idea,Medium,Service,,Udyam Certificate,True
69778b6e5dbe0abc98245f7a,1027a346-3634-47a3-85f4-636a0ac97b08,Stand-Up India,https://www.standupmitra.in/,Tamil Nadu,Idea,Medium,Service,,Bank Statement,True
69778b6e5dbe0abc98245f7b,e523a958-7950-485f-a03c-27128a7fc0d1,Stand-Up India,https://www.standupmitra.in/,Tamil Nadu,Idea,Medium,Service,TEXT:,GST Certificate,True
69778b6e5dbe0abc98245f7c,c23d1ee4-3b8d-486a-bbbc-751558648ed5,Stand-Up India,https://www.standupmitra.in/,Tamil Nadu,Idea,Medium,Service,TEXT:,Udyam Certificate,True
69778b6e5dbe0abc98245f7d,67894a24-130f-4c86-9abf-c3d5fdb2018d,Stand-Up India,https://www.standupmitra.in/,Tamil Nadu,Idea,Medium,Service,TEXT:,Bank Statement,True
69778b6e5dbe0abc98245f7e,d8297b48-cb85-463d-910a-ac6d4fafa91d,Stand-Up India,https://www.standupmitra.in/,Tamil Nadu,Idea,Medium,Service,StandupIndia Login Applicaunt Login Applicaant Registration Other Users Home About Us Stand-Up India Scheme facilitate...,GST Certificate,True
69778b6e5dbe0abc98245f7f,d29be0e1-f6be-4a06-a118-169298ef3b5b,Stand-Up India,https://www.standupmitra.in/,Tamil Nadu,Idea,Medium,Service,StandupIndia Login Applicaunt Login Applicaant Registration Other Users Home About Us Stand-Up India Scheme facilitate...,Udyam Certificate,True
69778b6e5dbe0abc98245f80,126efb43-bda5-4e12-aab8-6717ae2e2c05,Stand-Up India,https://www.standupmitra.in/,Tamil Nadu,Idea,Medium,Service,StandupIndia Login Applicaunt Login Applicaant Registration Other Users Home About Us Stand-Up India Scheme facilitate...,Bank Statement,True
69778b6e5dbe0abc98245f81,0e3cf108-3aee-4fdb-bf16-f97b1890e505,Stand-Up India,https://www.standupmitra.in/,Tamil Nadu,Idea,Medium,Service,,GST Certificate,True
69778b6e5dbe0abc98245f82,fae4af3d-f38f-410d-b360-f8ad50559af5,Stand-Up India,https://www.standupmitra.in/,Tamil Nadu,Idea,Medium,Service,,Udyam Certificate,True
69778b6e5dbe0abc98245f83,ea662c9a-ad64-4211-82d2-90ef896e8a63,Stand-Up India,https://www.standupmitra.in/,Tamil Nadu,Idea,Medium,Service,,Bank Statement,True
69778b6e5dbe0abc98245f84,80eb1027-d78f-440a-835b-a077a6c0198b,Stand-Up India,https://www.standupmitra.in/,Tamil Nadu,Idea,Medium,Service,"Communities Stand-up India Scheme facilitates bank loan between ₹10 lakhs and ₹1 crore for Applicants to establish a greenfield enterprise. The Borrower Type Loans to SC/ST and Women Entrepreneurs with at least 51% of the shareholding and controlling stake, either an SC/ST or woman entrepreneur. Salient Features:",GST Certificate,True
69778b6e5dbe0abc98245f85,99e80ea3-8254-4b9a-9ec1-4cfbee9767dd,Stand-Up India,https://www.standupmitra.in/,Tamil Nadu,Idea,Medium,Service,"Communities Stand-up India Scheme facilitates bank loan between ₹10 lakhs and ₹1 crore for Applicants to establish a greenfield enterprise. The Borrower Type Loans to SC/ST and Women Entrepreneurs with at least 51% of the shareholding and controlling stake, either an SC/ST or woman entrepreneur. Salient Features:",Udyam Certificate,True
69778b6e5dbe0abc98245f86,4ed0d6a9-6275-4dd0-b064-d0798a30f1cc,Stand-Up India,https://www.standupmitra.in/,Tamil Nadu,Idea,Medium,Service,"Communities Stand-up India Scheme facilitates bank loan between ₹10 lakhs and ₹1 crore for Applicants to establish a greenfield enterprise. The Borrower Type Loans to SC/ST and Women Entrepreneurs with at least 51% of the shareholding and controlling stake, either an SC/ST or woman entrepreneur. Salient Features:",Bank Statement,True
69778b6e5dbe0abc98245f87,f12ffb7b-5a87-4111-955b-af7872d56aa2,Stand-Up India,https://www.standupmitra.in/,Tamil Nadu,Idea,Medium,Service,- Loans of between ₹10 lakhs to ₹1 crore for Applicants.,GST Certificate,True
69778b6e5dbe0abc98245f88,c56e0e07-5213-4b57-a1eb-958573d1a319,Stand-Up India,https://www.standupmitra.in/,Tamil Nadu,Idea,Medium,Service,- Loans of between ₹10 lakhs to ₹1 crore for Applicants.,Udyam Certificate,True
69778b6e5dbe0abc98245f89,e44b67e7-53bd-4bb4-8c72-9387c68b7c69,Stand-Up India,https://www.standupmitra.in/,Tamil Nadu,Idea,Medium,Service,- Loans of between ₹10 lakhs to ₹1 crore for Applicants.,Bank Statement,True
69778b6e5dbe0abc98245f8a,9820c28b-580f-4cb5-a221-3b5ba50d4236,Stand-Up India,https://www.standupmitra.in/,Tamil Nadu,Idea,Medium,Service,- Enterprise loans for setting up a greenfield enterprise.,GST Certificate,True
69778b6e5dbe0abc98245f8b,a89f1560-ec76-49e7-b8c0-6977bb87bd57,Stand-Up India,https://www.standupmitra.in/,Tamil Nadu,Idea,Medium,Service,- Enterprise loans for setting up a greenfield enterprise.,Udyam Certificate,True
69778b6e5dbe0abc98245f8c,7e3ab85c-98b0-468c-bc44-0cfc190d9828,Stand-Up India,https://www.standupmitra.in/,Tamil Nadu,Idea,Medium,Service,- Enterprise loans for setting up a greenfield enterprise.,Bank Statement,True
69778b6e5dbe0abc98245f8d,43a56bb5-8fb4-4a17-8dba-9c217a719951,Stand-Up India,https://www.standupmitra.in/,Tamil Nadu,Idea,Medium,Service,- Loan size is from ₹10 lakhs to ₹1 crore.,GST Certificate,True
69778b6e5dbe0abc98245f8e,cafc4f33-c89d-4d12-9292-7d0d167a6177,Stand-Up India,https://www.standupmitra.in/,Tamil Nadu,Idea,Medium,Service,- Loan size is from ₹10 lakhs to ₹1 crore.,Udyam Certificate,True
69778b6e5dbe0abc98245f8f,52944ca3-a4d3-489e-8aa2-51606b6cbbcc,Stand-Up India,https://www.standupmitra.in/,Tamil Nadu,Idea,Medium,Service,- Loan size is from ₹10 lakhs to ₹1 crore.,Bank Statement,True
69778b6e5dbe0abc98245f90,8528913d-2b93-40ee-99e0-e97c23257d95,Stand-Up India,https://www.standupmitra.in/,Tamil Nadu,Idea,Medium,Service,- Comprises a composite loan (including Term Loan and Working Capital).,GST Certificate,True
69778b6e5dbe0abc98245f91,c5dfcbca-c776-400e-b00e-21892d8c9069,Stand-Up India,https://www.standupmitra.in/,Tamil Nadu,Idea,Medium,Service,- Comprises a composite loan (including Term Loan and Working Capital).,Udyam Certificate,True
69778b6e5dbe0abc98245f92,38567817-7c93-4747-b138-d5668dd28a68,Stand-Up India,https://www.standupmitra.in/,Tamil Nadu,Idea,Medium,Service,- Comprises a composite loan (including Term Loan and Working Capital).,Bank Statement,True
69778b6e5dbe0abc98245f93,c24b5579-3329-4629-99ae-976c26e0d62c,Stand-Up India,https://www.standupmitra.in/,Tamil Nadu,Idea,Medium,Service,"- Key Elements: Stand-Up India Ecosystem, Promoter Contribution of 15%, Marginal Money security cover under Credit Guarantee Fund Scheme for Stand-Up India Loans (CGFSIL). Impact Stories:",GST Certificate,True
69778b6e5dbe0abc98245f94,ef042f95-8510-4404-8a14-c880a1ffb407,Stand-Up India,https://www.standupmitra.in/,Tamil Nadu,Idea,Medium,Service,"- Key Elements: Stand-Up India Ecosystem, Promoter Contribution of 15%, Marginal Money security cover under Credit Guarantee Fund Scheme for Stand-Up India Loans (CGFSIL). Impact Stories:",Udyam Certificate,True
69778b6e5dbe0abc98245f95,c7c588b6-2315-4f68-8539-42ab682a45a6,Stand-Up India,https://www.standupmitra.in/,Tamil Nadu,Idea,Medium,Service,"- Key Elements: Stand-Up India Ecosystem, Promoter Contribution of 15%, Marginal Money security cover under Credit Guarantee Fund Scheme for Stand-Up India Loans (CGFSIL). Impact Stories:",Bank Statement,True
69778b6e5dbe0abc98245f96,e0bbb2cf-f4e8-455b-b3f5-3875e7116d7e,Stand-Up India,https://www.standupmitra.in/,Tamil Nadu,Idea,Medium,Service,"- Prometheus is the beneficiary under STAND UP INDIA loan scheme. She has been given a loan for setting up of an Optometric clinic with vision therapy as she is a low vision therapist. As per the promoteur, she can earn Rs.1 lakhs per month from the Optical Gallery cum Optometric Clinic, which has vision therapy - as a low vision specialist, and has been granted loan sanction by PNB, Anna Nagar Branch, Chennai.",GST Certificate,True
69778b6e5dbe0abc98245f97,5d60eb8e-7c88-44dd-8a71-a619c67b798c,Stand-Up India,https://www.standupmitra.in/,Tamil Nadu,Idea,Medium,Service,"- Prometheus is the beneficiary under STAND UP INDIA loan scheme. She has been given a loan for setting up of an Optometric clinic with vision therapy as she is a low vision therapist. As per the promoteur, she can earn Rs.1 lakhs per month from the Optical Gallery cum Optometric Clinic, which has vision therapy - as a low vision specialist, and has been granted loan sanction by PNB, Anna Nagar Branch, Chennai.",Udyam Certificate,True
69778b6e5dbe0abc98245f98,f544df71-09ab-485e-831f-dc13aa5e7d04,Stand-Up India,https://www.standupmitra.in/,Tamil Nadu,Idea,Medium,Service,"- Prometheus is the beneficiary under STAND UP INDIA loan scheme. She has been given a loan for setting up of an Optometric clinic with vision therapy as she is a low vision therapist. As per the promoteur, she can earn Rs.1 lakhs per month from the Optical Gallery cum Optometric Clinic, which has vision therapy - as a low vision specialist, and has been granted loan sanction by PNB, Anna Nagar Branch, Chennai.",Bank Statement,True
69778b6e5dbe0abc98245f99,3980d5b3-824d-4605-86ea-b1eda8302387,Stand-Up India,https://www.standupmitra.in/,Tamil Nadu,Idea,Medium,Service,"- Gaining experience from her father in law, the promoteur is able to stand alone as an optometrist after gaining experience from him. She has seen the website and learnt about the Anna Nagar branch extending STAND UP INDIA scheme and approached directly. According to the promoteur, she never dreamt of getting loan sanctioned in shortest time, which is why she is very happy and able to earn Rs.1 lakhs per month from the Optical Gallery cum Optometric Clinic, which has vision therapy - as a low v",GST Certificate,True
69778b6e5dbe0abc98245f9a,75b4d00e-2c92-4850-b091-2cdac063b104,Stand-Up India,https://www.standupmitra.in/,Tamil Nadu,Idea,Medium,Service,"- Gaining experience from her father in law, the promoteur is able to stand alone as an optometrist after gaining experience from him. She has seen the website and learnt about the Anna Nagar branch extending STAND UP INDIA scheme and approached directly. According to the promoteur, she never dreamt of getting loan sanctioned in shortest time, which is why she is very happy and able to earn Rs.1 lakhs per month from the Optical Gallery cum Optometric Clinic, which has vision therapy - as a low v",Udyam Certificate,True
69778b6e5dbe0abc98245f9b,6c45ca08-9c1b-4222-8004-0e0dafcc9d13,Stand-Up India,https://www.standupmitra.in/,Tamil Nadu,Idea,Medium,Service,"- Gaining experience from her father in law, the promoteur is able to stand alone as an optometrist after gaining experience from him. She has seen the website and learnt about the Anna Nagar branch extending STAND UP INDIA scheme and approached directly. According to the promoteur, she never dreamt of getting loan sanctioned in shortest time, which is why she is very happy and able to earn Rs.1 lakhs per month from the Optical Gallery cum Optometric Clinic, which has vision therapy - as a low v",Bank Statement,True
69778b6e5dbe0abc98245f9c,a35fb7dd-ed36-4390-bd83-81137d98cf94,Stand-Up India,https://www.standupmitra.in/,Tamil Nadu,Idea,Medium,Service,,GST Certificate,True
69778b6e5dbe0abc98245f9d,ca66a71d-f441-454b-ace7-05164fb9b795,Stand-Up India,https://www.standupmitra.in/,Tamil Nadu,Idea,Medium,Service,,Udyam Certificate,True
69778b6e5dbe0abc98245f9e,629a0e33-1d32-4476-87fe-0e733c68db28,Stand-Up India,https://www.standupmitra.in/,Tamil Nadu,Idea,Medium,Service,,Bank Statement,True
69778b6e5dbe0abc98245f9f,d031bcf5-2e2a-40a5-b43b-4987f4c911fd,Stand-Up India,https://www.standupmitra.in/,Tamil Nadu,Idea,Medium,Service,,GST Certificate,True
69778b6e5dbe0abc98245fa0,862e4185-d8f4-4438-a5cc-ef5eff345f16,Stand-Up India,https://www.standupmitra.in/,Tamil Nadu,Idea,Medium,Service,,Udyam Certificate,True
69778b6e5dbe0abc98245fa1,f60f2d53-2d3e-44f8-ac96-20f5949042ee,Stand-Up India,https://www.standupmitra.in/,Tamil Nadu,Idea,Medium,Service,,Bank Statement,True
69778b6e5dbe0abc98245fa2,f23fb712-f3c4-4f94-9371-4a9c979d9862,Stand-Up India,https://www.standupmitra.in/,Tamil Nadu,Idea,Medium,Tech,Extract:,GST Certificate,True
69778b6e5dbe0abc98245fa3,f4b3a678-47ec-4fc7-bc4d-c1785b90ad9d,Stand-Up India,https://www.standupmitra.in/,Tamil Nadu,Idea,Medium,Tech,Extract:,Udyam Certificate,True
69778b6e5dbe0abc98245fa4,b2146d12-ae01-4947-8ae8-90f361bd1420,Stand-Up India,https://www.standupmitra.in/,Tamil Nadu,Idea,Medium,Tech,Extract:,Bank Statement,True
69778b6e5dbe0abc98245fa5,3dff5619-632d-4144-9c0f-1a46cf1b7366,Stand-Up India,https://www.standupmitra.in/,Tamil Nadu,Idea,Medium,Tech,- Eligibility criteria,GST Certificate,True
69778b6e5dbe0abc98245fa6,338970b4-6445-4e1f-8beb-30c6f7d0f125,Stand-Up India,https://www.standupmitra.in/,Tamil Nadu,Idea,Medium,Tech,- Eligibility criteria,Udyam Certificate,True
69778b6e5dbe0abc98245fa7,b016bb98-6a66-4e5a-8875-44c24befb24a,Stand-Up India,https://www.standupmitra.in/,Tamil Nadu,Idea,Medium,Tech,- Eligibility criteria,Bank Statement,True
69778b6e5dbe0abc98245fa8,fa9f35ec-030c-46f0-9298-0b35f7ca3554,Stand-Up India,https://www.standupmitra.in/,Tamil Nadu,Idea,Medium,Tech,- Required documents,GST Certificate,True
69778b6e5dbe0abc98245fa9,275ff308-6dbe-4905-aae9-4136dbfba068,Stand-Up India,https://www.standupmitra.in/,Tamil Nadu,Idea,Medium,Tech,- Required documents,Udyam Certificate,True
69778b6e5dbe0abc98245faa,24de5f54-253b-406a-a89f-d40562590103,Stand-Up India,https://www.standupmitra.in/,Tamil Nadu,Idea,Medium,Tech,- Required documents,Bank Statement,True
69778b6e5dbe0abc98245fab,35f18d45-9e98-4a6e-a168-70eafd0af596,Stand-Up India,https://www.standupmitra.in/,Tamil Nadu,Idea,Medium,Tech,Return as bullet points.,GST Certificate,True
69778b6e5dbe0abc98245fac,69da2c32-8b80-43a7-afa9-7af639392b4f,Stand-Up India,https://www.standupmitra.in/,Tamil Nadu,Idea,Medium,Tech,Return as bullet points.,Udyam Certificate,True
69778b6e5dbe0abc98245fad,2fa6e1f5-3b47-4c98-abbb-b3766f336c76,Stand-Up India,https://www.standupmitra.in/,Tamil Nadu,Idea,Medium,Tech,Return as bullet points.,Bank Statement,True
69778b6e5dbe0abc98245fae,468affe0-e31f-4129-8e3d-2dba81c8ddec,Stand-Up India,https://www.standupmitra.in/,Tamil Nadu,Idea,Medium,Tech,,GST Certificate,True
69778b6e5dbe0abc98245faf,a3c41970-54f4-446f-9c13-f1720df920a2,Stand-Up India,https://www.standupmitra.in/,Tamil Nadu,Idea,Medium,Tech,,Udyam Certificate,True
69778b6e5dbe0abc98245fb0,4781ec6b-211e-4ab5-8dc0-bfcfc4bde91b,Stand-Up India,https://www.standupmitra.in/,Tamil Nadu,Idea,Medium,Tech,,Bank Statement,True
69778b6e5dbe0abc98245fb1,fd137b77-afca-4e3b-96d8-5343dea87a50,Stand-Up India,https://www.standupmitra.in/,Tamil Nadu,Idea,Medium,Tech,TEXT:,GST Certificate,True
69778b6e5dbe0abc98245fb2,28ed80ab-5afc-4932-8efa-a784245c9bc1,Stand-Up India,https://www.standupmitra.in/,Tamil Nadu,Idea,Medium,Tech,TEXT:,Udyam Certificate,True
69778b6e5dbe0abc98245fb3,950b940d-573e-480e-ad74-07f76581cced,Stand-Up India,https://www.standupmitra.in/,Tamil Nadu,Idea,Medium,Tech,TEXT:,Bank Statement,True
69778b6e5dbe0abc98245fb4,0ca2006a-52b0-4347-9783-9a8c22d0cda5,Stand-Up India,https://www.standupmitra.in/,Tamil Nadu,Idea,Medium,Tech,StandupIndia Login Applicaunt Login Applicaant Registration Other Users Home About Us Stand-Up India Scheme facilitate...,GST Certificate,True
69778b6e5dbe0abc98245fb5,d7d8853a-ade9-421b-a900-af6756b2352f,Stand-Up India,https://www.standupmitra.in/,Tamil Nadu,Idea,Medium,Tech,StandupIndia Login Applicaunt Login Applicaant Registration Other Users Home About Us Stand-Up India Scheme facilitate...,Udyam Certificate,True
69778b6e5dbe0abc98245fb6,c863e804-69e3-400f-8144-16c3c016d294,Stand-Up India,https://www.standupmitra.in/,Tamil Nadu,Idea,Medium,Tech,StandupIndia Login Applicaunt Login Applicaant Registration Other Users Home About Us Stand-Up India Scheme facilitate...,Bank Statement,True
69778b6e5dbe0abc98245fb7,7effa2f5-b6b5-45ea-8098-1c876dfa3c7e,Stand-Up India,https://www.standupmitra.in/,Tamil Nadu,Idea,Medium,Tech,,GST Certificate,True
69778b6e5dbe0abc98245fb8,9377f769-50c8-4c00-89f4-ee5df4121d16,Stand-Up India,https://www.standupmitra.in/,Tamil Nadu,Idea,Medium,Tech,,Udyam Certificate,True
69778b6e5dbe0abc98245fb9,006dc4a1-493b-4595-aec1-43b2d8c78d7f,Stand-Up India,https://www.standupmitra.in/,Tamil Nadu,Idea,Medium,Tech,,Bank Statement,True
69778b6e5dbe0abc98245fba,cb90e93e-cd8d-4602-ae80-daf2d93df24f,Stand-Up India,https://www.standupmitra.in/,Tamil Nadu,Idea,Medium,Tech,"Communities Stand-up India Scheme facilitates bank loan between ₹10 lakhs and ₹1 crore for Applicants to establish a greenfield enterprise. The Borrower Type Loans to SC/ST and Women Entrepreneurs with at least 51% of the shareholding and controlling stake, either an SC/ST or woman entrepreneur. Salient Features:",GST Certificate,True
69778b6e5dbe0abc98245fbb,026bb28a-8914-49b7-b9fb-0959d3a40b34,Stand-Up India,https://www.standupmitra.in/,Tamil Nadu,Idea,Medium,Tech,"Communities Stand-up India Scheme facilitates bank loan between ₹10 lakhs and ₹1 crore for Applicants to establish a greenfield enterprise. The Borrower Type Loans to SC/ST and Women Entrepreneurs with at least 51% of the shareholding and controlling stake, either an SC/ST or woman entrepreneur. Salient Features:",Udyam Certificate,True
69778b6e5dbe0abc98245fbc,a499a9d2-8530-447f-b8f6-2fcf1a745d60,Stand-Up India,https://www.standupmitra.in/,Tamil Nadu,Idea,Medium,Tech,"Communities Stand-up India Scheme facilitates bank loan between ₹10 lakhs and ₹1 crore for Applicants to establish a greenfield enterprise. The Borrower Type Loans to SC/ST and Women Entrepreneurs with at least 51% of the shareholding and controlling stake, either an SC/ST or woman entrepreneur. Salient Features:",Bank Statement,True
69778b6e5dbe0abc98245fbd,69e548a8-2446-4557-bd9e-5c9e4fdba3c7,Stand-Up India,https://www.standupmitra.in/,Tamil Nadu,Idea,Medium,Tech,- Loans of between ₹10 lakhs to ₹1 crore for Applicants.,GST Certificate,True
69778b6e5dbe0abc98245fbe,91fd9027-8ead-41da-a12f-c69ecc44aac7,Stand-Up India,https://www.standupmitra.in/,Tamil Nadu,Idea,Medium,Tech,- Loans of between ₹10 lakhs to ₹1 crore for Applicants.,Udyam Certificate,True
69778b6e5dbe0abc98245fbf,f0a03997-ed32-4c71-9cdc-46601bc4d270,Stand-Up India,https://www.standupmitra.in/,Tamil Nadu,Idea,Medium,Tech,- Loans of between ₹10 lakhs to ₹1 crore for Applicants.,Bank Statement,True
69778b6e5dbe0abc98245fc0,84cded04-48a5-4ab3-9f58-010ab51e4066,Stand-Up India,https://www.standupmitra.in/,Tamil Nadu,Idea,Medium,Tech,- Enterprise loans for setting up a greenfield enterprise.,GST Certificate,True
69778b6e5dbe0abc98245fc1,34323ea1-1c6c-48a4-ace4-43a156701e7b,Stand-Up India,https://www.standupmitra.in/,Tamil Nadu,Idea,Medium,Tech,- Enterprise loans for setting up a greenfield enterprise.,Udyam Certificate,True
69778b6e5dbe0abc98245fc2,b7c6b951-fddd-49fc-b932-8bf86e8ec5dc,Stand-Up India,https://www.standupmitra.in/,Tamil Nadu,Idea,Medium,Tech,- Enterprise loans for setting up a greenfield enterprise.,Bank Statement,True
69778b6e5dbe0abc98245fc3,298f140a-f784-4941-a592-b6da400afdc8,Stand-Up India,https://www.standupmitra.in/,Tamil Nadu,Idea,Medium,Tech,- Loan size is from ₹10 lakhs to ₹1 crore.,GST Certificate,True
69778b6e5dbe0abc98245fc4,21eba917-718d-4dcc-a0a5-74029cf84e96,Stand-Up India,https://www.standupmitra.in/,Tamil Nadu,Idea,Medium,Tech,- Loan size is from ₹10 lakhs to ₹1 crore.,Udyam Certificate,True
69778b6e5dbe0abc98245fc5,b632cb4d-901a-422e-abe8-a938332543d3,Stand-Up India,https://www.standupmitra.in/,Tamil Nadu,Idea,Medium,Tech,- Loan size is from ₹10 lakhs to ₹1 crore.,Bank Statement,True
69778b6e5dbe0abc98245fc6,7badd14c-14af-4139-8263-aa873a0d198d,Stand-Up India,https://www.standupmitra.in/,Tamil Nadu,Idea,Medium,Tech,- Comprises a composite loan (including Term Loan and Working Capital).,GST Certificate,True
69778b6e5dbe0abc98245fc7,8c3faacf-c844-46d2-b65b-7801882c9d17,Stand-Up India,https://www.standupmitra.in/,Tamil Nadu,Idea,Medium,Tech,- Comprises a composite loan (including Term Loan and Working Capital).,Udyam Certificate,True
69778b6e5dbe0abc98245fc8,7f485829-4072-4bec-adfd-9c731c753a4d,Stand-Up India,https://www.standupmitra.in/,Tamil Nadu,Idea,Medium,Tech,- Comprises a composite loan (including Term Loan and Working Capital).,Bank Statement,True
69778b6e5dbe0abc98245fc9,9688dd80-0960-4246-973d-bafc4853cc28,Stand-Up India,https://www.standupmitra.in/,Tamil Nadu,Idea,Medium,Tech,"- Key Elements: Stand-Up India Ecosystem, Promoter Contribution of 15%, Marginal Money security cover under Credit Guarantee Fund Scheme for Stand-Up India Loans (CGFSIL). Impact Stories:",GST Certificate,True
69778b6e5dbe0abc98245fca,9dcc4c47-78c3-40a7-9278-34e2043e5b41,Stand-Up India,https://www.standupmitra.in/,Tamil Nadu,Idea,Medium,Tech,"- Key Elements: Stand-Up India Ecosystem, Promoter Contribution of 15%, Marginal Money security cover under Credit Guarantee Fund Scheme for Stand-Up India Loans (CGFSIL). Impact Stories:",Udyam Certificate,True
69778b6e5dbe0abc98245fcb,5078fa22-7093-4e51-9b17-31a5d959ad7b,Stand-Up India,https://www.standupmitra.in/,Tamil Nadu,Idea,Medium,Tech,"- Key Elements: Stand-Up India Ecosystem, Promoter Contribution of 15%, Marginal Money security cover under Credit Guarantee Fund Scheme for Stand-Up India Loans (CGFSIL). Impact Stories:",Bank Statement,True
69778b6e5dbe0abc98245fcc,21fd8fd8-016d-4d73-b065-136611b30f82,Stand-Up India,https://www.standupmitra.in/,Tamil Nadu,Idea,Medium,Tech,"- Prometheus is the beneficiary under STAND UP INDIA loan scheme. She has been given a loan for setting up of an Optometric clinic with vision therapy as she is a low vision therapist. As per the promoteur, she can earn Rs.1 lakhs per month from the Optical Gallery cum Optometric Clinic, which has vision therapy - as a low vision specialist, and has been granted loan sanction by PNB, Anna Nagar Branch, Chennai.",GST Certificate,True
69778b6e5dbe0abc98245fcd,313ffb3b-96dc-4c5a-9075-70bdaeaf5bf7,Stand-Up India,https://www.standupmitra.in/,Tamil Nadu,Idea,Medium,Tech,"- Prometheus is the beneficiary under STAND UP INDIA loan scheme. She has been given a loan for setting up of an Optometric clinic with vision therapy as she is a low vision therapist. As per the promoteur, she can earn Rs.1 lakhs per month from the Optical Gallery cum Optometric Clinic, which has vision therapy - as a low vision specialist, and has been granted loan sanction by PNB, Anna Nagar Branch, Chennai.",Udyam Certificate,True
69778b6e5dbe0abc98245fce,2c9c2b26-d3b4-4550-9120-f301205f9b05,Stand-Up India,https://www.standupmitra.in/,Tamil Nadu,Idea,Medium,Tech,"- Prometheus is the beneficiary under STAND UP INDIA loan scheme. She has been given a loan for setting up of an Optometric clinic with vision therapy as she is a low vision therapist. As per the promoteur, she can earn Rs.1 lakhs per month from the Optical Gallery cum Optometric Clinic, which has vision therapy - as a low vision specialist, and has been granted loan sanction by PNB, Anna Nagar Branch, Chennai.",Bank Statement,True
69778b6e5dbe0abc98245fcf,db8fad20-4934-4ebf-ac1f-fb4ae01fa0c2,Stand-Up India,https://www.standupmitra.in/,Tamil Nadu,Idea,Medium,Tech,"- Gaining experience from her father in law, the promoteur is able to stand alone as an optometrist after gaining experience from him. She has seen the website and learnt about the Anna Nagar branch extending STAND UP INDIA scheme and approached directly. According to the promoteur, she never dreamt of getting loan sanctioned in shortest time, which is why she is very happy and able to earn Rs.1 lakhs per month from the Optical Gallery cum Optometric Clinic, which has vision therapy - as a low v",GST Certificate,True
69778b6e5dbe0abc98245fd0,bd705845-c3f7-4d0d-908c-7a5e670c5c6e,Stand-Up India,https://www.standupmitra.in/,Tamil Nadu,Idea,Medium,Tech,"- Gaining experience from her father in law, the promoteur is able to stand alone as an optometrist after gaining experience from him. She has seen the website and learnt about the Anna Nagar branch extending STAND UP INDIA scheme and approached directly. According to the promoteur, she never dreamt of getting loan sanctioned in shortest time, which is why she is very happy and able to earn Rs.1 lakhs per month from the Optical Gallery cum Optometric Clinic, which has vision therapy - as a low v",Udyam Certificate,True
69778b6e5dbe0abc98245fd1,adc90286-4958-4a56-ae78-d1991cb8b9a2,Stand-Up India,https://www.standupmitra.in/,Tamil Nadu,Idea,Medium,Tech,"- Gaining experience from her father in law, the promoteur is able to stand alone as an optometrist after gaining experience from him. She has seen the website and learnt about the Anna Nagar branch extending STAND UP INDIA scheme and approached directly. According to the promoteur, she never dreamt of getting loan sanctioned in shortest time, which is why she is very happy and able to earn Rs.1 lakhs per month from the Optical Gallery cum Optometric Clinic, which has vision therapy - as a low v",Bank Statement,True
69778b6e5dbe0abc98245fd2,a43be8f7-5d3c-4eb2-8234-78e7a1815846,Stand-Up India,https://www.standupmitra.in/,Tamil Nadu,Idea,Medium,Tech,,GST Certificate,True
69778b6e5dbe0abc98245fd3,4d4384e9-825a-4729-8561-53f4ade11cf6,Stand-Up India,https://www.standupmitra.in/,Tamil Nadu,Idea,Medium,Tech,,Udyam Certificate,True
69778b6e5dbe0abc98245fd4,09940fc0-db18-43de-b953-a40e3c3cc0c5,Stand-Up India,https://www.standupmitra.in/,Tamil Nadu,Idea,Medium,Tech,,Bank Statement,True
69778b6e5dbe0abc98245fd5,29ad37dd-4586-493c-b7b7-079144f0f241,Stand-Up India,https://www.standupmitra.in/,Tamil Nadu,Idea,Medium,Tech,,GST Certificate,True
69778b6e5dbe0abc98245fd6,b4054d79-7ebd-4a46-86dd-a837653f67fd,Stand-Up India,https://www.standupmitra.in/,Tamil Nadu,Idea,Medium,Tech,,Udyam Certificate,True
69778b6e5dbe0abc98245fd7,e80dc0cd-3cc3-493e-b072-ecebfb72b29f,Stand-Up India,https://www.standupmitra.in/,Tamil Nadu,Idea,Medium,Tech,,Bank Statement,True
69778b6e5dbe0abc98245fd8,ac564281-b430-4709-b19a-662b7baadd9a,Stand-Up India,https://www.standupmitra.in/,Tamil Nadu,Idea,Medium,Agri,Extract:,GST Certificate,True
69778b6e5dbe0abc98245fd9,3c9a587e-f985-4268-9882-0866c9f6abb2,Stand-Up India,https://www.standupmitra.in/,Tamil Nadu,Idea,Medium,Agri,Extract:,Udyam Certificate,True
69778b6e5dbe0abc98245fda,3807abf3-928b-4e03-9dee-a6e0be4547ce,Stand-Up India,https://www.standupmitra.in/,Tamil Nadu,Idea,Medium,Agri,Extract:,Bank Statement,True
69778b6e5dbe0abc98245fdb,75befe8a-a524-4e12-81d9-f12f1f4ce7a6,Stand-Up India,https://www.standupmitra.in/,Tamil Nadu,Idea,Medium,Agri,- Eligibility criteria,GST Certificate,True
69778b6e5dbe0abc98245fdc,29132fd0-ab73-4d9f-ad85-222f463c87f0,Stand-Up India,https://www.standupmitra.in/,Tamil Nadu,Idea,Medium,Agri,- Eligibility criteria,Udyam Certificate,True
69778b6e5dbe0abc98245fdd,50b37a4e-0d0b-405c-998d-1d94439b055e,Stand-Up India,https://www.standupmitra.in/,Tamil Nadu,Idea,Medium,Agri,- Eligibility criteria,Bank Statement,True
69778b6e5dbe0abc98245fde,98453975-0187-4e30-a0e5-8a16677027e7,Stand-Up India,https://www.standupmitra.in/,Tamil Nadu,Idea,Medium,Agri,- Required documents,GST Certificate,True
69778b6e5dbe0abc98245fdf,6ae6c678-ef2f-41f7-a46b-fa34239b4e26,Stand-Up India,https://www.standupmitra.in/,Tamil Nadu,Idea,Medium,Agri,- Required documents,Udyam Certificate,True
69778b6e5dbe0abc98245fe0,466b2455-e9f5-4ffc-8bc6-b8cd399acdd9,Stand-Up India,https://www.standupmitra.in/,Tamil Nadu,Idea,Medium,Agri,- Required documents,Bank Statement,True
69778b6e5dbe0abc98245fe1,9c4d76d3-ad86-4171-8209-0bca117d798c,Stand-Up India,https://www.standupmitra.in/,Tamil Nadu,Idea,Medium,Agri,Return as bullet points.,GST Certificate,True
69778b6e5dbe0abc98245fe2,c61d8718-8db9-482e-979e-97f6eeaa172d,Stand-Up India,https://www.standupmitra.in/,Tamil Nadu,Idea,Medium,Agri,Return as bullet points.,Udyam Certificate,True
69778b6e5dbe0abc98245fe3,931cf879-253f-425b-a24a-beddb3b0c062,Stand-Up India,https://www.standupmitra.in/,Tamil Nadu,Idea,Medium,Agri,Return as bullet points.,Bank Statement,True
69778b6e5dbe0abc98245fe4,51184db7-2213-4bd2-9e1e-153a1cc4eab9,Stand-Up India,https://www.standupmitra.in/,Tamil Nadu,Idea,Medium,Agri,,GST Certificate,True
69778b6e5dbe0abc98245fe5,f647c4f6-2d6d-4a0e-a4dc-442ba3886db3,Stand-Up India,https://www.standupmitra.in/,Tamil Nadu,Idea,Medium,Agri,,Udyam Certificate,True
69778b6e5dbe0abc98245fe6,14f9e84a-43a8-4757-b0ab-5d06c76d62da,Stand-Up India,https://www.standupmitra.in/,Tamil Nadu,Idea,Medium,Agri,,Bank Statement,True
69778b6e5dbe0abc98245fe7,991afc37-4434-460f-aa13-03c74cb308e8,Stand-Up India,https://www.standupmitra.in/,Tamil Nadu,Idea,Medium,Agri,TEXT:,GST Certificate,True
69778b6e5dbe0abc98245fe8,35b57b88-9055-43c5-8d7e-dc424c56df3b,Stand-Up India,https://www.standupmitra.in/,Tamil Nadu,Idea,Medium,Agri,TEXT:,Udyam Certificate,True
69778b6e5dbe0abc98245fe9,8e29e3f3-620e-4f39-a65b-291cf7279a18,Stand-Up India,https://www.standupmitra.in/,Tamil Nadu,Idea,Medium,Agri,TEXT:,Bank Statement,True
69778b6e5dbe0abc98245fea,9e5035be-142b-481a-838f-a223cd7560df,Stand-Up India,https://www.standupmitra.in/,Tamil Nadu,Idea,Medium,Agri,StandupIndia Login Applicaunt Login Applicaant Registration Other Users Home About Us Stand-Up India Scheme facilitate...,GST Certificate,True
69778b6e5dbe0abc98245feb,8f262879-9292-4cbc-b6a5-94f6b01b7a1b,Stand-Up India,https://www.standupmitra.in/,Tamil Nadu,Idea,Medium,Agri,StandupIndia Login Applicaunt Login Applicaant Registration Other Users Home About Us Stand-Up India Scheme facilitate...,Udyam Certificate,True
69778b6e5dbe0abc98245fec,a500e570-f106-44b5-81bc-dbde9e05644b,Stand-Up India,https://www.standupmitra.in/,Tamil Nadu,Idea,Medium,Agri,StandupIndia Login Applicaunt Login Applicaant Registration Other Users Home About Us Stand-Up India Scheme facilitate...,Bank Statement,True
69778b6e5dbe0abc98245fed,1f7fd3a6-ac07-4549-9e83-2943dc424c1c,Stand-Up India,https://www.standupmitra.in/,Tamil Nadu,Idea,Medium,Agri,,GST Certificate,True
69778b6e5dbe0abc98245fee,b6022ce2-435a-4781-bd30-763184ea2d66,Stand-Up India,https://www.standupmitra.in/,Tamil Nadu,Idea,Medium,Agri,,Udyam Certificate,True
69778b6e5dbe0abc98245fef,5c553f09-e06a-476e-9f45-f8fa81bdf1e6,Stand-Up India,https://www.standupmitra.in/,Tamil Nadu,Idea,Medium,Agri,,Bank Statement,True
69778b6e5dbe0abc98245ff0,55737072-b505-4439-b66a-9f8753323e7e,Stand-Up India,https://www.standupmitra.in/,Tamil Nadu,Idea,Medium,Agri,"Communities Stand-up India Scheme facilitates bank loan between ₹10 lakhs and ₹1 crore for Applicants to establish a greenfield enterprise. The Borrower Type Loans to SC/ST and Women Entrepreneurs with at least 51% of the shareholding and controlling stake, either an SC/ST or woman entrepreneur. Salient Features:",GST Certificate,True
69778b6e5dbe0abc98245ff1,4d1225a7-3038-4a29-9e4d-b0fa989b07e1,Stand-Up India,https://www.standupmitra.in/,Tamil Nadu,Idea,Medium,Agri,"Communities Stand-up India Scheme facilitates bank loan between ₹10 lakhs and ₹1 crore for Applicants to establish a greenfield enterprise. The Borrower Type Loans to SC/ST and Women Entrepreneurs with at least 51% of the shareholding and controlling stake, either an SC/ST or woman entrepreneur. Salient Features:",Udyam Certificate,True
69778b6e5dbe0abc98245ff2,46c23493-db6d-455d-8721-463311ad7500,Stand-Up India,https://www.standupmitra.in/,Tamil Nadu,Idea,Medium,Agri,"Communities Stand-up India Scheme facilitates bank loan between ₹10 lakhs and ₹1 crore for Applicants to establish a greenfield enterprise. The Borrower Type Loans to SC/ST and Women Entrepreneurs with at least 51% of the shareholding and controlling stake, either an SC/ST or woman entrepreneur. Salient Features:",Bank Statement,True
69778b6e5dbe0abc98245ff3,1840c196-8887-4595-83c1-8ecee56467db,Stand-Up India,https://www.standupmitra.in/,Tamil Nadu,Idea,Medium,Agri,- Loans of between ₹10 lakhs to ₹1 crore for Applicants.,GST Certificate,True
69778b6e5dbe0abc98245ff4,ad39decd-69f0-41b9-ba1c-d88535d839af,Stand-Up India,https://www.standupmitra.in/,Tamil Nadu,Idea,Medium,Agri,- Loans of between ₹10 lakhs to ₹1 crore for Applicants.,Udyam Certificate,True
69778b6e5dbe0abc98245ff5,81bb0cbf-3dea-4a32-b397-434d728a19f3,Stand-Up India,https://www.standupmitra.in/,Tamil Nadu,Idea,Medium,Agri,- Loans of between ₹10 lakhs to ₹1 crore for Applicants.,Bank Statement,True
69778b6e5dbe0abc98245ff6,cd37caa0-3c73-42de-b549-c62c004ba6c4,Stand-Up India,https://www.standupmitra.in/,Tamil Nadu,Idea,Medium,Agri,- Enterprise loans for setting up a greenfield enterprise.,GST Certificate,True
69778b6e5dbe0abc98245ff7,196e9bd2-5d0d-4714-aa17-dfbee9a6cc9f,Stand-Up India,https://www.standupmitra.in/,Tamil Nadu,Idea,Medium,Agri,- Enterprise loans for setting up a greenfield enterprise.,Udyam Certificate,True
69778b6e5dbe0abc98245ff8,7c87f60a-8dc4-4e62-bf65-79f1dd2a666e,Stand-Up India,https://www.standupmitra.in/,Tamil Nadu,Idea,Medium,Agri,- Enterprise loans for setting up a greenfield enterprise.,Bank Statement,True
69778b6e5dbe0abc98245ff9,067c54a2-b242-4f1e-baf6-4da103712e50,Stand-Up India,https://www.standupmitra.in/,Tamil Nadu,Idea,Medium,Agri,- Loan size is from ₹10 lakhs to ₹1 crore.,GST Certificate,True
69778b6e5dbe0abc98245ffa,e3227961-3737-4734-b2c7-b68fbca826fe,Stand-Up India,https://www.standupmitra.in/,Tamil Nadu,Idea,Medium,Agri,- Loan size is from ₹10 lakhs to ₹1 crore.,Udyam Certificate,True
69778b6e5dbe0abc98245ffb,fd31bc28-803d-427d-878d-561170e020ad,Stand-Up India,https://www.standupmitra.in/,Tamil Nadu,Idea,Medium,Agri,- Loan size is from ₹10 lakhs to ₹1 crore.,Bank Statement,True
69778b6e5dbe0abc98245ffc,81c51e8f-6f33-426b-b08a-d92f632c87f7,Stand-Up India,https://www.standupmitra.in/,Tamil Nadu,Idea,Medium,Agri,- Comprises a composite loan (including Term Loan and Working Capital).,GST Certificate,True
69778b6e5dbe0abc98245ffd,f0e69a22-ed4a-4cfa-bb92-3e4ca531de5c,Stand-Up India,https://www.standupmitra.in/,Tamil Nadu,Idea,Medium,Agri,- Comprises a composite loan (including Term Loan and Working Capital).,Udyam Certificate,True
69778b6e5dbe0abc98245ffe,c2b5532f-660c-4e7f-be5d-c9020addeb04,Stand-Up India,https://www.standupmitra.in/,Tamil Nadu,Idea,Medium,Agri,- Comprises a composite loan (including Term Loan and Working Capital).,Bank Statement,True
69778b6e5dbe0abc98245fff,449a62bd-b9ac-40b8-9635-2276bafefb0d,Stand-Up India,https://www.standupmitra.in/,Tamil Nadu,Idea,Medium,Agri,"- Key Elements: Stand-Up India Ecosystem, Promoter Contribution of 15%, Marginal Money security cover under Credit Guarantee Fund Scheme for Stand-Up India Loans (CGFSIL). Impact Stories:",GST Certificate,True
69778b6e5dbe0abc98246000,6faeffa3-2e01-4aeb-a3dd-1b695da7d99b,Stand-Up India,https://www.standupmitra.in/,Tamil Nadu,Idea,Medium,Agri,"- Key Elements: Stand-Up India Ecosystem, Promoter Contribution of 15%, Marginal Money security cover under Credit Guarantee Fund Scheme for Stand-Up India Loans (CGFSIL). Impact Stories:",Udyam Certificate,True
69778b6e5dbe0abc98246001,ba2b3e48-adf1-4e11-8711-6470e774e62c,Stand-Up India,https://www.standupmitra.in/,Tamil Nadu,Idea,Medium,Agri,"- Key Elements: Stand-Up India Ecosystem, Promoter Contribution of 15%, Marginal Money security cover under Credit Guarantee Fund Scheme for Stand-Up India Loans (CGFSIL). Impact Stories:",Bank Statement,True
69778b6e5dbe0abc98246002,7c5ec84d-03c8-4ff7-811d-f1c4cd0821b6,Stand-Up India,https://www.standupmitra.in/,Tamil Nadu,Idea,Medium,Agri,"- Prometheus is the beneficiary under STAND UP INDIA loan scheme. She has been given a loan for setting up of an Optometric clinic with vision therapy as she is a low vision therapist. As per the promoteur, she can earn Rs.1 lakhs per month from the Optical Gallery cum Optometric Clinic, which has vision therapy - as a low vision specialist, and has been granted loan sanction by PNB, Anna Nagar Branch, Chennai.",GST Certificate,True
69778b6e5dbe0abc98246003,00884e2c-d6fb-4aca-986c-1fd23bbfb55f,Stand-Up India,https://www.standupmitra.in/,Tamil Nadu,Idea,Medium,Agri,"- Prometheus is the beneficiary under STAND UP INDIA loan scheme. She has been given a loan for setting up of an Optometric clinic with vision therapy as she is a low vision therapist. As per the promoteur, she can earn Rs.1 lakhs per month from the Optical Gallery cum Optometric Clinic, which has vision therapy - as a low vision specialist, and has been granted loan sanction by PNB, Anna Nagar Branch, Chennai.",Udyam Certificate,True
69778b6e5dbe0abc98246004,9530a70c-0fd3-4289-83a7-dbffaeb07475,Stand-Up India,https://www.standupmitra.in/,Tamil Nadu,Idea,Medium,Agri,"- Prometheus is the beneficiary under STAND UP INDIA loan scheme. She has been given a loan for setting up of an Optometric clinic with vision therapy as she is a low vision therapist. As per the promoteur, she can earn Rs.1 lakhs per month from the Optical Gallery cum Optometric Clinic, which has vision therapy - as a low vision specialist, and has been granted loan sanction by PNB, Anna Nagar Branch, Chennai.",Bank Statement,True
69778b6e5dbe0abc98246005,2d82ad7b-ee6a-4ff7-96e3-993d858884bd,Stand-Up India,https://www.standupmitra.in/,Tamil Nadu,Idea,Medium,Agri,"- Gaining experience from her father in law, the promoteur is able to stand alone as an optometrist after gaining experience from him. She has seen the website and learnt about the Anna Nagar branch extending STAND UP INDIA scheme and approached directly. According to the promoteur, she never dreamt of getting loan sanctioned in shortest time, which is why she is very happy and able to earn Rs.1 lakhs per month from the Optical Gallery cum Optometric Clinic, which has vision therapy - as a low v",GST Certificate,True
69778b6e5dbe0abc98246006,222d7375-18ce-4468-a1b6-4c3144c3f075,Stand-Up India,https://www.standupmitra.in/,Tamil Nadu,Idea,Medium,Agri,"- Gaining experience from her father in law, the promoteur is able to stand alone as an optometrist after gaining experience from him. She has seen the website and learnt about the Anna Nagar branch extending STAND UP INDIA scheme and approached directly. According to the promoteur, she never dreamt of getting loan sanctioned in shortest time, which is why she is very happy and able to earn Rs.1 lakhs per month from the Optical Gallery cum Optometric Clinic, which has vision therapy - as a low v",Udyam Certificate,True
69778b6e5dbe0abc98246007,92c75292-6a8f-458f-9a8d-836732321924,Stand-Up India,https://www.standupmitra.in/,Tamil Nadu,Idea,Medium,Agri,"- Gaining experience from her father in law, the promoteur is able to stand alone as an optometrist after gaining experience from him. She has seen the website and learnt about the Anna Nagar branch extending STAND UP INDIA scheme and approached directly. According to the promoteur, she never dreamt of getting loan sanctioned in shortest time, which is why she is very happy and able to earn Rs.1 lakhs per month from the Optical Gallery cum Optometric Clinic, which has vision therapy - as a low v",Bank Statement,True
69778b6e5dbe0abc98246008,260718e3-2415-417a-b97b-d903cc0cf467,Stand-Up India,https://www.standupmitra.in/,Tamil Nadu,Idea,Medium,Agri,,GST Certificate,True
69778b6e5dbe0abc98246009,fe53ba99-68ae-418e-9440-c011fa799891,Stand-Up India,https://www.standupmitra.in/,Tamil Nadu,Idea,Medium,Agri,,Udyam Certificate,True
69778b6e5dbe0abc9824600a,96d3ea7a-bf16-4b08-ba8d-b86a27e93dee,Stand-Up India,https://www.standupmitra.in/,Tamil Nadu,Idea,Medium,Agri,,Bank Statement,True
69778b6e5dbe0abc9824600b,915854af-6919-4df6-967c-d178d3f1f78f,Stand-Up India,https://www.standupmitra.in/,Tamil Nadu,Idea,Medium,Agri,,GST Certificate,True
69778b6e5dbe0abc9824600c,e7909db4-ed2c-4238-a408-dc4d283c88a4,Stand-Up India,https://www.standupmitra.in/,Tamil Nadu,Idea,Medium,Agri,,Udyam Certificate,True
69778b6e5dbe0abc9824600d,46863566-4795-4ec3-bb02-0aef986035e1,Stand-Up India,https://www.standupmitra.in/,Tamil Nadu,Idea,Medium,Agri,,Bank Statement,True
69778b6e5dbe0abc9824600e,5cee7087-637f-4c35-bb90-0722d8479385,Stand-Up India,https://www.standupmitra.in/,Tamil Nadu,Early,Micro,Manufacturing,Extract:,GST Certificate,True
69778b6e5dbe0abc9824600f,86091948-3ebf-46e7-957f-16ed4badbfa5,Stand-Up India,https://www.standupmitra.in/,Tamil Nadu,Early,Micro,Manufacturing,Extract:,Udyam Certificate,True
69778b6e5dbe0abc98246010,05d85a59-c0cb-42ed-be3e-b0500a50683e,Stand-Up India,https://www.standupmitra.in/,Tamil Nadu,Early,Micro,Manufacturing,Extract:,Bank Statement,True
69778b6e5dbe0abc98246011,6bc16694-2dfc-4526-82d3-19144aa5875d,Stand-Up India,https://www.standupmitra.in/,Tamil Nadu,Early,Micro,Manufacturing,- Eligibility criteria,GST Certificate,True
69778b6e5dbe0abc98246012,448a9527-0a5b-46e5-8aaf-0db40f2940c1,Stand-Up India,https://www.standupmitra.in/,Tamil Nadu,Early,Micro,Manufacturing,- Eligibility criteria,Udyam Certificate,True
69778b6e5dbe0abc98246013,ee56113a-1292-4f82-b57e-dd1da5be144f,Stand-Up India,https://www.standupmitra.in/,Tamil Nadu,Early,Micro,Manufacturing,- Eligibility criteria,Bank Statement,True
69778b6e5dbe0abc98246014,96bad743-6420-4faa-a1b5-c58127aa1b5c,Stand-Up India,https://www.standupmitra.in/,Tamil Nadu,Early,Micro,Manufacturing,- Required documents,GST Certificate,True
69778b6e5dbe0abc98246015,4a36a295-51ce-47e9-a169-a1948e595c4c,Stand-Up India,https://www.standupmitra.in/,Tamil Nadu,Early,Micro,Manufacturing,- Required documents,Udyam Certificate,True
69778b6e5dbe0abc98246016,5eff8468-0674-4f5e-942d-4ed50aacafe8,Stand-Up India,https://www.standupmitra.in/,Tamil Nadu,Early,Micro,Manufacturing,- Required documents,Bank Statement,True
69778b6e5dbe0abc98246017,5da426d5-1896-4c49-924e-5154617b7dc6,Stand-Up India,https://www.standupmitra.in/,Tamil Nadu,Early,Micro,Manufacturing,Return as bullet points.,GST Certificate,True
69778b6e5dbe0abc98246018,f73f52f4-a88b-4eeb-aaa8-1958119eb6d6,Stand-Up India,https://www.standupmitra.in/,Tamil Nadu,Early,Micro,Manufacturing,Return as bullet points.,Udyam Certificate,True
69778b6e5dbe0abc98246019,ee4bdc2f-40cf-4b3b-a51c-d883d88d657b,Stand-Up India,https://www.standupmitra.in/,Tamil Nadu,Early,Micro,Manufacturing,Return as bullet points.,Bank Statement,True
69778b6e5dbe0abc9824601a,2df2c8fd-154e-4973-997a-64403d25a34a,Stand-Up India,https://www.standupmitra.in/,Tamil Nadu,Early,Micro,Manufacturing,,GST Certificate,True
69778b6e5dbe0abc9824601b,182ac8cd-326f-43d2-9aa1-59d21ee16725,Stand-Up India,https://www.standupmitra.in/,Tamil Nadu,Early,Micro,Manufacturing,,Udyam Certificate,True
69778b6e5dbe0abc9824601c,eab3a992-362b-4270-97d7-83cc3e2097fe,Stand-Up India,https://www.standupmitra.in/,Tamil Nadu,Early,Micro,Manufacturing,,Bank Statement,True
69778b6e5dbe0abc9824601d,c272d749-a0be-4a83-8ad0-24b990b667cd,Stand-Up India,https://www.standupmitra.in/,Tamil Nadu,Early,Micro,Manufacturing,TEXT:,GST Certificate,True
69778b6e5dbe0abc9824601e,639a1432-fc0c-4ca3-9b9e-076210727aff,Stand-Up India,https://www.standupmitra.in/,Tamil Nadu,Early,Micro,Manufacturing,TEXT:,Udyam Certificate,True
69778b6e5dbe0abc9824601f,05060881-28d3-429d-a171-cb9e8a426c19,Stand-Up India,https://www.standupmitra.in/,Tamil Nadu,Early,Micro,Manufacturing,TEXT:,Bank Statement,True
69778b6e5dbe0abc98246020,75bf42e5-26a2-4cf7-9da2-e3c20fd4a935,Stand-Up India,https://www.standupmitra.in/,Tamil Nadu,Early,Micro,Manufacturing,StandupIndia Login Applicaunt Login Applicaant Registration Other Users Home About Us Stand-Up India Scheme facilitate...,GST Certificate,True
69778b6e5dbe0abc98246021,aac71e3a-3f8c-4832-b520-1bf4b9319764,Stand-Up India,https://www.standupmitra.in/,Tamil Nadu,Early,Micro,Manufacturing,StandupIndia Login Applicaunt Login Applicaant Registration Other Users Home About Us Stand-Up India Scheme facilitate...,Udyam Certificate,True
69778b6e5dbe0abc98246022,c8b5de22-a1a9-4666-ae38-fa2926595312,Stand-Up India,https://www.standupmitra.in/,Tamil Nadu,Early,Micro,Manufacturing,StandupIndia Login Applicaunt Login Applicaant Registration Other Users Home About Us Stand-Up India Scheme facilitate...,Bank Statement,True
69778b6e5dbe0abc98246023,5d09262c-3f04-4d37-9a1d-65b41b2d4e62,Stand-Up India,https://www.standupmitra.in/,Tamil Nadu,Early,Micro,Manufacturing,,GST Certificate,True
69778b6e5dbe0abc98246024,71abccc9-05da-4689-93ed-0e90417f5f67,Stand-Up India,https://www.standupmitra.in/,Tamil Nadu,Early,Micro,Manufacturing,,Udyam Certificate,True
69778b6e5dbe0abc98246025,5579b142-a54a-4e81-b340-052f08b7d2bc,Stand-Up India,https://www.standupmitra.in/,Tamil Nadu,Early,Micro,Manufacturing,,Bank Statement,True
69778b6e5dbe0abc98246026,2ceb330a-8d5f-4c77-98d1-3bec165fa562,Stand-Up India,https://www.standupmitra.in/,Tamil Nadu,Early,Micro,Manufacturing,"Communities Stand-up India Scheme facilitates bank loan between ₹10 lakhs and ₹1 crore for Applicants to establish a greenfield enterprise. The Borrower Type Loans to SC/ST and Women Entrepreneurs with at least 51% of the shareholding and controlling stake, either an SC/ST or woman entrepreneur. Salient Features:",GST Certificate,True
69778b6e5dbe0abc98246027,d52bafbd-c01f-4e5d-b3a2-a96fb547f58b,Stand-Up India,https://www.standupmitra.in/,Tamil Nadu,Early,Micro,Manufacturing,"Communities Stand-up India Scheme facilitates bank loan between ₹10 lakhs and ₹1 crore for Applicants to establish a greenfield enterprise. The Borrower Type Loans to SC/ST and Women Entrepreneurs with at least 51% of the shareholding and controlling stake, either an SC/ST or woman entrepreneur. Salient Features:",Udyam Certificate,True
69778b6e5dbe0abc98246028,c558d8bc-6395-4440-b437-7353cc4ec9cf,Stand-Up India,https://www.standupmitra.in/,Tamil Nadu,Early,Micro,Manufacturing,"Communities Stand-up India Scheme facilitates bank loan between ₹10 lakhs and ₹1 crore for Applicants to establish a greenfield enterprise. The Borrower Type Loans to SC/ST and Women Entrepreneurs with at least 51% of the shareholding and controlling stake, either an SC/ST or woman entrepreneur. Salient Features:",Bank Statement,True
69778b6e5dbe0abc98246029,021303cf-0895-4d5e-8c91-30a0b1460a18,Stand-Up India,https://www.standupmitra.in/,Tamil Nadu,Early,Micro,Manufacturing,- Loans of between ₹10 lakhs to ₹1 crore for Applicants.,GST Certificate,True
69778b6e5dbe0abc9824602a,2493c733-7911-4f17-acea-8140b6d332f1,Stand-Up India,https://www.standupmitra.in/,Tamil Nadu,Early,Micro,Manufacturing,- Loans of between ₹10 lakhs to ₹1 crore for Applicants.,Udyam Certificate,True
69778b6e5dbe0abc9824602b,422b619a-5756-4670-b1ac-e2a26f8c2851,Stand-Up India,https://www.standupmitra.in/,Tamil Nadu,Early,Micro,Manufacturing,- Loans of between ₹10 lakhs to ₹1 crore for Applicants.,Bank Statement,True
69778b6e5dbe0abc9824602c,a475f954-1dff-4143-9ea3-dc17a912e1ea,Stand-Up India,https://www.standupmitra.in/,Tamil Nadu,Early,Micro,Manufacturing,- Enterprise loans for setting up a greenfield enterprise.,GST Certificate,True
69778b6e5dbe0abc9824602d,ea78bf13-5b24-4062-8e5a-280f4e263314,Stand-Up India,https://www.standupmitra.in/,Tamil Nadu,Early,Micro,Manufacturing,- Enterprise loans for setting up a greenfield enterprise.,Udyam Certificate,True
69778b6e5dbe0abc9824602e,501afbea-e24e-4f3c-aadd-22462fcba2f2,Stand-Up India,https://www.standupmitra.in/,Tamil Nadu,Early,Micro,Manufacturing,- Enterprise loans for setting up a greenfield enterprise.,Bank Statement,True
69778b6e5dbe0abc9824602f,ec654cb1-aff4-45f3-acb4-54e3fdf233a4,Stand-Up India,https://www.standupmitra.in/,Tamil Nadu,Early,Micro,Manufacturing,- Loan size is from ₹10 lakhs to ₹1 crore.,GST Certificate,True
69778b6e5dbe0abc98246030,190caff6-fc36-4525-877c-1b5e8a5e068e,Stand-Up India,https://www.standupmitra.in/,Tamil Nadu,Early,Micro,Manufacturing,- Loan size is from ₹10 lakhs to ₹1 crore.,Udyam Certificate,True
69778b6e5dbe0abc98246031,affa1a73-2cae-4f7e-9f3b-43d3ccddd271,Stand-Up India,https://www.standupmitra.in/,Tamil Nadu,Early,Micro,Manufacturing,- Loan size is from ₹10 lakhs to ₹1 crore.,Bank Statement,True
69778b6e5dbe0abc98246032,fb3600a5-c5c5-4b39-8201-b3d8f76cd72d,Stand-Up India,https://www.standupmitra.in/,Tamil Nadu,Early,Micro,Manufacturing,- Comprises a composite loan (including Term Loan and Working Capital).,GST Certificate,True
69778b6e5dbe0abc98246033,8f263229-1713-41dc-8e0a-a14bc5cf9ef9,Stand-Up India,https://www.standupmitra.in/,Tamil Nadu,Early,Micro,Manufacturing,- Comprises a composite loan (including Term Loan and Working Capital).,Udyam Certificate,True
69778b6e5dbe0abc98246034,d610f08d-c50d-4388-905e-97a17dd36f2e,Stand-Up India,https://www.standupmitra.in/,Tamil Nadu,Early,Micro,Manufacturing,- Comprises a composite loan (including Term Loan and Working Capital).,Bank Statement,True
69778b6e5dbe0abc98246035,5b4c99bd-c180-43d7-bd42-3f17008473fe,Stand-Up India,https://www.standupmitra.in/,Tamil Nadu,Early,Micro,Manufacturing,"- Key Elements: Stand-Up India Ecosystem, Promoter Contribution of 15%, Marginal Money security cover under Credit Guarantee Fund Scheme for Stand-Up India Loans (CGFSIL). Impact Stories:",GST Certificate,True
69778b6e5dbe0abc98246036,324fe90e-5e1a-401b-8738-1a3139151362,Stand-Up India,https://www.standupmitra.in/,Tamil Nadu,Early,Micro,Manufacturing,"- Key Elements: Stand-Up India Ecosystem, Promoter Contribution of 15%, Marginal Money security cover under Credit Guarantee Fund Scheme for Stand-Up India Loans (CGFSIL). Impact Stories:",Udyam Certificate,True
69778b6e5dbe0abc98246037,5c095540-daef-422d-8f19-4087e70ef16f,Stand-Up India,https://www.standupmitra.in/,Tamil Nadu,Early,Micro,Manufacturing,"- Key Elements: Stand-Up India Ecosystem, Promoter Contribution of 15%, Marginal Money security cover under Credit Guarantee Fund Scheme for Stand-Up India Loans (CGFSIL). Impact Stories:",Bank Statement,True
69778b6e5dbe0abc98246038,840d6853-8de6-4c7f-a1d9-65f7bf7749da,Stand-Up India,https://www.standupmitra.in/,Tamil Nadu,Early,Micro,Manufacturing,"- Prometheus is the beneficiary under STAND UP INDIA loan scheme. She has been given a loan for setting up of an Optometric clinic with vision therapy as she is a low vision therapist. As per the promoteur, she can earn Rs.1 lakhs per month from the Optical Gallery cum Optometric Clinic, which has vision therapy - as a low vision specialist, and has been granted loan sanction by PNB, Anna Nagar Branch, Chennai.",GST Certificate,True
69778b6e5dbe0abc98246039,be060463-3169-4344-8617-0f6eb56601a4,Stand-Up India,https://www.standupmitra.in/,Tamil Nadu,Early,Micro,Manufacturing,"- Prometheus is the beneficiary under STAND UP INDIA loan scheme. She has been given a loan for setting up of an Optometric clinic with vision therapy as she is a low vision therapist. As per the promoteur, she can earn Rs.1 lakhs per month from the Optical Gallery cum Optometric Clinic, which has vision therapy - as a low vision specialist, and has been granted loan sanction by PNB, Anna Nagar Branch, Chennai.",Udyam Certificate,True
69778b6e5dbe0abc9824603a,c07856aa-8ca9-45e6-8784-a5466c94ad3e,Stand-Up India,https://www.standupmitra.in/,Tamil Nadu,Early,Micro,Manufacturing,"- Prometheus is the beneficiary under STAND UP INDIA loan scheme. She has been given a loan for setting up of an Optometric clinic with vision therapy as she is a low vision therapist. As per the promoteur, she can earn Rs.1 lakhs per month from the Optical Gallery cum Optometric Clinic, which has vision therapy - as a low vision specialist, and has been granted loan sanction by PNB, Anna Nagar Branch, Chennai.",Bank Statement,True
69778b6e5dbe0abc9824603b,3df7fdbd-5c85-40ba-b98c-e74dd9bac21b,Stand-Up India,https://www.standupmitra.in/,Tamil Nadu,Early,Micro,Manufacturing,"- Gaining experience from her father in law, the promoteur is able to stand alone as an optometrist after gaining experience from him. She has seen the website and learnt about the Anna Nagar branch extending STAND UP INDIA scheme and approached directly. According to the promoteur, she never dreamt of getting loan sanctioned in shortest time, which is why she is very happy and able to earn Rs.1 lakhs per month from the Optical Gallery cum Optometric Clinic, which has vision therapy - as a low v",GST Certificate,True
69778b6e5dbe0abc9824603c,10f6d425-234b-413a-a84b-e3ce2a596a52,Stand-Up India,https://www.standupmitra.in/,Tamil Nadu,Early,Micro,Manufacturing,"- Gaining experience from her father in law, the promoteur is able to stand alone as an optometrist after gaining experience from him. She has seen the website and learnt about the Anna Nagar branch extending STAND UP INDIA scheme and approached directly. According to the promoteur, she never dreamt of getting loan sanctioned in shortest time, which is why she is very happy and able to earn Rs.1 lakhs per month from the Optical Gallery cum Optometric Clinic, which has vision therapy - as a low v",Udyam Certificate,True
69778b6e5dbe0abc9824603d,8f164fa6-dc5a-4f5e-95d0-9323b687baf2,Stand-Up India,https://www.standupmitra.in/,Tamil Nadu,Early,Micro,Manufacturing,"- Gaining experience from her father in law, the promoteur is able to stand alone as an optometrist after gaining experience from him. She has seen the website and learnt about the Anna Nagar branch extending STAND UP INDIA scheme and approached directly. According to the promoteur, she never dreamt of getting loan sanctioned in shortest time, which is why she is very happy and able to earn Rs.1 lakhs per month from the Optical Gallery cum Optometric Clinic, which has vision therapy - as a low v",Bank Statement,True
69778b6e5dbe0abc9824603e,623b7cec-28c3-42ca-aebc-6c2d28de31d5,Stand-Up India,https://www.standupmitra.in/,Tamil Nadu,Early,Micro,Manufacturing,,GST Certificate,True
69778b6e5dbe0abc9824603f,a2168b9e-eec5-4402-8a09-45ad3378153a,Stand-Up India,https://www.standupmitra.in/,Tamil Nadu,Early,Micro,Manufacturing,,Udyam Certificate,True
69778b6e5dbe0abc98246040,71c584aa-01b5-42c5-bc61-4a1dd789ccb5,Stand-Up India,https://www.standupmitra.in/,Tamil Nadu,Early,Micro,Manufacturing,,Bank Statement,True
69778b6e5dbe0abc98246041,2601f051-d924-4499-99bb-205d3c94e9bb,Stand-Up India,https://www.standupmitra.in/,Tamil Nadu,Early,Micro,Manufacturing,,GST Certificate,True
69778b6e5dbe0abc98246042,3b152175-d696-449a-b60c-4ede1686a4a9,Stand-Up India,https://www.standupmitra.in/,Tamil Nadu,Early,Micro,Manufacturing,,Udyam Certificate,True
69778b6e5dbe0abc98246043,4631644d-06f9-4507-b1a9-fc987d685329,Stand-Up India,https://www.standupmitra.in/,Tamil Nadu,Early,Micro,Manufacturing,,Bank Statement,True
69778b6e5dbe0abc98246044,025b2855-361a-4d44-bdb9-bfb9157fcd78,Stand-Up India,https://www.standupmitra.in/,Tamil Nadu,Early,Micro,Service,Extract:,GST Certificate,True
69778b6e5dbe0abc98246045,fa14722e-12c9-478c-833b-29a7c593f029,Stand-Up India,https://www.standupmitra.in/,Tamil Nadu,Early,Micro,Service,Extract:,Udyam Certificate,True
69778b6e5dbe0abc98246046,723bde94-7f29-4e91-8a9b-14f8d633c384,Stand-Up India,https://www.standupmitra.in/,Tamil Nadu,Early,Micro,Service,Extract:,Bank Statement,True
69778b6e5dbe0abc98246047,94f9f4a3-06bf-437f-8c34-6c2efcaabebc,Stand-Up India,https://www.standupmitra.in/,Tamil Nadu,Early,Micro,Service,- Eligibility criteria,GST Certificate,True
69778b6e5dbe0abc98246048,78e5ae12-8b0b-479e-a64b-9cb84851dd2f,Stand-Up India,https://www.standupmitra.in/,Tamil Nadu,Early,Micro,Service,- Eligibility criteria,Udyam Certificate,True
69778b6e5dbe0abc98246049,e391e2d1-687a-4322-acc7-86eca45ef05b,Stand-Up India,https://www.standupmitra.in/,Tamil Nadu,Early,Micro,Service,- Eligibility criteria,Bank Statement,True
69778b6e5dbe0abc9824604a,24c61a89-89c7-4c1a-8b99-34932017b15b,Stand-Up India,https://www.standupmitra.in/,Tamil Nadu,Early,Micro,Service,- Required documents,GST Certificate,True
69778b6e5dbe0abc9824604b,95499a89-8be9-4eeb-8fdd-9e8872abf515,Stand-Up India,https://www.standupmitra.in/,Tamil Nadu,Early,Micro,Service,- Required documents,Udyam Certificate,True
69778b6e5dbe0abc9824604c,c8dc0f96-5132-4fea-bdc9-33940a557e7d,Stand-Up India,https://www.standupmitra.in/,Tamil Nadu,Early,Micro,Service,- Required documents,Bank Statement,True
69778b6e5dbe0abc9824604d,f2587c41-0746-4a72-b51b-3bbe25baa8d2,Stand-Up India,https://www.standupmitra.in/,Tamil Nadu,Early,Micro,Service,Return as bullet points.,GST Certificate,True
69778b6e5dbe0abc9824604e,597060b8-772c-406e-b7c2-66db61b6d749,Stand-Up India,https://www.standupmitra.in/,Tamil Nadu,Early,Micro,Service,Return as bullet points.,Udyam Certificate,True
69778b6e5dbe0abc9824604f,9184e703-6a67-4709-a034-57067fee65ed,Stand-Up India,https://www.standupmitra.in/,Tamil Nadu,Early,Micro,Service,Return as bullet points.,Bank Statement,True
69778b6e5dbe0abc98246050,79072d74-68c2-4273-a2fa-dd349e260d9e,Stand-Up India,https://www.standupmitra.in/,Tamil Nadu,Early,Micro,Service,,GST Certificate,True
69778b6e5dbe0abc98246051,88614ebd-dc85-49c7-8aff-236f839cf09b,Stand-Up India,https://www.standupmitra.in/,Tamil Nadu,Early,Micro,Service,,Udyam Certificate,True
69778b6e5dbe0abc98246052,a41d8a13-1cd5-4b8a-8063-30b562f65f88,Stand-Up India,https://www.standupmitra.in/,Tamil Nadu,Early,Micro,Service,,Bank Statement,True
69778b6e5dbe0abc98246053,84345b44-30d8-461e-aa40-1b63fcfffc59,Stand-Up India,https://www.standupmitra.in/,Tamil Nadu,Early,Micro,Service,TEXT:,GST Certificate,True
69778b6e5dbe0abc98246054,9c1d2f90-09b7-4126-a4fa-8ac562aeaadd,Stand-Up India,https://www.standupmitra.in/,Tamil Nadu,Early,Micro,Service,TEXT:,Udyam Certificate,True
69778b6e5dbe0abc98246055,5a61a9b0-6b7b-4dab-8d56-ec632e3a974a,Stand-Up India,https://www.standupmitra.in/,Tamil Nadu,Early,Micro,Service,TEXT:,Bank Statement,True
69778b6e5dbe0abc98246056,7650277d-987a-482b-bf47-9b20c56c3023,Stand-Up India,https://www.standupmitra.in/,Tamil Nadu,Early,Micro,Service,StandupIndia Login Applicaunt Login Applicaant Registration Other Users Home About Us Stand-Up India Scheme facilitate...,GST Certificate,True
69778b6e5dbe0abc98246057,1edb617f-dcc5-4ed2-a339-7b1441e0a2f2,Stand-Up India,https://www.standupmitra.in/,Tamil Nadu,Early,Micro,Service,StandupIndia Login Applicaunt Login Applicaant Registration Other Users Home About Us Stand-Up India Scheme facilitate...,Udyam Certificate,True
69778b6e5dbe0abc98246058,782d1d80-c471-4ca6-9830-71ab03525ed7,Stand-Up India,https://www.standupmitra.in/,Tamil Nadu,Early,Micro,Service,StandupIndia Login Applicaunt Login Applicaant Registration Other Users Home About Us Stand-Up India Scheme facilitate...,Bank Statement,True
69778b6e5dbe0abc98246059,308f3fae-1211-4996-8704-f9cd5c723aa2,Stand-Up India,https://www.standupmitra.in/,Tamil Nadu,Early,Micro,Service,,GST Certificate,True
69778b6e5dbe0abc9824605a,c8e1a57e-f3c2-444e-b5a8-4a64e77187a6,Stand-Up India,https://www.standupmitra.in/,Tamil Nadu,Early,Micro,Service,,Udyam Certificate,True
69778b6e5dbe0abc9824605b,555c719e-0b26-4ca8-b74a-c8581cca6c25,Stand-Up India,https://www.standupmitra.in/,Tamil Nadu,Early,Micro,Service,,Bank Statement,True
69778b6e5dbe0abc9824605c,953d57e7-24d8-4c0d-93e0-e776e17e3ded,Stand-Up India,https://www.standupmitra.in/,Tamil Nadu,Early,Micro,Service,"Communities Stand-up India Scheme facilitates bank loan between ₹10 lakhs and ₹1 crore for Applicants to establish a greenfield enterprise. The Borrower Type Loans to SC/ST and Women Entrepreneurs with at least 51% of the shareholding and controlling stake, either an SC/ST or woman entrepreneur. Salient Features:",GST Certificate,True
69778b6e5dbe0abc9824605d,c3006441-e1ed-4556-af74-280505048714,Stand-Up India,https://www.standupmitra.in/,Tamil Nadu,Early,Micro,Service,"Communities Stand-up India Scheme facilitates bank loan between ₹10 lakhs and ₹1 crore for Applicants to establish a greenfield enterprise. The Borrower Type Loans to SC/ST and Women Entrepreneurs with at least 51% of the shareholding and controlling stake, either an SC/ST or woman entrepreneur. Salient Features:",Udyam Certificate,True
69778b6e5dbe0abc9824605e,24212a95-38e8-4fa4-af70-fec04d2ec14c,Stand-Up India,https://www.standupmitra.in/,Tamil Nadu,Early,Micro,Service,"Communities Stand-up India Scheme facilitates bank loan between ₹10 lakhs and ₹1 crore for Applicants to establish a greenfield enterprise. The Borrower Type Loans to SC/ST and Women Entrepreneurs with at least 51% of the shareholding and controlling stake, either an SC/ST or woman entrepreneur. Salient Features:",Bank Statement,True
69778b6e5dbe0abc9824605f,7ec3713b-2ee9-4143-87c2-f85de9789e90,Stand-Up India,https://www.standupmitra.in/,Tamil Nadu,Early,Micro,Service,- Loans of between ₹10 lakhs to ₹1 crore for Applicants.,GST Certificate,True
69778b6e5dbe0abc98246060,b90c644c-e1a8-4b8a-869f-4869f3725a89,Stand-Up India,https://www.standupmitra.in/,Tamil Nadu,Early,Micro,Service,- Loans of between ₹10 lakhs to ₹1 crore for Applicants.,Udyam Certificate,True
69778b6e5dbe0abc98246061,5854d172-90fa-4411-bb07-fd73a313002e,Stand-Up India,https://www.standupmitra.in/,Tamil Nadu,Early,Micro,Service,- Loans of between ₹10 lakhs to ₹1 crore for Applicants.,Bank Statement,True
69778b6e5dbe0abc98246062,172d924f-98b1-4aa9-add3-673c8bf307c2,Stand-Up India,https://www.standupmitra.in/,Tamil Nadu,Early,Micro,Service,- Enterprise loans for setting up a greenfield enterprise.,GST Certificate,True
69778b6e5dbe0abc98246063,d4956e86-54c3-4b3e-8e65-29db30d23296,Stand-Up India,https://www.standupmitra.in/,Tamil Nadu,Early,Micro,Service,- Enterprise loans for setting up a greenfield enterprise.,Udyam Certificate,True
69778b6e5dbe0abc98246064,97a28c0c-d170-4124-b762-c4c5f4321f49,Stand-Up India,https://www.standupmitra.in/,Tamil Nadu,Early,Micro,Service,- Enterprise loans for setting up a greenfield enterprise.,Bank Statement,True
69778b6e5dbe0abc98246065,6324011c-c4cc-4875-91d9-d44a1c562cd2,Stand-Up India,https://www.standupmitra.in/,Tamil Nadu,Early,Micro,Service,- Loan size is from ₹10 lakhs to ₹1 crore.,GST Certificate,True
69778b6e5dbe0abc98246066,de4d6aa7-7c16-472b-b6cd-63878b848dde,Stand-Up India,https://www.standupmitra.in/,Tamil Nadu,Early,Micro,Service,- Loan size is from ₹10 lakhs to ₹1 crore.,Udyam Certificate,True
69778b6e5dbe0abc98246067,da26e84c-145f-463d-8488-e4a91c66a9cc,Stand-Up India,https://www.standupmitra.in/,Tamil Nadu,Early,Micro,Service,- Loan size is from ₹10 lakhs to ₹1 crore.,Bank Statement,True
69778b6e5dbe0abc98246068,fd5e28a3-713a-464d-91d3-1de3a1552044,Stand-Up India,https://www.standupmitra.in/,Tamil Nadu,Early,Micro,Service,- Comprises a composite loan (including Term Loan and Working Capital).,GST Certificate,True
69778b6e5dbe0abc98246069,5236aa7c-65a1-4cc7-94ac-614f88b5ce78,Stand-Up India,https://www.standupmitra.in/,Tamil Nadu,Early,Micro,Service,- Comprises a composite loan (including Term Loan and Working Capital).,Udyam Certificate,True
69778b6e5dbe0abc9824606a,d0807e2a-3e4d-4e52-8041-15a1c1de0b0f,Stand-Up India,https://www.standupmitra.in/,Tamil Nadu,Early,Micro,Service,- Comprises a composite loan (including Term Loan and Working Capital).,Bank Statement,True
69778b6e5dbe0abc9824606b,3323217f-1af4-46b5-9516-d22e43201ec5,Stand-Up India,https://www.standupmitra.in/,Tamil Nadu,Early,Micro,Service,"- Key Elements: Stand-Up India Ecosystem, Promoter Contribution of 15%, Marginal Money security cover under Credit Guarantee Fund Scheme for Stand-Up India Loans (CGFSIL). Impact Stories:",GST Certificate,True
69778b6e5dbe0abc9824606c,42d956ec-9181-485b-b0d4-85b0850a0ffa,Stand-Up India,https://www.standupmitra.in/,Tamil Nadu,Early,Micro,Service,"- Key Elements: Stand-Up India Ecosystem, Promoter Contribution of 15%, Marginal Money security cover under Credit Guarantee Fund Scheme for Stand-Up India Loans (CGFSIL). Impact Stories:",Udyam Certificate,True
69778b6e5dbe0abc9824606d,930ddec9-5115-4965-aba0-6cfbf5ec2da0,Stand-Up India,https://www.standupmitra.in/,Tamil Nadu,Early,Micro,Service,"- Key Elements: Stand-Up India Ecosystem, Promoter Contribution of 15%, Marginal Money security cover under Credit Guarantee Fund Scheme for Stand-Up India Loans (CGFSIL). Impact Stories:",Bank Statement,True
69778b6e5dbe0abc9824606e,b38c564e-fbf5-411d-bce7-2b05a8bd7b53,Stand-Up India,https://www.standupmitra.in/,Tamil Nadu,Early,Micro,Service,"- Prometheus is the beneficiary under STAND UP INDIA loan scheme. She has been given a loan for setting up of an Optometric clinic with vision therapy as she is a low vision therapist. As per the promoteur, she can earn Rs.1 lakhs per month from the Optical Gallery cum Optometric Clinic, which has vision therapy - as a low vision specialist, and has been granted loan sanction by PNB, Anna Nagar Branch, Chennai.",GST Certificate,True
69778b6e5dbe0abc9824606f,f344657e-4244-41da-8795-b1a5b039820d,Stand-Up India,https://www.standupmitra.in/,Tamil Nadu,Early,Micro,Service,"- Prometheus is the beneficiary under STAND UP INDIA loan scheme. She has been given a loan for setting up of an Optometric clinic with vision therapy as she is a low vision therapist. As per the promoteur, she can earn Rs.1 lakhs per month from the Optical Gallery cum Optometric Clinic, which has vision therapy - as a low vision specialist, and has been granted loan sanction by PNB, Anna Nagar Branch, Chennai.",Udyam Certificate,True
69778b6e5dbe0abc98246070,6d9e1edf-2a83-40e8-812e-d32ed2c74b21,Stand-Up India,https://www.standupmitra.in/,Tamil Nadu,Early,Micro,Service,"- Prometheus is the beneficiary under STAND UP INDIA loan scheme. She has been given a loan for setting up of an Optometric clinic with vision therapy as she is a low vision therapist. As per the promoteur, she can earn Rs.1 lakhs per month from the Optical Gallery cum Optometric Clinic, which has vision therapy - as a low vision specialist, and has been granted loan sanction by PNB, Anna Nagar Branch, Chennai.",Bank Statement,True
69778b6e5dbe0abc98246071,8e8dbeec-5c41-407b-bc7b-1f2c90a0acdb,Stand-Up India,https://www.standupmitra.in/,Tamil Nadu,Early,Micro,Service,"- Gaining experience from her father in law, the promoteur is able to stand alone as an optometrist after gaining experience from him. She has seen the website and learnt about the Anna Nagar branch extending STAND UP INDIA scheme and approached directly. According to the promoteur, she never dreamt of getting loan sanctioned in shortest time, which is why she is very happy and able to earn Rs.1 lakhs per month from the Optical Gallery cum Optometric Clinic, which has vision therapy - as a low v",GST Certificate,True
69778b6e5dbe0abc98246072,3f017ce8-76ee-4685-aff3-873f3c5c1f57,Stand-Up India,https://www.standupmitra.in/,Tamil Nadu,Early,Micro,Service,"- Gaining experience from her father in law, the promoteur is able to stand alone as an optometrist after gaining experience from him. She has seen the website and learnt about the Anna Nagar branch extending STAND UP INDIA scheme and approached directly. According to the promoteur, she never dreamt of getting loan sanctioned in shortest time, which is why she is very happy and able to earn Rs.1 lakhs per month from the Optical Gallery cum Optometric Clinic, which has vision therapy - as a low v",Udyam Certificate,True
69778b6e5dbe0abc98246073,5c19bdd6-0204-4d20-ae10-83dc8b6cf80b,Stand-Up India,https://www.standupmitra.in/,Tamil Nadu,Early,Micro,Service,"- Gaining experience from her father in law, the promoteur is able to stand alone as an optometrist after gaining experience from him. She has seen the website and learnt about the Anna Nagar branch extending STAND UP INDIA scheme and approached directly. According to the promoteur, she never dreamt of getting loan sanctioned in shortest time, which is why she is very happy and able to earn Rs.1 lakhs per month from the Optical Gallery cum Optometric Clinic, which has vision therapy - as a low v",Bank Statement,True
69778b6e5dbe0abc98246074,55df610c-e75a-4ea4-ad6a-9bfec9efb375,Stand-Up India,https://www.standupmitra.in/,Tamil Nadu,Early,Micro,Service,,GST Certificate,True
69778b6e5dbe0abc98246075,49a1709a-3476-496f-a82f-dd0aa0674897,Stand-Up India,https://www.standupmitra.in/,Tamil Nadu,Early,Micro,Service,,Udyam Certificate,True
69778b6e5dbe0abc98246076,1b11f4e7-9fd9-4e8c-ad24-5da283e1de2b,Stand-Up India,https://www.standupmitra.in/,Tamil Nadu,Early,Micro,Service,,Bank Statement,True
69778b6e5dbe0abc98246077,845500af-ea20-4be6-8e7d-a44575fbe675,Stand-Up India,https://www.standupmitra.in/,Tamil Nadu,Early,Micro,Service,,GST Certificate,True
69778b6e5dbe0abc98246078,02385db0-0dfd-435c-9d9c-9952598436fb,Stand-Up India,https://www.standupmitra.in/,Tamil Nadu,Early,Micro,Service,,Udyam Certificate,True
69778b6e5dbe0abc98246079,23a034bd-7fde-4b36-ae91-780087a4c7ea,Stand-Up India,https://www.standupmitra.in/,Tamil Nadu,Early,Micro,Service,,Bank Statement,True
69778b6e5dbe0abc9824607a,f39e9fa5-bd31-479f-a807-ad02ef82fb84,Stand-Up India,https://www.standupmitra.in/,Tamil Nadu,Early,Micro,Tech,Extract:,GST Certificate,True
69778b6e5dbe0abc9824607b,f06ebb9d-ec86-48b0-a226-b2eae8024ca1,Stand-Up India,https://www.standupmitra.in/,Tamil Nadu,Early,Micro,Tech,Extract:,Udyam Certificate,True
69778b6e5dbe0abc9824607c,0b782015-bb0e-4ffc-9fd6-76b1aea08717,Stand-Up India,https://www.standupmitra.in/,Tamil Nadu,Early,Micro,Tech,Extract:,Bank Statement,True
69778b6e5dbe0abc9824607d,fbbb9379-66a8-40ec-91cd-2d671dc75677,Stand-Up India,https://www.standupmitra.in/,Tamil Nadu,Early,Micro,Tech,- Eligibility criteria,GST Certificate,True
69778b6e5dbe0abc9824607e,8b9c4f14-0816-4e2f-a82d-63e201d035c1,Stand-Up India,https://www.standupmitra.in/,Tamil Nadu,Early,Micro,Tech,- Eligibility criteria,Udyam Certificate,True
69778b6e5dbe0abc9824607f,768baeda-2442-4c12-995e-812367bb243d,Stand-Up India,https://www.standupmitra.in/,Tamil Nadu,Early,Micro,Tech,- Eligibility criteria,Bank Statement,True
69778b6e5dbe0abc98246080,a2f7788a-3bd0-4022-b707-7a7eb69f9445,Stand-Up India,https://www.standupmitra.in/,Tamil Nadu,Early,Micro,Tech,- Required documents,GST Certificate,True
69778b6e5dbe0abc98246081,359362a0-eb2d-4dd6-9ec5-f66f0786cc5f,Stand-Up India,https://www.standupmitra.in/,Tamil Nadu,Early,Micro,Tech,- Required documents,Udyam Certificate,True
69778b6e5dbe0abc98246082,9a5898ce-1ce5-4e73-9025-c7943d8cfb39,Stand-Up India,https://www.standupmitra.in/,Tamil Nadu,Early,Micro,Tech,- Required documents,Bank Statement,True
69778b6e5dbe0abc98246083,53fc088b-b6d9-4ca9-9dbf-86b850fbb824,Stand-Up India,https://www.standupmitra.in/,Tamil Nadu,Early,Micro,Tech,Return as bullet points.,GST Certificate,True
69778b6e5dbe0abc98246084,b234d1ac-55f5-4c24-ac28-faacc5653c23,Stand-Up India,https://www.standupmitra.in/,Tamil Nadu,Early,Micro,Tech,Return as bullet points.,Udyam Certificate,True
69778b6e5dbe0abc98246085,6abe301a-0922-4751-99c9-1f866245c481,Stand-Up India,https://www.standupmitra.in/,Tamil Nadu,Early,Micro,Tech,Return as bullet points.,Bank Statement,True
69778b6e5dbe0abc98246086,21d775d4-a794-4062-af27-a93d3622b1d7,Stand-Up India,https://www.standupmitra.in/,Tamil Nadu,Early,Micro,Tech,,GST Certificate,True
69778b6e5dbe0abc98246087,31a6d8a0-c62d-491a-a51e-1c05606e2e37,Stand-Up India,https://www.standupmitra.in/,Tamil Nadu,Early,Micro,Tech,,Udyam Certificate,True
69778b6e5dbe0abc98246088,d1942912-2468-4e79-85a8-f68d7a79d015,Stand-Up India,https://www.standupmitra.in/,Tamil Nadu,Early,Micro,Tech,,Bank Statement,True
69778b6e5dbe0abc98246089,80a346d6-21e8-4efe-bdf7-79ba272e75c1,Stand-Up India,https://www.standupmitra.in/,Tamil Nadu,Early,Micro,Tech,TEXT:,GST Certificate,True
69778b6e5dbe0abc9824608a,ae7eabeb-eced-42e0-870d-8f6227293cb8,Stand-Up India,https://www.standupmitra.in/,Tamil Nadu,Early,Micro,Tech,TEXT:,Udyam Certificate,True
69778b6e5dbe0abc9824608b,5fc31cf6-41c0-4417-bb3a-bb630988e55d,Stand-Up India,https://www.standupmitra.in/,Tamil Nadu,Early,Micro,Tech,TEXT:,Bank Statement,True
69778b6e5dbe0abc9824608c,3620a2a7-e54f-4f26-971d-30cc8ea956f9,Stand-Up India,https://www.standupmitra.in/,Tamil Nadu,Early,Micro,Tech,StandupIndia Login Applicaunt Login Applicaant Registration Other Users Home About Us Stand-Up India Scheme facilitate...,GST Certificate,True
69778b6e5dbe0abc9824608d,e501759b-b72f-45fd-9cc8-9866dff4eed9,Stand-Up India,https://www.standupmitra.in/,Tamil Nadu,Early,Micro,Tech,StandupIndia Login Applicaunt Login Applicaant Registration Other Users Home About Us Stand-Up India Scheme facilitate...,Udyam Certificate,True
69778b6e5dbe0abc9824608e,5de51483-a3c2-4e6e-8ca3-3c507e54c777,Stand-Up India,https://www.standupmitra.in/,Tamil Nadu,Early,Micro,Tech,StandupIndia Login Applicaunt Login Applicaant Registration Other Users Home About Us Stand-Up India Scheme facilitate...,Bank Statement,True
69778b6e5dbe0abc9824608f,8a2b788e-29ef-4a5a-b428-5e975b4fee67,Stand-Up India,https://www.standupmitra.in/,Tamil Nadu,Early,Micro,Tech,,GST Certificate,True
69778b6e5dbe0abc98246090,224c8a3b-60a4-4c97-907a-07604d5c78af,Stand-Up India,https://www.standupmitra.in/,Tamil Nadu,Early,Micro,Tech,,Udyam Certificate,True
69778b6e5dbe0abc98246091,c6500da0-b617-4a73-af9f-d54f31a2e48c,Stand-Up India,https://www.standupmitra.in/,Tamil Nadu,Early,Micro,Tech,,Bank Statement,True
69778b6e5dbe0abc98246092,4ee80f64-28e8-470c-8244-7232ecdcd404,Stand-Up India,https://www.standupmitra.in/,Tamil Nadu,Early,Micro,Tech,"Communities Stand-up India Scheme facilitates bank loan between ₹10 lakhs and ₹1 crore for Applicants to establish a greenfield enterprise. The Borrower Type Loans to SC/ST and Women Entrepreneurs with at least 51% of the shareholding and controlling stake, either an SC/ST or woman entrepreneur. Salient Features:",GST Certificate,True
69778b6e5dbe0abc98246093,2b5d5a4c-5f00-4852-9d4e-618d3cd8275a,Stand-Up India,https://www.standupmitra.in/,Tamil Nadu,Early,Micro,Tech,"Communities Stand-up India Scheme facilitates bank loan between ₹10 lakhs and ₹1 crore for Applicants to establish a greenfield enterprise. The Borrower Type Loans to SC/ST and Women Entrepreneurs with at least 51% of the shareholding and controlling stake, either an SC/ST or woman entrepreneur. Salient Features:",Udyam Certificate,True
69778b6e5dbe0abc98246094,3c5a2d99-6a92-4b81-a2d3-434bfea355fd,Stand-Up India,https://www.standupmitra.in/,Tamil Nadu,Early,Micro,Tech,"Communities Stand-up India Scheme facilitates bank loan between ₹10 lakhs and ₹1 crore for Applicants to establish a greenfield enterprise. The Borrower Type Loans to SC/ST and Women Entrepreneurs with at least 51% of the shareholding and controlling stake, either an SC/ST or woman entrepreneur. Salient Features:",Bank Statement,True
69778b6e5dbe0abc98246095,320f526c-c89a-4803-9465-319286a407b5,Stand-Up India,https://www.standupmitra.in/,Tamil Nadu,Early,Micro,Tech,- Loans of between ₹10 lakhs to ₹1 crore for Applicants.,GST Certificate,True
69778b6e5dbe0abc98246096,64b9baea-81ca-4163-b08a-fedb9d6f93f6,Stand-Up India,https://www.standupmitra.in/,Tamil Nadu,Early,Micro,Tech,- Loans of between ₹10 lakhs to ₹1 crore for Applicants.,Udyam Certificate,True
69778b6e5dbe0abc98246097,0ad0ba5c-f7ac-4e66-be99-f275eb1caaa9,Stand-Up India,https://www.standupmitra.in/,Tamil Nadu,Early,Micro,Tech,- Loans of between ₹10 lakhs to ₹1 crore for Applicants.,Bank Statement,True
69778b6e5dbe0abc98246098,2d5f108d-3bcb-490b-b1c2-7571b7d5a714,Stand-Up India,https://www.standupmitra.in/,Tamil Nadu,Early,Micro,Tech,- Enterprise loans for setting up a greenfield enterprise.,GST Certificate,True
69778b6e5dbe0abc98246099,bd474d65-6bd0-42a6-945c-1ccaa8360313,Stand-Up India,https://www.standupmitra.in/,Tamil Nadu,Early,Micro,Tech,- Enterprise loans for setting up a greenfield enterprise.,Udyam Certificate,True
69778b6e5dbe0abc9824609a,904de889-0033-4dd3-a788-5c92dd6bde36,Stand-Up India,https://www.standupmitra.in/,Tamil Nadu,Early,Micro,Tech,- Enterprise loans for setting up a greenfield enterprise.,Bank Statement,True
69778b6e5dbe0abc9824609b,77bbb71c-14bd-41d3-b36f-fed06cbf882e,Stand-Up India,https://www.standupmitra.in/,Tamil Nadu,Early,Micro,Tech,- Loan size is from ₹10 lakhs to ₹1 crore.,GST Certificate,True
69778b6e5dbe0abc9824609c,68979f3e-0cae-4ed1-b713-649e84aacc07,Stand-Up India,https://www.standupmitra.in/,Tamil Nadu,Early,Micro,Tech,- Loan size is from ₹10 lakhs to ₹1 crore.,Udyam Certificate,True
69778b6e5dbe0abc9824609d,fb00c7f4-c1b1-4929-a84f-ea0e4eb390df,Stand-Up India,https://www.standupmitra.in/,Tamil Nadu,Early,Micro,Tech,- Loan size is from ₹10 lakhs to ₹1 crore.,Bank Statement,True
69778b6e5dbe0abc9824609e,f4b998bb-80f8-48e6-93fb-caed6ac4443f,Stand-Up India,https://www.standupmitra.in/,Tamil Nadu,Early,Micro,Tech,- Comprises a composite loan (including Term Loan and Working Capital).,GST Certificate,True
69778b6e5dbe0abc9824609f,940cd3de-f1a6-48e7-85a9-27e828e86b93,Stand-Up India,https://www.standupmitra.in/,Tamil Nadu,Early,Micro,Tech,- Comprises a composite loan (including Term Loan and Working Capital).,Udyam Certificate,True
69778b6e5dbe0abc982460a0,673dd2b0-7ba8-450d-9815-c0428cd12296,Stand-Up India,https://www.standupmitra.in/,Tamil Nadu,Early,Micro,Tech,- Comprises a composite loan (including Term Loan and Working Capital).,Bank Statement,True
69778b6e5dbe0abc982460a1,931e4a6d-9962-4b3b-b46c-097a3a312a9a,Stand-Up India,https://www.standupmitra.in/,Tamil Nadu,Early,Micro,Tech,"- Key Elements: Stand-Up India Ecosystem, Promoter Contribution of 15%, Marginal Money security cover under Credit Guarantee Fund Scheme for Stand-Up India Loans (CGFSIL). Impact Stories:",GST Certificate,True
69778b6e5dbe0abc982460a2,61aea2c9-b006-44e3-b867-fb0159caf8ff,Stand-Up India,https://www.standupmitra.in/,Tamil Nadu,Early,Micro,Tech,"- Key Elements: Stand-Up India Ecosystem, Promoter Contribution of 15%, Marginal Money security cover under Credit Guarantee Fund Scheme for Stand-Up India Loans (CGFSIL). Impact Stories:",Udyam Certificate,True
69778b6e5dbe0abc982460a3,b48b4487-5944-437e-b8a1-0d2ee0dead48,Stand-Up India,https://www.standupmitra.in/,Tamil Nadu,Early,Micro,Tech,"- Key Elements: Stand-Up India Ecosystem, Promoter Contribution of 15%, Marginal Money security cover under Credit Guarantee Fund Scheme for Stand-Up India Loans (CGFSIL). Impact Stories:",Bank Statement,True
69778b6e5dbe0abc982460a4,2ec470bd-fd47-4cec-9b5d-949e8366a866,Stand-Up India,https://www.standupmitra.in/,Tamil Nadu,Early,Micro,Tech,"- Prometheus is the beneficiary under STAND UP INDIA loan scheme. She has been given a loan for setting up of an Optometric clinic with vision therapy as she is a low vision therapist. As per the promoteur, she can earn Rs.1 lakhs per month from the Optical Gallery cum Optometric Clinic, which has vision therapy - as a low vision specialist, and has been granted loan sanction by PNB, Anna Nagar Branch, Chennai.",GST Certificate,True
69778b6e5dbe0abc982460a5,254d4803-2a04-4fb6-9ced-578ce3cb7fe3,Stand-Up India,https://www.standupmitra.in/,Tamil Nadu,Early,Micro,Tech,"- Prometheus is the beneficiary under STAND UP INDIA loan scheme. She has been given a loan for setting up of an Optometric clinic with vision therapy as she is a low vision therapist. As per the promoteur, she can earn Rs.1 lakhs per month from the Optical Gallery cum Optometric Clinic, which has vision therapy - as a low vision specialist, and has been granted loan sanction by PNB, Anna Nagar Branch, Chennai.",Udyam Certificate,True
69778b6e5dbe0abc982460a6,587624a9-3bbc-4eb1-a1e9-2c011d948d74,Stand-Up India,https://www.standupmitra.in/,Tamil Nadu,Early,Micro,Tech,"- Prometheus is the beneficiary under STAND UP INDIA loan scheme. She has been given a loan for setting up of an Optometric clinic with vision therapy as she is a low vision therapist. As per the promoteur, she can earn Rs.1 lakhs per month from the Optical Gallery cum Optometric Clinic, which has vision therapy - as a low vision specialist, and has been granted loan sanction by PNB, Anna Nagar Branch, Chennai.",Bank Statement,True
69778b6e5dbe0abc982460a7,48133b01-c11d-4a12-b61c-b5618f6009cf,Stand-Up India,https://www.standupmitra.in/,Tamil Nadu,Early,Micro,Tech,"- Gaining experience from her father in law, the promoteur is able to stand alone as an optometrist after gaining experience from him. She has seen the website and learnt about the Anna Nagar branch extending STAND UP INDIA scheme and approached directly. According to the promoteur, she never dreamt of getting loan sanctioned in shortest time, which is why she is very happy and able to earn Rs.1 lakhs per month from the Optical Gallery cum Optometric Clinic, which has vision therapy - as a low v",GST Certificate,True
69778b6e5dbe0abc982460a8,e2ab2a6e-8f80-4b6a-86dd-dd2e2652ab1b,Stand-Up India,https://www.standupmitra.in/,Tamil Nadu,Early,Micro,Tech,"- Gaining experience from her father in law, the promoteur is able to stand alone as an optometrist after gaining experience from him. She has seen the website and learnt about the Anna Nagar branch extending STAND UP INDIA scheme and approached directly. According to the promoteur, she never dreamt of getting loan sanctioned in shortest time, which is why she is very happy and able to earn Rs.1 lakhs per month from the Optical Gallery cum Optometric Clinic, which has vision therapy - as a low v",Udyam Certificate,True
69778b6e5dbe0abc982460a9,f4c314bc-d67f-4bdb-a499-474b5bfc7fe3,Stand-Up India,https://www.standupmitra.in/,Tamil Nadu,Early,Micro,Tech,"- Gaining experience from her father in law, the promoteur is able to stand alone as an optometrist after gaining experience from him. She has seen the website and learnt about the Anna Nagar branch extending STAND UP INDIA scheme and approached directly. According to the promoteur, she never dreamt of getting loan sanctioned in shortest time, which is why she is very happy and able to earn Rs.1 lakhs per month from the Optical Gallery cum Optometric Clinic, which has vision therapy - as a low v",Bank Statement,True
69778b6e5dbe0abc982460aa,0cbce30d-beca-4b67-9425-b4967c299660,Stand-Up India,https://www.standupmitra.in/,Tamil Nadu,Early,Micro,Tech,,GST Certificate,True
69778b6e5dbe0abc982460ab,9741904f-390e-40d5-adc6-ca17892a888a,Stand-Up India,https://www.standupmitra.in/,Tamil Nadu,Early,Micro,Tech,,Udyam Certificate,True
69778b6e5dbe0abc982460ac,95cc5ab9-bfb2-4ac1-b837-e4a8bcd4cdae,Stand-Up India,https://www.standupmitra.in/,Tamil Nadu,Early,Micro,Tech,,Bank Statement,True
69778b6e5dbe0abc982460ad,f0e8a569-0923-4c08-a7f6-8bdc7eb37b44,Stand-Up India,https://www.standupmitra.in/,Tamil Nadu,Early,Micro,Tech,,GST Certificate,True
69778b6e5dbe0abc982460ae,1a4eff8d-266a-4264-bfc2-69cbff836b40,Stand-Up India,https://www.standupmitra.in/,Tamil Nadu,Early,Micro,Tech,,Udyam Certificate,True
69778b6e5dbe0abc982460af,bd37fc8c-a6b6-4899-b7d4-3c4b7f88881f,Stand-Up India,https://www.standupmitra.in/,Tamil Nadu,Early,Micro,Tech,,Bank Statement,True
69778b6e5dbe0abc982460b0,4452c522-bdf3-40ba-8034-add061dfcc48,Stand-Up India,https://www.standupmitra.in/,Tamil Nadu,Early,Micro,Agri,Extract:,GST Certificate,True
69778b6e5dbe0abc982460b1,e273a68d-2f1a-4a99-870e-0a31ab623b2e,Stand-Up India,https://www.standupmitra.in/,Tamil Nadu,Early,Micro,Agri,Extract:,Udyam Certificate,True
69778b6e5dbe0abc982460b2,e7df1031-df80-472d-9b7f-ae83618267d5,Stand-Up India,https://www.standupmitra.in/,Tamil Nadu,Early,Micro,Agri,Extract:,Bank Statement,True
69778b6e5dbe0abc982460b3,81d48abd-e8c4-463d-8948-ed08b4354ae6,Stand-Up India,https://www.standupmitra.in/,Tamil Nadu,Early,Micro,Agri,- Eligibility criteria,GST Certificate,True
69778b6e5dbe0abc982460b4,c7ae2be0-0e7e-4f9a-8cff-f765acc58860,Stand-Up India,https://www.standupmitra.in/,Tamil Nadu,Early,Micro,Agri,- Eligibility criteria,Udyam Certificate,True
69778b6e5dbe0abc982460b5,fb590fd1-fa97-424e-a9a0-a16bc1a45776,Stand-Up India,https://www.standupmitra.in/,Tamil Nadu,Early,Micro,Agri,- Eligibility criteria,Bank Statement,True
69778b6e5dbe0abc982460b6,a7a41eed-2a63-418b-a962-13ac205e88f1,Stand-Up India,https://www.standupmitra.in/,Tamil Nadu,Early,Micro,Agri,- Required documents,GST Certificate,True
69778b6e5dbe0abc982460b7,cbc09c87-1b20-4215-9743-19a881b62710,Stand-Up India,https://www.standupmitra.in/,Tamil Nadu,Early,Micro,Agri,- Required documents,Udyam Certificate,True
69778b6e5dbe0abc982460b8,7e8bc10b-95c9-4f18-9e40-e8ab48f4db09,Stand-Up India,https://www.standupmitra.in/,Tamil Nadu,Early,Micro,Agri,- Required documents,Bank Statement,True
69778b6e5dbe0abc982460b9,0014dba5-becc-4ca1-8860-8c74bb21dcda,Stand-Up India,https://www.standupmitra.in/,Tamil Nadu,Early,Micro,Agri,Return as bullet points.,GST Certificate,True
69778b6e5dbe0abc982460ba,debd81ca-6a2b-4d5b-ad01-29c51d50c99d,Stand-Up India,https://www.standupmitra.in/,Tamil Nadu,Early,Micro,Agri,Return as bullet points.,Udyam Certificate,True
69778b6e5dbe0abc982460bb,45fb7287-ded0-449a-908d-4e4253592314,Stand-Up India,https://www.standupmitra.in/,Tamil Nadu,Early,Micro,Agri,Return as bullet points.,Bank Statement,True
69778b6e5dbe0abc982460bc,e0bbde2e-72ad-4e05-8f2d-3a53ead7d110,Stand-Up India,https://www.standupmitra.in/,Tamil Nadu,Early,Micro,Agri,,GST Certificate,True
69778b6e5dbe0abc982460bd,b5cad5b4-48f6-4ada-bc6d-7a7c884f1ba5,Stand-Up India,https://www.standupmitra.in/,Tamil Nadu,Early,Micro,Agri,,Udyam Certificate,True
69778b6e5dbe0abc982460be,8cabdfb2-19e7-49ad-92d7-70e59b1890a8,Stand-Up India,https://www.standupmitra.in/,Tamil Nadu,Early,Micro,Agri,,Bank Statement,True
69778b6e5dbe0abc982460bf,c57c3977-268b-4e5f-8872-cbdfb69a45f3,Stand-Up India,https://www.standupmitra.in/,Tamil Nadu,Early,Micro,Agri,TEXT:,GST Certificate,True
69778b6e5dbe0abc982460c0,9888f2ee-c3ad-416a-b5c7-6d011deb4476,Stand-Up India,https://www.standupmitra.in/,Tamil Nadu,Early,Micro,Agri,TEXT:,Udyam Certificate,True
69778b6e5dbe0abc982460c1,5e959945-edb9-4d25-9287-b2198ed15568,Stand-Up India,https://www.standupmitra.in/,Tamil Nadu,Early,Micro,Agri,TEXT:,Bank Statement,True
69778b6e5dbe0abc982460c2,8a457477-88d2-4d69-bfec-7d448ad0e7be,Stand-Up India,https://www.standupmitra.in/,Tamil Nadu,Early,Micro,Agri,StandupIndia Login Applicaunt Login Applicaant Registration Other Users Home About Us Stand-Up India Scheme facilitate...,GST Certificate,True
69778b6e5dbe0abc982460c3,f021c523-435c-4613-abc5-e8d9a07f38ef,Stand-Up India,https://www.standupmitra.in/,Tamil Nadu,Early,Micro,Agri,StandupIndia Login Applicaunt Login Applicaant Registration Other Users Home About Us Stand-Up India Scheme facilitate...,Udyam Certificate,True
69778b6e5dbe0abc982460c4,86421cbb-3c19-493d-8a1a-51ae38724a16,Stand-Up India,https://www.standupmitra.in/,Tamil Nadu,Early,Micro,Agri,StandupIndia Login Applicaunt Login Applicaant Registration Other Users Home About Us Stand-Up India Scheme facilitate...,Bank Statement,True
69778b6e5dbe0abc982460c5,64ac1a0e-2d30-49d6-a44e-3254f2955e87,Stand-Up India,https://www.standupmitra.in/,Tamil Nadu,Early,Micro,Agri,,GST Certificate,True
69778b6e5dbe0abc982460c6,fbb9e839-f123-4b89-8335-b476f556d7d7,Stand-Up India,https://www.standupmitra.in/,Tamil Nadu,Early,Micro,Agri,,Udyam Certificate,True
69778b6e5dbe0abc982460c7,31190d4b-f4f3-4d5c-abb6-ebd4ffc6e088,Stand-Up India,https://www.standupmitra.in/,Tamil Nadu,Early,Micro,Agri,,Bank Statement,True
69778b6e5dbe0abc982460c8,3064442f-0572-4e3c-ba7b-d61ce62e6ff7,Stand-Up India,https://www.standupmitra.in/,Tamil Nadu,Early,Micro,Agri,"Communities Stand-up India Scheme facilitates bank loan between ₹10 lakhs and ₹1 crore for Applicants to establish a greenfield enterprise. The Borrower Type Loans to SC/ST and Women Entrepreneurs with at least 51% of the shareholding and controlling stake, either an SC/ST or woman entrepreneur. Salient Features:",GST Certificate,True
69778b6e5dbe0abc982460c9,df94997d-3769-4b5e-89f4-aba6149cd0f9,Stand-Up India,https://www.standupmitra.in/,Tamil Nadu,Early,Micro,Agri,"Communities Stand-up India Scheme facilitates bank loan between ₹10 lakhs and ₹1 crore for Applicants to establish a greenfield enterprise. The Borrower Type Loans to SC/ST and Women Entrepreneurs with at least 51% of the shareholding and controlling stake, either an SC/ST or woman entrepreneur. Salient Features:",Udyam Certificate,True
69778b6e5dbe0abc982460ca,c20262cf-c4a9-4bc7-8d85-48d7829cda06,Stand-Up India,https://www.standupmitra.in/,Tamil Nadu,Early,Micro,Agri,"Communities Stand-up India Scheme facilitates bank loan between ₹10 lakhs and ₹1 crore for Applicants to establish a greenfield enterprise. The Borrower Type Loans to SC/ST and Women Entrepreneurs with at least 51% of the shareholding and controlling stake, either an SC/ST or woman entrepreneur. Salient Features:",Bank Statement,True
69778b6e5dbe0abc982460cb,42c764ff-8284-4bfd-a3ab-82f4ce9fdda6,Stand-Up India,https://www.standupmitra.in/,Tamil Nadu,Early,Micro,Agri,- Loans of between ₹10 lakhs to ₹1 crore for Applicants.,GST Certificate,True
69778b6e5dbe0abc982460cc,da6b2445-066f-4518-bcc4-09b3fbc8473a,Stand-Up India,https://www.standupmitra.in/,Tamil Nadu,Early,Micro,Agri,- Loans of between ₹10 lakhs to ₹1 crore for Applicants.,Udyam Certificate,True
69778b6e5dbe0abc982460cd,c5bfaaab-9d23-4269-8444-742e599eed83,Stand-Up India,https://www.standupmitra.in/,Tamil Nadu,Early,Micro,Agri,- Loans of between ₹10 lakhs to ₹1 crore for Applicants.,Bank Statement,True
69778b6e5dbe0abc982460ce,25d1887f-e647-4544-9c1b-40af55b4818e,Stand-Up India,https://www.standupmitra.in/,Tamil Nadu,Early,Micro,Agri,- Enterprise loans for setting up a greenfield enterprise.,GST Certificate,True
69778b6e5dbe0abc982460cf,352a3c77-a254-415b-b3a3-2185f65ec7cd,Stand-Up India,https://www.standupmitra.in/,Tamil Nadu,Early,Micro,Agri,- Enterprise loans for setting up a greenfield enterprise.,Udyam Certificate,True
69778b6e5dbe0abc982460d0,52ccfb53-bfb8-46aa-9960-98583b7e458f,Stand-Up India,https://www.standupmitra.in/,Tamil Nadu,Early,Micro,Agri,- Enterprise loans for setting up a greenfield enterprise.,Bank Statement,True
69778b6e5dbe0abc982460d1,9275c504-9dfe-4f4a-b2b6-ecf4d1381687,Stand-Up India,https://www.standupmitra.in/,Tamil Nadu,Early,Micro,Agri,- Loan size is from ₹10 lakhs to ₹1 crore.,GST Certificate,True
69778b6e5dbe0abc982460d2,0e994c7d-dd4c-46b8-889f-22a42948d374,Stand-Up India,https://www.standupmitra.in/,Tamil Nadu,Early,Micro,Agri,- Loan size is from ₹10 lakhs to ₹1 crore.,Udyam Certificate,True
69778b6e5dbe0abc982460d3,17fe3f64-6214-4916-8d71-41dabf8844e9,Stand-Up India,https://www.standupmitra.in/,Tamil Nadu,Early,Micro,Agri,- Loan size is from ₹10 lakhs to ₹1 crore.,Bank Statement,True
69778b6e5dbe0abc982460d4,2b9f559d-2be3-47b7-b493-6356380b996d,Stand-Up India,https://www.standupmitra.in/,Tamil Nadu,Early,Micro,Agri,- Comprises a composite loan (including Term Loan and Working Capital).,GST Certificate,True
69778b6e5dbe0abc982460d5,897f7193-ab33-4408-9c89-137d820d2d27,Stand-Up India,https://www.standupmitra.in/,Tamil Nadu,Early,Micro,Agri,- Comprises a composite loan (including Term Loan and Working Capital).,Udyam Certificate,True
69778b6e5dbe0abc982460d6,bec65120-7ba4-455d-ae8a-6a61216a2872,Stand-Up India,https://www.standupmitra.in/,Tamil Nadu,Early,Micro,Agri,- Comprises a composite loan (including Term Loan and Working Capital).,Bank Statement,True
69778b6e5dbe0abc982460d7,c59bc4c4-70e4-4519-a349-57b4fe93057f,Stand-Up India,https://www.standupmitra.in/,Tamil Nadu,Early,Micro,Agri,"- Key Elements: Stand-Up India Ecosystem, Promoter Contribution of 15%, Marginal Money security cover under Credit Guarantee Fund Scheme for Stand-Up India Loans (CGFSIL). Impact Stories:",GST Certificate,True
69778b6e5dbe0abc982460d8,9dde796f-2ccc-4f8e-8da9-25fa002dc730,Stand-Up India,https://www.standupmitra.in/,Tamil Nadu,Early,Micro,Agri,"- Key Elements: Stand-Up India Ecosystem, Promoter Contribution of 15%, Marginal Money security cover under Credit Guarantee Fund Scheme for Stand-Up India Loans (CGFSIL). Impact Stories:",Udyam Certificate,True
69778b6e5dbe0abc982460d9,8a8befed-2748-4b6f-a2cd-4b85d52abc47,Stand-Up India,https://www.standupmitra.in/,Tamil Nadu,Early,Micro,Agri,"- Key Elements: Stand-Up India Ecosystem, Promoter Contribution of 15%, Marginal Money security cover under Credit Guarantee Fund Scheme for Stand-Up India Loans (CGFSIL). Impact Stories:",Bank Statement,True
69778b6e5dbe0abc982460da,4edccf7a-7a3e-4353-9891-7651b3100e51,Stand-Up India,https://www.standupmitra.in/,Tamil Nadu,Early,Micro,Agri,"- Prometheus is the beneficiary under STAND UP INDIA loan scheme. She has been given a loan for setting up of an Optometric clinic with vision therapy as she is a low vision therapist. As per the promoteur, she can earn Rs.1 lakhs per month from the Optical Gallery cum Optometric Clinic, which has vision therapy - as a low vision specialist, and has been granted loan sanction by PNB, Anna Nagar Branch, Chennai.",GST Certificate,True
69778b6e5dbe0abc982460db,e9ac80d8-f614-4f74-b000-1fef3ddcccf6,Stand-Up India,https://www.standupmitra.in/,Tamil Nadu,Early,Micro,Agri,"- Prometheus is the beneficiary under STAND UP INDIA loan scheme. She has been given a loan for setting up of an Optometric clinic with vision therapy as she is a low vision therapist. As per the promoteur, she can earn Rs.1 lakhs per month from the Optical Gallery cum Optometric Clinic, which has vision therapy - as a low vision specialist, and has been granted loan sanction by PNB, Anna Nagar Branch, Chennai.",Udyam Certificate,True
69778b6e5dbe0abc982460dc,279a2568-5a18-4ee5-a3e5-ca087642ff55,Stand-Up India,https://www.standupmitra.in/,Tamil Nadu,Early,Micro,Agri,"- Prometheus is the beneficiary under STAND UP INDIA loan scheme. She has been given a loan for setting up of an Optometric clinic with vision therapy as she is a low vision therapist. As per the promoteur, she can earn Rs.1 lakhs per month from the Optical Gallery cum Optometric Clinic, which has vision therapy - as a low vision specialist, and has been granted loan sanction by PNB, Anna Nagar Branch, Chennai.",Bank Statement,True
69778b6e5dbe0abc982460dd,850eac78-4642-4bb4-ad62-cd844cc1086c,Stand-Up India,https://www.standupmitra.in/,Tamil Nadu,Early,Micro,Agri,"- Gaining experience from her father in law, the promoteur is able to stand alone as an optometrist after gaining experience from him. She has seen the website and learnt about the Anna Nagar branch extending STAND UP INDIA scheme and approached directly. According to the promoteur, she never dreamt of getting loan sanctioned in shortest time, which is why she is very happy and able to earn Rs.1 lakhs per month from the Optical Gallery cum Optometric Clinic, which has vision therapy - as a low v",GST Certificate,True
69778b6e5dbe0abc982460de,0ccad7d7-6157-4fba-9244-8e39a16a4bc8,Stand-Up India,https://www.standupmitra.in/,Tamil Nadu,Early,Micro,Agri,"- Gaining experience from her father in law, the promoteur is able to stand alone as an optometrist after gaining experience from him. She has seen the website and learnt about the Anna Nagar branch extending STAND UP INDIA scheme and approached directly. According to the promoteur, she never dreamt of getting loan sanctioned in shortest time, which is why she is very happy and able to earn Rs.1 lakhs per month from the Optical Gallery cum Optometric Clinic, which has vision therapy - as a low v",Udyam Certificate,True
69778b6e5dbe0abc982460df,6ee10c4c-1b56-42d1-a368-9797cc3582d4,Stand-Up India,https://www.standupmitra.in/,Tamil Nadu,Early,Micro,Agri,"- Gaining experience from her father in law, the promoteur is able to stand alone as an optometrist after gaining experience from him. She has seen the website and learnt about the Anna Nagar branch extending STAND UP INDIA scheme and approached directly. According to the promoteur, she never dreamt of getting loan sanctioned in shortest time, which is why she is very happy and able to earn Rs.1 lakhs per month from the Optical Gallery cum Optometric Clinic, which has vision therapy - as a low v",Bank Statement,True
69778b6e5dbe0abc982460e0,bac0f94f-1098-49cb-ad44-c0940c4f56a9,Stand-Up India,https://www.standupmitra.in/,Tamil Nadu,Early,Micro,Agri,,GST Certificate,True
69778b6e5dbe0abc982460e1,895bec5b-3a2a-4b48-bf8e-adc3ed8f9cb9,Stand-Up India,https://www.standupmitra.in/,Tamil Nadu,Early,Micro,Agri,,Udyam Certificate,True
69778b6e5dbe0abc982460e2,0480e0b0-cd41-4ea2-9b3e-6a5d08241b5f,Stand-Up India,https://www.standupmitra.in/,Tamil Nadu,Early,Micro,Agri,,Bank Statement,True
69778b6e5dbe0abc982460e3,f46e76b7-f82b-460c-8739-8335ae6ed6cf,Stand-Up India,https://www.standupmitra.in/,Tamil Nadu,Early,Micro,Agri,,GST Certificate,True
69778b6e5dbe0abc982460e4,a6a84d77-291d-47ae-80c0-89dda2c37996,Stand-Up India,https://www.standupmitra.in/,Tamil Nadu,Early,Micro,Agri,,Udyam Certificate,True
69778b6e5dbe0abc982460e5,6a3de3a3-fc82-4de3-81d1-e563f38fcf9a,Stand-Up India,https://www.standupmitra.in/,Tamil Nadu,Early,Micro,Agri,,Bank Statement,True
69778b6e5dbe0abc982460e6,e8aa7505-7af1-4874-952a-eac3025b715f,Stand-Up India,https://www.standupmitra.in/,Tamil Nadu,Early,Small,Manufacturing,Extract:,GST Certificate,True
69778b6e5dbe0abc982460e7,9ae88ab0-ea43-4fe2-82e3-85b5c479c31e,Stand-Up India,https://www.standupmitra.in/,Tamil Nadu,Early,Small,Manufacturing,Extract:,Udyam Certificate,True
69778b6e5dbe0abc982460e8,207e9e59-3301-47a3-b669-87a7205b9939,Stand-Up India,https://www.standupmitra.in/,Tamil Nadu,Early,Small,Manufacturing,Extract:,Bank Statement,True
69778b6e5dbe0abc982460e9,d8ffeea3-449d-40d7-a60d-b5d338de83b2,Stand-Up India,https://www.standupmitra.in/,Tamil Nadu,Early,Small,Manufacturing,- Eligibility criteria,GST Certificate,True
69778b6e5dbe0abc982460ea,ac96a4a9-0fb8-4e16-95e1-eebc4aed9a22,Stand-Up India,https://www.standupmitra.in/,Tamil Nadu,Early,Small,Manufacturing,- Eligibility criteria,Udyam Certificate,True
69778b6e5dbe0abc982460eb,40f5a93c-d7aa-4131-ae36-f6e1a442cba4,Stand-Up India,https://www.standupmitra.in/,Tamil Nadu,Early,Small,Manufacturing,- Eligibility criteria,Bank Statement,True
69778b6e5dbe0abc982460ec,0e895664-f819-4fba-87be-4e1cec7472f4,Stand-Up India,https://www.standupmitra.in/,Tamil Nadu,Early,Small,Manufacturing,- Required documents,GST Certificate,True
69778b6e5dbe0abc982460ed,5f6823c3-d18d-4ab9-a146-80126dd7b94f,Stand-Up India,https://www.standupmitra.in/,Tamil Nadu,Early,Small,Manufacturing,- Required documents,Udyam Certificate,True
69778b6e5dbe0abc982460ee,6e3bf6d2-a680-4ee7-b526-979d7797c764,Stand-Up India,https://www.standupmitra.in/,Tamil Nadu,Early,Small,Manufacturing,- Required documents,Bank Statement,True
69778b6e5dbe0abc982460ef,fbed5890-6873-4985-9f31-efc4309e5991,Stand-Up India,https://www.standupmitra.in/,Tamil Nadu,Early,Small,Manufacturing,Return as bullet points.,GST Certificate,True
69778b6e5dbe0abc982460f0,a3e22c33-260a-4787-a9bb-a5c1bc236ebe,Stand-Up India,https://www.standupmitra.in/,Tamil Nadu,Early,Small,Manufacturing,Return as bullet points.,Udyam Certificate,True
69778b6e5dbe0abc982460f1,1ada432a-4f6d-4a43-990a-96c8c921e65a,Stand-Up India,https://www.standupmitra.in/,Tamil Nadu,Early,Small,Manufacturing,Return as bullet points.,Bank Statement,True
69778b6e5dbe0abc982460f2,2d039a01-e274-4d0c-8af9-2718b97f5c72,Stand-Up India,https://www.standupmitra.in/,Tamil Nadu,Early,Small,Manufacturing,,GST Certificate,True
69778b6e5dbe0abc982460f3,64a360a1-bf4b-47e1-b5bc-a52ca210c541,Stand-Up India,https://www.standupmitra.in/,Tamil Nadu,Early,Small,Manufacturing,,Udyam Certificate,True
69778b6e5dbe0abc982460f4,df0ccf5f-8e3e-4fa1-95d6-4f350c52536f,Stand-Up India,https://www.standupmitra.in/,Tamil Nadu,Early,Small,Manufacturing,,Bank Statement,True
69778b6e5dbe0abc982460f5,b03ec769-471f-4611-a765-5cf385d071ef,Stand-Up India,https://www.standupmitra.in/,Tamil Nadu,Early,Small,Manufacturing,TEXT:,GST Certificate,True
69778b6e5dbe0abc982460f6,01e77c41-8215-46c8-840e-d85946ce4781,Stand-Up India,https://www.standupmitra.in/,Tamil Nadu,Early,Small,Manufacturing,TEXT:,Udyam Certificate,True
69778b6e5dbe0abc982460f7,1ce84d95-5fe9-4d7e-b1ba-d92d21307b71,Stand-Up India,https://www.standupmitra.in/,Tamil Nadu,Early,Small,Manufacturing,TEXT:,Bank Statement,True
69778b6e5dbe0abc982460f8,ee4b2dd4-124a-46bf-8d91-f842866454b5,Stand-Up India,https://www.standupmitra.in/,Tamil Nadu,Early,Small,Manufacturing,StandupIndia Login Applicaunt Login Applicaant Registration Other Users Home About Us Stand-Up India Scheme facilitate...,GST Certificate,True
69778b6e5dbe0abc982460f9,78e547e7-34a1-4924-a3de-7622516076d6,Stand-Up India,https://www.standupmitra.in/,Tamil Nadu,Early,Small,Manufacturing,StandupIndia Login Applicaunt Login Applicaant Registration Other Users Home About Us Stand-Up India Scheme facilitate...,Udyam Certificate,True
69778b6e5dbe0abc982460fa,a2b0f8b0-866a-4ea2-b43a-f8b3d608b4a2,Stand-Up India,https://www.standupmitra.in/,Tamil Nadu,Early,Small,Manufacturing,StandupIndia Login Applicaunt Login Applicaant Registration Other Users Home About Us Stand-Up India Scheme facilitate...,Bank Statement,True
69778b6e5dbe0abc982460fb,73b58722-1c3d-487f-8e05-c35dfe39b93f,Stand-Up India,https://www.standupmitra.in/,Tamil Nadu,Early,Small,Manufacturing,,GST Certificate,True
69778b6e5dbe0abc982460fc,2aa95c2f-53a8-45f3-84d8-4ddcd7bcbc64,Stand-Up India,https://www.standupmitra.in/,Tamil Nadu,Early,Small,Manufacturing,,Udyam Certificate,True
69778b6e5dbe0abc982460fd,d6cfa43e-c116-45e1-9bf8-88fc1b326f72,Stand-Up India,https://www.standupmitra.in/,Tamil Nadu,Early,Small,Manufacturing,,Bank Statement,True
69778b6e5dbe0abc982460fe,b295b93d-d068-4c50-a67c-4c4d490fbd5f,Stand-Up India,https://www.standupmitra.in/,Tamil Nadu,Early,Small,Manufacturing,"Communities Stand-up India Scheme facilitates bank loan between ₹10 lakhs and ₹1 crore for Applicants to establish a greenfield enterprise. The Borrower Type Loans to SC/ST and Women Entrepreneurs with at least 51% of the shareholding and controlling stake, either an SC/ST or woman entrepreneur. Salient Features:",GST Certificate,True
69778b6e5dbe0abc982460ff,98da7461-0906-4fd6-8d7d-55fd6c91ccf2,Stand-Up India,https://www.standupmitra.in/,Tamil Nadu,Early,Small,Manufacturing,"Communities Stand-up India Scheme facilitates bank loan between ₹10 lakhs and ₹1 crore for Applicants to establish a greenfield enterprise. The Borrower Type Loans to SC/ST and Women Entrepreneurs with at least 51% of the shareholding and controlling stake, either an SC/ST or woman entrepreneur. Salient Features:",Udyam Certificate,True
69778b6e5dbe0abc98246100,249bd1d2-b120-4b3a-97c3-641f2014d527,Stand-Up India,https://www.standupmitra.in/,Tamil Nadu,Early,Small,Manufacturing,"Communities Stand-up India Scheme facilitates bank loan between ₹10 lakhs and ₹1 crore for Applicants to establish a greenfield enterprise. The Borrower Type Loans to SC/ST and Women Entrepreneurs with at least 51% of the shareholding and controlling stake, either an SC/ST or woman entrepreneur. Salient Features:",Bank Statement,True
69778b6e5dbe0abc98246101,93a3ab3d-de4c-44f2-bcfb-913b2a7b8ac4,Stand-Up India,https://www.standupmitra.in/,Tamil Nadu,Early,Small,Manufacturing,- Loans of between ₹10 lakhs to ₹1 crore for Applicants.,GST Certificate,True
69778b6e5dbe0abc98246102,76cd0915-8b7e-499e-9a76-fce2bcfffefa,Stand-Up India,https://www.standupmitra.in/,Tamil Nadu,Early,Small,Manufacturing,- Loans of between ₹10 lakhs to ₹1 crore for Applicants.,Udyam Certificate,True
69778b6e5dbe0abc98246103,3ce50ca3-473f-40ba-a6c8-63ce8d40003b,Stand-Up India,https://www.standupmitra.in/,Tamil Nadu,Early,Small,Manufacturing,- Loans of between ₹10 lakhs to ₹1 crore for Applicants.,Bank Statement,True
69778b6e5dbe0abc98246104,525069b3-655d-4720-a55a-172789251d24,Stand-Up India,https://www.standupmitra.in/,Tamil Nadu,Early,Small,Manufacturing,- Enterprise loans for setting up a greenfield enterprise.,GST Certificate,True
69778b6e5dbe0abc98246105,28f14474-ca1e-4806-811b-61c60f1c9d98,Stand-Up India,https://www.standupmitra.in/,Tamil Nadu,Early,Small,Manufacturing,- Enterprise loans for setting up a greenfield enterprise.,Udyam Certificate,True
69778b6e5dbe0abc98246106,25c4568b-bc2d-4c8d-88ea-c2040f609709,Stand-Up India,https://www.standupmitra.in/,Tamil Nadu,Early,Small,Manufacturing,- Enterprise loans for setting up a greenfield enterprise.,Bank Statement,True
69778b6e5dbe0abc98246107,958e123b-2f01-4a37-bb81-9709ccf99e2e,Stand-Up India,https://www.standupmitra.in/,Tamil Nadu,Early,Small,Manufacturing,- Loan size is from ₹10 lakhs to ₹1 crore.,GST Certificate,True
69778b6e5dbe0abc98246108,fa0f421f-e96b-4f4e-b165-9f2a72c3e357,Stand-Up India,https://www.standupmitra.in/,Tamil Nadu,Early,Small,Manufacturing,- Loan size is from ₹10 lakhs to ₹1 crore.,Udyam Certificate,True
69778b6e5dbe0abc98246109,88437d95-2d78-415d-a2ac-cecb4af8d3d8,Stand-Up India,https://www.standupmitra.in/,Tamil Nadu,Early,Small,Manufacturing,- Loan size is from ₹10 lakhs to ₹1 crore.,Bank Statement,True
69778b6e5dbe0abc9824610a,53498b60-b6c9-40db-8a37-2d6c76b67cf5,Stand-Up India,https://www.standupmitra.in/,Tamil Nadu,Early,Small,Manufacturing,- Comprises a composite loan (including Term Loan and Working Capital).,GST Certificate,True
69778b6e5dbe0abc9824610b,d9d9058c-cad7-4208-a187-45d213da2658,Stand-Up India,https://www.standupmitra.in/,Tamil Nadu,Early,Small,Manufacturing,- Comprises a composite loan (including Term Loan and Working Capital).,Udyam Certificate,True
69778b6e5dbe0abc9824610c,65ac777b-bac9-4a6f-9c0f-f92022a67244,Stand-Up India,https://www.standupmitra.in/,Tamil Nadu,Early,Small,Manufacturing,- Comprises a composite loan (including Term Loan and Working Capital).,Bank Statement,True
69778b6e5dbe0abc9824610d,dfeab685-18b2-4ea6-8471-82e7125ea7c8,Stand-Up India,https://www.standupmitra.in/,Tamil Nadu,Early,Small,Manufacturing,"- Key Elements: Stand-Up India Ecosystem, Promoter Contribution of 15%, Marginal Money security cover under Credit Guarantee Fund Scheme for Stand-Up India Loans (CGFSIL). Impact Stories:",GST Certificate,True
69778b6e5dbe0abc9824610e,5c741d77-adfa-4bae-bc04-033d74766aa9,Stand-Up India,https://www.standupmitra.in/,Tamil Nadu,Early,Small,Manufacturing,"- Key Elements: Stand-Up India Ecosystem, Promoter Contribution of 15%, Marginal Money security cover under Credit Guarantee Fund Scheme for Stand-Up India Loans (CGFSIL). Impact Stories:",Udyam Certificate,True
69778b6e5dbe0abc9824610f,fc108e69-ea50-4a4c-97fb-c996271ab13b,Stand-Up India,https://www.standupmitra.in/,Tamil Nadu,Early,Small,Manufacturing,"- Key Elements: Stand-Up India Ecosystem, Promoter Contribution of 15%, Marginal Money security cover under Credit Guarantee Fund Scheme for Stand-Up India Loans (CGFSIL). Impact Stories:",Bank Statement,True
69778b6e5dbe0abc98246110,486636e7-dc12-430a-be87-424289ca62d0,Stand-Up India,https://www.standupmitra.in/,Tamil Nadu,Early,Small,Manufacturing,"- Prometheus is the beneficiary under STAND UP INDIA loan scheme. She has been given a loan for setting up of an Optometric clinic with vision therapy as she is a low vision therapist. As per the promoteur, she can earn Rs.1 lakhs per month from the Optical Gallery cum Optometric Clinic, which has vision therapy - as a low vision specialist, and has been granted loan sanction by PNB, Anna Nagar Branch, Chennai.",GST Certificate,True
69778b6e5dbe0abc98246111,15ca563f-cec8-4112-8155-615595137684,Stand-Up India,https://www.standupmitra.in/,Tamil Nadu,Early,Small,Manufacturing,"- Prometheus is the beneficiary under STAND UP INDIA loan scheme. She has been given a loan for setting up of an Optometric clinic with vision therapy as she is a low vision therapist. As per the promoteur, she can earn Rs.1 lakhs per month from the Optical Gallery cum Optometric Clinic, which has vision therapy - as a low vision specialist, and has been granted loan sanction by PNB, Anna Nagar Branch, Chennai.",Udyam Certificate,True
69778b6e5dbe0abc98246112,e411b688-20b2-41dd-9c4e-235de2c0f806,Stand-Up India,https://www.standupmitra.in/,Tamil Nadu,Early,Small,Manufacturing,"- Prometheus is the beneficiary under STAND UP INDIA loan scheme. She has been given a loan for setting up of an Optometric clinic with vision therapy as she is a low vision therapist. As per the promoteur, she can earn Rs.1 lakhs per month from the Optical Gallery cum Optometric Clinic, which has vision therapy - as a low vision specialist, and has been granted loan sanction by PNB, Anna Nagar Branch, Chennai.",Bank Statement,True
69778b6e5dbe0abc98246113,a976378d-0813-4c7f-82ba-747e55a65c62,Stand-Up India,https://www.standupmitra.in/,Tamil Nadu,Early,Small,Manufacturing,"- Gaining experience from her father in law, the promoteur is able to stand alone as an optometrist after gaining experience from him. She has seen the website and learnt about the Anna Nagar branch extending STAND UP INDIA scheme and approached directly. According to the promoteur, she never dreamt of getting loan sanctioned in shortest time, which is why she is very happy and able to earn Rs.1 lakhs per month from the Optical Gallery cum Optometric Clinic, which has vision therapy - as a low v",GST Certificate,True
69778b6e5dbe0abc98246114,c106f7c4-ba4f-46ca-8e2f-9021a2a38b0d,Stand-Up India,https://www.standupmitra.in/,Tamil Nadu,Early,Small,Manufacturing,"- Gaining experience from her father in law, the promoteur is able to stand alone as an optometrist after gaining experience from him. She has seen the website and learnt about the Anna Nagar branch extending STAND UP INDIA scheme and approached directly. According to the promoteur, she never dreamt of getting loan sanctioned in shortest time, which is why she is very happy and able to earn Rs.1 lakhs per month from the Optical Gallery cum Optometric Clinic, which has vision therapy - as a low v",Udyam Certificate,True
69778b6e5dbe0abc98246115,b2950113-2afa-4143-940c-1c467690baad,Stand-Up India,https://www.standupmitra.in/,Tamil Nadu,Early,Small,Manufacturing,"- Gaining experience from her father in law, the promoteur is able to stand alone as an optometrist after gaining experience from him. She has seen the website and learnt about the Anna Nagar branch extending STAND UP INDIA scheme and approached directly. According to the promoteur, she never dreamt of getting loan sanctioned in shortest time, which is why she is very happy and able to earn Rs.1 lakhs per month from the Optical Gallery cum Optometric Clinic, which has vision therapy - as a low v",Bank Statement,True
69778b6e5dbe0abc98246116,40f14cb9-af1f-4aa8-ad43-8dc0f962a3c1,Stand-Up India,https://www.standupmitra.in/,Tamil Nadu,Early,Small,Manufacturing,,GST Certificate,True
69778b6e5dbe0abc98246117,e55cdfa3-adce-438e-b904-5c6cb3d737b4,Stand-Up India,https://www.standupmitra.in/,Tamil Nadu,Early,Small,Manufacturing,,Udyam Certificate,True
69778b6e5dbe0abc98246118,8e30fa63-d78f-4cb2-951a-765b88339a3b,Stand-Up India,https://www.standupmitra.in/,Tamil Nadu,Early,Small,Manufacturing,,Bank Statement,True
69778b6e5dbe0abc98246119,9e3ce284-f1be-4cba-b8e9-e10a720e841d,Stand-Up India,https://www.standupmitra.in/,Tamil Nadu,Early,Small,Manufacturing,,GST Certificate,True
69778b6e5dbe0abc9824611a,922e2534-c441-4be1-810b-5223f93157b1,Stand-Up India,https://www.standupmitra.in/,Tamil Nadu,Early,Small,Manufacturing,,Udyam Certificate,True
69778b6e5dbe0abc9824611b,a5fe3374-b3f1-4dbf-a140-e87f6635d918,Stand-Up India,https://www.standupmitra.in/,Tamil Nadu,Early,Small,Manufacturing,,Bank Statement,True
69778b6e5dbe0abc9824611c,4e9cdd36-ae0c-4feb-a2b2-dc28b9290bf2,Stand-Up India,https://www.standupmitra.in/,Tamil Nadu,Early,Small,Service,Extract:,GST Certificate,True
69778b6e5dbe0abc9824611d,fbcd11a9-6cc4-4c09-9dc9-8e99e2d662b1,Stand-Up India,https://www.standupmitra.in/,Tamil Nadu,Early,Small,Service,Extract:,Udyam Certificate,True
69778b6e5dbe0abc9824611e,11d3be5a-584f-4968-bcd0-a22a5eae77a4,Stand-Up India,https://www.standupmitra.in/,Tamil Nadu,Early,Small,Service,Extract:,Bank Statement,True
69778b6e5dbe0abc9824611f,5593ce50-0acf-4998-950a-e7a1f942d3c9,Stand-Up India,https://www.standupmitra.in/,Tamil Nadu,Early,Small,Service,- Eligibility criteria,GST Certificate,True
69778b6e5dbe0abc98246120,9fae6acb-7b84-4f42-a54b-d82d1606d922,Stand-Up India,https://www.standupmitra.in/,Tamil Nadu,Early,Small,Service,- Eligibility criteria,Udyam Certificate,True
69778b6e5dbe0abc98246121,8a55573a-559e-4ae3-89be-30cd416c82c1,Stand-Up India,https://www.standupmitra.in/,Tamil Nadu,Early,Small,Service,- Eligibility criteria,Bank Statement,True
69778b6e5dbe0abc98246122,aae74bb8-ae60-4db8-91a4-06cc44fb25f9,Stand-Up India,https://www.standupmitra.in/,Tamil Nadu,Early,Small,Service,- Required documents,GST Certificate,True
69778b6e5dbe0abc98246123,2b23152b-19e8-4142-954d-b69d21ccd76a,Stand-Up India,https://www.standupmitra.in/,Tamil Nadu,Early,Small,Service,- Required documents,Udyam Certificate,True
69778b6e5dbe0abc98246124,a37edc0c-55e3-4a68-abba-3181831979d4,Stand-Up India,https://www.standupmitra.in/,Tamil Nadu,Early,Small,Service,- Required documents,Bank Statement,True
69778b6e5dbe0abc98246125,bce6b36e-2b2c-4acb-b670-df2aecd536f1,Stand-Up India,https://www.standupmitra.in/,Tamil Nadu,Early,Small,Service,Return as bullet points.,GST Certificate,True
69778b6e5dbe0abc98246126,b2cb42a2-7667-4c42-b158-6e6618b67a6a,Stand-Up India,https://www.standupmitra.in/,Tamil Nadu,Early,Small,Service,Return as bullet points.,Udyam Certificate,True
69778b6e5dbe0abc98246127,9cc0fdfa-9b35-4577-bc9b-25b258917e5c,Stand-Up India,https://www.standupmitra.in/,Tamil Nadu,Early,Small,Service,Return as bullet points.,Bank Statement,True
69778b6e5dbe0abc98246128,5a202d5d-9c03-4938-adc0-d968e5752741,Stand-Up India,https://www.standupmitra.in/,Tamil Nadu,Early,Small,Service,,GST Certificate,True
69778b6e5dbe0abc98246129,50da01a6-5123-4c42-bd19-f44a200ff66d,Stand-Up India,https://www.standupmitra.in/,Tamil Nadu,Early,Small,Service,,Udyam Certificate,True
69778b6e5dbe0abc9824612a,a23d423a-a08a-4190-b885-139baeccfee5,Stand-Up India,https://www.standupmitra.in/,Tamil Nadu,Early,Small,Service,,Bank Statement,True
69778b6e5dbe0abc9824612b,7ad6fa47-df7f-4be5-8680-6fa27dc25096,Stand-Up India,https://www.standupmitra.in/,Tamil Nadu,Early,Small,Service,TEXT:,GST Certificate,True
69778b6e5dbe0abc9824612c,54fb2a46-80a0-417e-a39f-b1608566a014,Stand-Up India,https://www.standupmitra.in/,Tamil Nadu,Early,Small,Service,TEXT:,Udyam Certificate,True
69778b6e5dbe0abc9824612d,d92ad74b-b5e2-4efe-91e4-5c311fa8d45c,Stand-Up India,https://www.standupmitra.in/,Tamil Nadu,Early,Small,Service,TEXT:,Bank Statement,True
69778b6e5dbe0abc9824612e,d9f5ea15-6453-46d1-b6a0-3e581bb44b66,Stand-Up India,https://www.standupmitra.in/,Tamil Nadu,Early,Small,Service,StandupIndia Login Applicaunt Login Applicaant Registration Other Users Home About Us Stand-Up India Scheme facilitate...,GST Certificate,True
69778b6e5dbe0abc9824612f,f05083cd-2e17-4c7c-89d3-dde1f4a021d8,Stand-Up India,https://www.standupmitra.in/,Tamil Nadu,Early,Small,Service,StandupIndia Login Applicaunt Login Applicaant Registration Other Users Home About Us Stand-Up India Scheme facilitate...,Udyam Certificate,True
69778b6e5dbe0abc98246130,6e455572-79ea-42f0-8989-ad25c6b286a1,Stand-Up India,https://www.standupmitra.in/,Tamil Nadu,Early,Small,Service,StandupIndia Login Applicaunt Login Applicaant Registration Other Users Home About Us Stand-Up India Scheme facilitate...,Bank Statement,True
69778b6e5dbe0abc98246131,15cc59f6-2d35-4fae-adb5-f6bad861a81e,Stand-Up India,https://www.standupmitra.in/,Tamil Nadu,Early,Small,Service,,GST Certificate,True
69778b6e5dbe0abc98246132,154533ff-b42c-47ec-8b86-3d86a86e4502,Stand-Up India,https://www.standupmitra.in/,Tamil Nadu,Early,Small,Service,,Udyam Certificate,True
69778b6e5dbe0abc98246133,61cfdaaf-6c82-4fc4-be53-63e159a87816,Stand-Up India,https://www.standupmitra.in/,Tamil Nadu,Early,Small,Service,,Bank Statement,True
69778b6e5dbe0abc98246134,fdd46879-2ab9-42fb-b84d-c33f25713756,Stand-Up India,https://www.standupmitra.in/,Tamil Nadu,Early,Small,Service,"Communities Stand-up India Scheme facilitates bank loan between ₹10 lakhs and ₹1 crore for Applicants to establish a greenfield enterprise. The Borrower Type Loans to SC/ST and Women Entrepreneurs with at least 51% of the shareholding and controlling stake, either an SC/ST or woman entrepreneur. Salient Features:",GST Certificate,True
69778b6e5dbe0abc98246135,cd32b683-a62a-4877-b775-07c7a033f014,Stand-Up India,https://www.standupmitra.in/,Tamil Nadu,Early,Small,Service,"Communities Stand-up India Scheme facilitates bank loan between ₹10 lakhs and ₹1 crore for Applicants to establish a greenfield enterprise. The Borrower Type Loans to SC/ST and Women Entrepreneurs with at least 51% of the shareholding and controlling stake, either an SC/ST or woman entrepreneur. Salient Features:",Udyam Certificate,True
69778b6e5dbe0abc98246136,7bb99d34-105c-477d-9bf5-cb403ee9d097,Stand-Up India,https://www.standupmitra.in/,Tamil Nadu,Early,Small,Service,"Communities Stand-up India Scheme facilitates bank loan between ₹10 lakhs and ₹1 crore for Applicants to establish a greenfield enterprise. The Borrower Type Loans to SC/ST and Women Entrepreneurs with at least 51% of the shareholding and controlling stake, either an SC/ST or woman entrepreneur. Salient Features:",Bank Statement,True
69778b6e5dbe0abc98246137,b1b2f4a9-2a4a-4ed9-904e-e68bb06e7742,Stand-Up India,https://www.standupmitra.in/,Tamil Nadu,Early,Small,Service,- Loans of between ₹10 lakhs to ₹1 crore for Applicants.,GST Certificate,True
69778b6e5dbe0abc98246138,d1b510fa-a234-4f66-ad31-f012a9bedada,Stand-Up India,https://www.standupmitra.in/,Tamil Nadu,Early,Small,Service,- Loans of between ₹10 lakhs to ₹1 crore for Applicants.,Udyam Certificate,True
69778b6e5dbe0abc98246139,c36b94d8-f440-4d8d-9a13-0fcaabc8498a,Stand-Up India,https://www.standupmitra.in/,Tamil Nadu,Early,Small,Service,- Loans of between ₹10 lakhs to ₹1 crore for Applicants.,Bank Statement,True
69778b6e5dbe0abc9824613a,48bb4403-1aa5-4f70-bac9-9b8d5ca38267,Stand-Up India,https://www.standupmitra.in/,Tamil Nadu,Early,Small,Service,- Enterprise loans for setting up a greenfield enterprise.,GST Certificate,True
69778b6e5dbe0abc9824613b,04850e49-6735-43a2-9dab-923726c999ca,Stand-Up India,https://www.standupmitra.in/,Tamil Nadu,Early,Small,Service,- Enterprise loans for setting up a greenfield enterprise.,Udyam Certificate,True
69778b6e5dbe0abc9824613c,f4dc6e3b-f84e-49d9-abde-b9040a0e7b43,Stand-Up India,https://www.standupmitra.in/,Tamil Nadu,Early,Small,Service,- Enterprise loans for setting up a greenfield enterprise.,Bank Statement,True
69778b6e5dbe0abc9824613d,ac23b9c8-abb9-4587-b3c2-10f861d0e90f,Stand-Up India,https://www.standupmitra.in/,Tamil Nadu,Early,Small,Service,- Loan size is from ₹10 lakhs to ₹1 crore.,GST Certificate,True
69778b6e5dbe0abc9824613e,4d3ce498-cdcf-47bf-8d65-2bf286d4355e,Stand-Up India,https://www.standupmitra.in/,Tamil Nadu,Early,Small,Service,- Loan size is from ₹10 lakhs to ₹1 crore.,Udyam Certificate,True
69778b6e5dbe0abc9824613f,5748e5f1-5264-483d-95fa-a255f4ae5685,Stand-Up India,https://www.standupmitra.in/,Tamil Nadu,Early,Small,Service,- Loan size is from ₹10 lakhs to ₹1 crore.,Bank Statement,True
69778b6e5dbe0abc98246140,e6a9d127-1944-46f7-b7d2-59b986feb0c7,Stand-Up India,https://www.standupmitra.in/,Tamil Nadu,Early,Small,Service,- Comprises a composite loan (including Term Loan and Working Capital).,GST Certificate,True
69778b6e5dbe0abc98246141,52d2cdac-23e2-4238-a5dd-d83ad88e8cb8,Stand-Up India,https://www.standupmitra.in/,Tamil Nadu,Early,Small,Service,- Comprises a composite loan (including Term Loan and Working Capital).,Udyam Certificate,True
69778b6f5dbe0abc98246142,446d4d35-4232-4040-9905-2285a2ef8d1b,Stand-Up India,https://www.standupmitra.in/,Tamil Nadu,Early,Small,Service,- Comprises a composite loan (including Term Loan and Working Capital).,Bank Statement,True
69778b6f5dbe0abc98246143,81bc0f99-a2e0-4caf-9b5b-ab1f2389a7c8,Stand-Up India,https://www.standupmitra.in/,Tamil Nadu,Early,Small,Service,"- Key Elements: Stand-Up India Ecosystem, Promoter Contribution of 15%, Marginal Money security cover under Credit Guarantee Fund Scheme for Stand-Up India Loans (CGFSIL). Impact Stories:",GST Certificate,True
69778b6f5dbe0abc98246144,88b7726c-9816-4d22-90c9-daa499a5824e,Stand-Up India,https://www.standupmitra.in/,Tamil Nadu,Early,Small,Service,"- Key Elements: Stand-Up India Ecosystem, Promoter Contribution of 15%, Marginal Money security cover under Credit Guarantee Fund Scheme for Stand-Up India Loans (CGFSIL). Impact Stories:",Udyam Certificate,True
69778b6f5dbe0abc98246145,c0047836-a90d-4378-b89d-154bbe8953a6,Stand-Up India,https://www.standupmitra.in/,Tamil Nadu,Early,Small,Service,"- Key Elements: Stand-Up India Ecosystem, Promoter Contribution of 15%, Marginal Money security cover under Credit Guarantee Fund Scheme for Stand-Up India Loans (CGFSIL). Impact Stories:",Bank Statement,True
69778b6f5dbe0abc98246146,6656f391-9910-4cca-a82c-6c9cc2e12c01,Stand-Up India,https://www.standupmitra.in/,Tamil Nadu,Early,Small,Service,"- Prometheus is the beneficiary under STAND UP INDIA loan scheme. She has been given a loan for setting up of an Optometric clinic with vision therapy as she is a low vision therapist. As per the promoteur, she can earn Rs.1 lakhs per month from the Optical Gallery cum Optometric Clinic, which has vision therapy - as a low vision specialist, and has been granted loan sanction by PNB, Anna Nagar Branch, Chennai.",GST Certificate,True
69778b6f5dbe0abc98246147,14717ed8-e8d7-4808-b006-f224349c63fc,Stand-Up India,https://www.standupmitra.in/,Tamil Nadu,Early,Small,Service,"- Prometheus is the beneficiary under STAND UP INDIA loan scheme. She has been given a loan for setting up of an Optometric clinic with vision therapy as she is a low vision therapist. As per the promoteur, she can earn Rs.1 lakhs per month from the Optical Gallery cum Optometric Clinic, which has vision therapy - as a low vision specialist, and has been granted loan sanction by PNB, Anna Nagar Branch, Chennai.",Udyam Certificate,True
69778b6f5dbe0abc98246148,918b519f-fe21-412d-b641-b4d82352e19f,Stand-Up India,https://www.standupmitra.in/,Tamil Nadu,Early,Small,Service,"- Prometheus is the beneficiary under STAND UP INDIA loan scheme. She has been given a loan for setting up of an Optometric clinic with vision therapy as she is a low vision therapist. As per the promoteur, she can earn Rs.1 lakhs per month from the Optical Gallery cum Optometric Clinic, which has vision therapy - as a low vision specialist, and has been granted loan sanction by PNB, Anna Nagar Branch, Chennai.",Bank Statement,True
69778b6f5dbe0abc98246149,92cb0d34-6173-4864-b084-9578adaef4de,Stand-Up India,https://www.standupmitra.in/,Tamil Nadu,Early,Small,Service,"- Gaining experience from her father in law, the promoteur is able to stand alone as an optometrist after gaining experience from him. She has seen the website and learnt about the Anna Nagar branch extending STAND UP INDIA scheme and approached directly. According to the promoteur, she never dreamt of getting loan sanctioned in shortest time, which is why she is very happy and able to earn Rs.1 lakhs per month from the Optical Gallery cum Optometric Clinic, which has vision therapy - as a low v",GST Certificate,True
69778b6f5dbe0abc9824614a,58959ef4-0e66-4918-9c26-815b1973f668,Stand-Up India,https://www.standupmitra.in/,Tamil Nadu,Early,Small,Service,"- Gaining experience from her father in law, the promoteur is able to stand alone as an optometrist after gaining experience from him. She has seen the website and learnt about the Anna Nagar branch extending STAND UP INDIA scheme and approached directly. According to the promoteur, she never dreamt of getting loan sanctioned in shortest time, which is why she is very happy and able to earn Rs.1 lakhs per month from the Optical Gallery cum Optometric Clinic, which has vision therapy - as a low v",Udyam Certificate,True
69778b6f5dbe0abc9824614b,cf562a13-cacf-44e4-9bc4-8cd0350dd579,Stand-Up India,https://www.standupmitra.in/,Tamil Nadu,Early,Small,Service,"- Gaining experience from her father in law, the promoteur is able to stand alone as an optometrist after gaining experience from him. She has seen the website and learnt about the Anna Nagar branch extending STAND UP INDIA scheme and approached directly. According to the promoteur, she never dreamt of getting loan sanctioned in shortest time, which is why she is very happy and able to earn Rs.1 lakhs per month from the Optical Gallery cum Optometric Clinic, which has vision therapy - as a low v",Bank Statement,True
69778b6f5dbe0abc9824614c,a49d8b84-8402-4004-b1f0-e7b51ee853d5,Stand-Up India,https://www.standupmitra.in/,Tamil Nadu,Early,Small,Service,,GST Certificate,True
69778b6f5dbe0abc9824614d,9487284c-66b4-42fa-83f8-895991401b7a,Stand-Up India,https://www.standupmitra.in/,Tamil Nadu,Early,Small,Service,,Udyam Certificate,True
69778b6f5dbe0abc9824614e,5d6b67bd-3eb1-4a97-9326-768cf10742c6,Stand-Up India,https://www.standupmitra.in/,Tamil Nadu,Early,Small,Service,,Bank Statement,True
69778b6f5dbe0abc9824614f,1f9b9e5b-8fb3-472b-b9aa-bd866eb81e1a,Stand-Up India,https://www.standupmitra.in/,Tamil Nadu,Early,Small,Service,,GST Certificate,True
69778b6f5dbe0abc98246150,e3ca7c25-4d67-4455-a87f-887163d2fa85,Stand-Up India,https://www.standupmitra.in/,Tamil Nadu,Early,Small,Service,,Udyam Certificate,True
69778b6f5dbe0abc98246151,49c22044-3c51-40a8-9932-71a61efbc7dc,Stand-Up India,https://www.standupmitra.in/,Tamil Nadu,Early,Small,Service,,Bank Statement,True
69778b6f5dbe0abc98246152,33e5e823-4bd7-4785-ab88-5013dbdfed31,Stand-Up India,https://www.standupmitra.in/,Tamil Nadu,Early,Small,Tech,Extract:,GST Certificate,True
69778b6f5dbe0abc98246153,5b39e968-9511-4085-8992-98691705d740,Stand-Up India,https://www.standupmitra.in/,Tamil Nadu,Early,Small,Tech,Extract:,Udyam Certificate,True
69778b6f5dbe0abc98246154,2bc9a78e-4bf1-481a-b6f9-d503c6fd77bd,Stand-Up India,https://www.standupmitra.in/,Tamil Nadu,Early,Small,Tech,Extract:,Bank Statement,True
69778b6f5dbe0abc98246155,87f098da-b4d1-4254-956b-3e06d9c65e31,Stand-Up India,https://www.standupmitra.in/,Tamil Nadu,Early,Small,Tech,- Eligibility criteria,GST Certificate,True
69778b6f5dbe0abc98246156,4422181e-3562-45da-b737-b2978efaf4d9,Stand-Up India,https://www.standupmitra.in/,Tamil Nadu,Early,Small,Tech,- Eligibility criteria,Udyam Certificate,True
69778b6f5dbe0abc98246157,9c380b41-0dc6-4511-a87b-743cda48d605,Stand-Up India,https://www.standupmitra.in/,Tamil Nadu,Early,Small,Tech,- Eligibility criteria,Bank Statement,True
69778b6f5dbe0abc98246158,da9b667e-0438-4ccd-acf3-17e4b167d327,Stand-Up India,https://www.standupmitra.in/,Tamil Nadu,Early,Small,Tech,- Required documents,GST Certificate,True
69778b6f5dbe0abc98246159,0ec30e4d-4879-4d33-99b5-18a2ff6d86f4,Stand-Up India,https://www.standupmitra.in/,Tamil Nadu,Early,Small,Tech,- Required documents,Udyam Certificate,True
69778b6f5dbe0abc9824615a,4287460f-5fbb-4417-8dd3-c24ccbf2e1a9,Stand-Up India,https://www.standupmitra.in/,Tamil Nadu,Early,Small,Tech,- Required documents,Bank Statement,True
69778b6f5dbe0abc9824615b,351290aa-0e41-4445-bb05-ff7a89ac9c71,Stand-Up India,https://www.standupmitra.in/,Tamil Nadu,Early,Small,Tech,Return as bullet points.,GST Certificate,True
69778b6f5dbe0abc9824615c,35fc7425-b7d7-4739-b70d-74c54e146c05,Stand-Up India,https://www.standupmitra.in/,Tamil Nadu,Early,Small,Tech,Return as bullet points.,Udyam Certificate,True
69778b6f5dbe0abc9824615d,80d88c62-0988-4ef4-af95-8a4bde574834,Stand-Up India,https://www.standupmitra.in/,Tamil Nadu,Early,Small,Tech,Return as bullet points.,Bank Statement,True
69778b6f5dbe0abc9824615e,909bff92-498b-455f-a0ad-8f2a516f3158,Stand-Up India,https://www.standupmitra.in/,Tamil Nadu,Early,Small,Tech,,GST Certificate,True
69778b6f5dbe0abc9824615f,1dc731f7-79f6-4d36-b5de-a5f008dddeb2,Stand-Up India,https://www.standupmitra.in/,Tamil Nadu,Early,Small,Tech,,Udyam Certificate,True
69778b6f5dbe0abc98246160,138e377d-64fc-4556-ad38-172dacec9e0d,Stand-Up India,https://www.standupmitra.in/,Tamil Nadu,Early,Small,Tech,,Bank Statement,True
69778b6f5dbe0abc98246161,3184c85f-13e5-4fe5-9910-ce9d640d9fd4,Stand-Up India,https://www.standupmitra.in/,Tamil Nadu,Early,Small,Tech,TEXT:,GST Certificate,True
69778b6f5dbe0abc98246162,77fff4db-bb37-4b89-b875-696b57d72d8f,Stand-Up India,https://www.standupmitra.in/,Tamil Nadu,Early,Small,Tech,TEXT:,Udyam Certificate,True
69778b6f5dbe0abc98246163,140664a4-739d-4076-b7e4-f5811261ba4e,Stand-Up India,https://www.standupmitra.in/,Tamil Nadu,Early,Small,Tech,TEXT:,Bank Statement,True
69778b6f5dbe0abc98246164,6d9a3e86-d31c-43e3-9451-81faa5690955,Stand-Up India,https://www.standupmitra.in/,Tamil Nadu,Early,Small,Tech,StandupIndia Login Applicaunt Login Applicaant Registration Other Users Home About Us Stand-Up India Scheme facilitate...,GST Certificate,True
69778b6f5dbe0abc98246165,e48184b8-0192-48fc-a84d-f16f5fa79c4f,Stand-Up India,https://www.standupmitra.in/,Tamil Nadu,Early,Small,Tech,StandupIndia Login Applicaunt Login Applicaant Registration Other Users Home About Us Stand-Up India Scheme facilitate...,Udyam Certificate,True
69778b6f5dbe0abc98246166,229b4b9c-7058-44ff-b9db-9b9398b512a0,Stand-Up India,https://www.standupmitra.in/,Tamil Nadu,Early,Small,Tech,StandupIndia Login Applicaunt Login Applicaant Registration Other Users Home About Us Stand-Up India Scheme facilitate...,Bank Statement,True
69778b6f5dbe0abc98246167,2d430745-0218-485c-b326-9ff724627873,Stand-Up India,https://www.standupmitra.in/,Tamil Nadu,Early,Small,Tech,,GST Certificate,True
69778b6f5dbe0abc98246168,1303e119-7cd9-41ae-84da-1918a862b9fa,Stand-Up India,https://www.standupmitra.in/,Tamil Nadu,Early,Small,Tech,,Udyam Certificate,True
69778b6f5dbe0abc98246169,f01532c6-6422-481c-84ea-8da128315acc,Stand-Up India,https://www.standupmitra.in/,Tamil Nadu,Early,Small,Tech,,Bank Statement,True
69778b6f5dbe0abc9824616a,9aeab3eb-b2fb-4f2b-9eca-75dc42c328ce,Stand-Up India,https://www.standupmitra.in/,Tamil Nadu,Early,Small,Tech,"Communities Stand-up India Scheme facilitates bank loan between ₹10 lakhs and ₹1 crore for Applicants to establish a greenfield enterprise. The Borrower Type Loans to SC/ST and Women Entrepreneurs with at least 51% of the shareholding and controlling stake, either an SC/ST or woman entrepreneur. Salient Features:",GST Certificate,True
69778b6f5dbe0abc9824616b,6beaa2b9-fa09-4563-90e7-782521de0dac,Stand-Up India,https://www.standupmitra.in/,Tamil Nadu,Early,Small,Tech,"Communities Stand-up India Scheme facilitates bank loan between ₹10 lakhs and ₹1 crore for Applicants to establish a greenfield enterprise. The Borrower Type Loans to SC/ST and Women Entrepreneurs with at least 51% of the shareholding and controlling stake, either an SC/ST or woman entrepreneur. Salient Features:",Udyam Certificate,True
69778b6f5dbe0abc9824616c,61e5c17f-0916-4435-9682-e11b0839e56d,Stand-Up India,https://www.standupmitra.in/,Tamil Nadu,Early,Small,Tech,"Communities Stand-up India Scheme facilitates bank loan between ₹10 lakhs and ₹1 crore for Applicants to establish a greenfield enterprise. The Borrower Type Loans to SC/ST and Women Entrepreneurs with at least 51% of the shareholding and controlling stake, either an SC/ST or woman entrepreneur. Salient Features:",Bank Statement,True
69778b6f5dbe0abc9824616d,4bf7935d-1d38-4eb4-8433-cbaa64767d8f,Stand-Up India,https://www.standupmitra.in/,Tamil Nadu,Early,Small,Tech,- Loans of between ₹10 lakhs to ₹1 crore for Applicants.,GST Certificate,True
69778b6f5dbe0abc9824616e,142a8e30-4919-456e-b2c5-5526554f7778,Stand-Up India,https://www.standupmitra.in/,Tamil Nadu,Early,Small,Tech,- Loans of between ₹10 lakhs to ₹1 crore for Applicants.,Udyam Certificate,True
69778b6f5dbe0abc9824616f,8012e36d-0182-48ba-8766-1ce71cfff745,Stand-Up India,https://www.standupmitra.in/,Tamil Nadu,Early,Small,Tech,- Loans of between ₹10 lakhs to ₹1 crore for Applicants.,Bank Statement,True
69778b6f5dbe0abc98246170,6482bb56-a652-4e87-be29-b1c6ebd38781,Stand-Up India,https://www.standupmitra.in/,Tamil Nadu,Early,Small,Tech,- Enterprise loans for setting up a greenfield enterprise.,GST Certificate,True
69778b6f5dbe0abc98246171,12c0ad1f-393c-46a1-8412-cc69e43b3cb3,Stand-Up India,https://www.standupmitra.in/,Tamil Nadu,Early,Small,Tech,- Enterprise loans for setting up a greenfield enterprise.,Udyam Certificate,True
69778b6f5dbe0abc98246172,35d4c02b-03ea-41e3-9ff3-53e02513bf2d,Stand-Up India,https://www.standupmitra.in/,Tamil Nadu,Early,Small,Tech,- Enterprise loans for setting up a greenfield enterprise.,Bank Statement,True
69778b6f5dbe0abc98246173,cf5caa01-f958-49f7-b1ef-76e3e76ce5c5,Stand-Up India,https://www.standupmitra.in/,Tamil Nadu,Early,Small,Tech,- Loan size is from ₹10 lakhs to ₹1 crore.,GST Certificate,True
69778b6f5dbe0abc98246174,1444ac19-c9f3-4dfd-850d-ba20aaa12d53,Stand-Up India,https://www.standupmitra.in/,Tamil Nadu,Early,Small,Tech,- Loan size is from ₹10 lakhs to ₹1 crore.,Udyam Certificate,True
69778b6f5dbe0abc98246175,0fbcbdf0-dcd8-4061-ba6c-54b88b2da75b,Stand-Up India,https://www.standupmitra.in/,Tamil Nadu,Early,Small,Tech,- Loan size is from ₹10 lakhs to ₹1 crore.,Bank Statement,True
69778b6f5dbe0abc98246176,ec8fcd9d-0efc-445a-823b-3c7c89b8f776,Stand-Up India,https://www.standupmitra.in/,Tamil Nadu,Early,Small,Tech,- Comprises a composite loan (including Term Loan and Working Capital).,GST Certificate,True
69778b6f5dbe0abc98246177,ae3365a1-2ccc-4756-bab1-6ce186380169,Stand-Up India,https://www.standupmitra.in/,Tamil Nadu,Early,Small,Tech,- Comprises a composite loan (including Term Loan and Working Capital).,Udyam Certificate,True
69778b6f5dbe0abc98246178,710f9de8-3ef7-4905-9e3f-325e3543f6bb,Stand-Up India,https://www.standupmitra.in/,Tamil Nadu,Early,Small,Tech,- Comprises a composite loan (including Term Loan and Working Capital).,Bank Statement,True
69778b6f5dbe0abc98246179,0fb28f13-180c-403b-8750-3c2f73cccc2d,Stand-Up India,https://www.standupmitra.in/,Tamil Nadu,Early,Small,Tech,"- Key Elements: Stand-Up India Ecosystem, Promoter Contribution of 15%, Marginal Money security cover under Credit Guarantee Fund Scheme for Stand-Up India Loans (CGFSIL). Impact Stories:",GST Certificate,True
69778b6f5dbe0abc9824617a,5d269392-4737-42f0-9c89-36606b8c4fed,Stand-Up India,https://www.standupmitra.in/,Tamil Nadu,Early,Small,Tech,"- Key Elements: Stand-Up India Ecosystem, Promoter Contribution of 15%, Marginal Money security cover under Credit Guarantee Fund Scheme for Stand-Up India Loans (CGFSIL). Impact Stories:",Udyam Certificate,True
69778b6f5dbe0abc9824617b,f6742225-cae1-4ebd-b326-abd3871205ad,Stand-Up India,https://www.standupmitra.in/,Tamil Nadu,Early,Small,Tech,"- Key Elements: Stand-Up India Ecosystem, Promoter Contribution of 15%, Marginal Money security cover under Credit Guarantee Fund Scheme for Stand-Up India Loans (CGFSIL). Impact Stories:",Bank Statement,True
69778b6f5dbe0abc9824617c,eab2480b-3560-4749-82dd-a1a23d2b3dac,Stand-Up India,https://www.standupmitra.in/,Tamil Nadu,Early,Small,Tech,"- Prometheus is the beneficiary under STAND UP INDIA loan scheme. She has been given a loan for setting up of an Optometric clinic with vision therapy as she is a low vision therapist. As per the promoteur, she can earn Rs.1 lakhs per month from the Optical Gallery cum Optometric Clinic, which has vision therapy - as a low vision specialist, and has been granted loan sanction by PNB, Anna Nagar Branch, Chennai.",GST Certificate,True
69778b6f5dbe0abc9824617d,84cdcad9-d7de-4f96-bff1-4115c1b72dfa,Stand-Up India,https://www.standupmitra.in/,Tamil Nadu,Early,Small,Tech,"- Prometheus is the beneficiary under STAND UP INDIA loan scheme. She has been given a loan for setting up of an Optometric clinic with vision therapy as she is a low vision therapist. As per the promoteur, she can earn Rs.1 lakhs per month from the Optical Gallery cum Optometric Clinic, which has vision therapy - as a low vision specialist, and has been granted loan sanction by PNB, Anna Nagar Branch, Chennai.",Udyam Certificate,True
69778b6f5dbe0abc9824617e,cffb52ae-1d3b-4686-9426-d756ef66476d,Stand-Up India,https://www.standupmitra.in/,Tamil Nadu,Early,Small,Tech,"- Prometheus is the beneficiary under STAND UP INDIA loan scheme. She has been given a loan for setting up of an Optometric clinic with vision therapy as she is a low vision therapist. As per the promoteur, she can earn Rs.1 lakhs per month from the Optical Gallery cum Optometric Clinic, which has vision therapy - as a low vision specialist, and has been granted loan sanction by PNB, Anna Nagar Branch, Chennai.",Bank Statement,True
69778b6f5dbe0abc9824617f,fa098002-9acc-45e3-a91c-b0f6c2249993,Stand-Up India,https://www.standupmitra.in/,Tamil Nadu,Early,Small,Tech,"- Gaining experience from her father in law, the promoteur is able to stand alone as an optometrist after gaining experience from him. She has seen the website and learnt about the Anna Nagar branch extending STAND UP INDIA scheme and approached directly. According to the promoteur, she never dreamt of getting loan sanctioned in shortest time, which is why she is very happy and able to earn Rs.1 lakhs per month from the Optical Gallery cum Optometric Clinic, which has vision therapy - as a low v",GST Certificate,True
69778b6f5dbe0abc98246180,63254390-0a12-4486-ab9b-b1ba67e1d75f,Stand-Up India,https://www.standupmitra.in/,Tamil Nadu,Early,Small,Tech,"- Gaining experience from her father in law, the promoteur is able to stand alone as an optometrist after gaining experience from him. She has seen the website and learnt about the Anna Nagar branch extending STAND UP INDIA scheme and approached directly. According to the promoteur, she never dreamt of getting loan sanctioned in shortest time, which is why she is very happy and able to earn Rs.1 lakhs per month from the Optical Gallery cum Optometric Clinic, which has vision therapy - as a low v",Udyam Certificate,True
69778b6f5dbe0abc98246181,8859d8f9-013d-4285-84ac-86fc77fa8bbd,Stand-Up India,https://www.standupmitra.in/,Tamil Nadu,Early,Small,Tech,"- Gaining experience from her father in law, the promoteur is able to stand alone as an optometrist after gaining experience from him. She has seen the website and learnt about the Anna Nagar branch extending STAND UP INDIA scheme and approached directly. According to the promoteur, she never dreamt of getting loan sanctioned in shortest time, which is why she is very happy and able to earn Rs.1 lakhs per month from the Optical Gallery cum Optometric Clinic, which has vision therapy - as a low v",Bank Statement,True
69778b6f5dbe0abc98246182,4cf8f164-a289-49d9-81dd-6f3095ab0bea,Stand-Up India,https://www.standupmitra.in/,Tamil Nadu,Early,Small,Tech,,GST Certificate,True
69778b6f5dbe0abc98246183,4db65f78-c845-47e0-bfef-b1cc12ce8570,Stand-Up India,https://www.standupmitra.in/,Tamil Nadu,Early,Small,Tech,,Udyam Certificate,True
69778b6f5dbe0abc98246184,77cce4b6-f2b1-4808-89d9-9d60807ce52e,Stand-Up India,https://www.standupmitra.in/,Tamil Nadu,Early,Small,Tech,,Bank Statement,True
69778b6f5dbe0abc98246185,b57ac473-03e0-4727-b7e1-fe5bee5a0686,Stand-Up India,https://www.standupmitra.in/,Tamil Nadu,Early,Small,Tech,,GST Certificate,True
69778b6f5dbe0abc98246186,7b8c68c9-9453-4b3e-8a19-64cadd90723c,Stand-Up India,https://www.standupmitra.in/,Tamil Nadu,Early,Small,Tech,,Udyam Certificate,True
69778b6f5dbe0abc98246187,79fcc43d-228c-411a-8611-28159323442f,Stand-Up India,https://www.standupmitra.in/,Tamil Nadu,Early,Small,Tech,,Bank Statement,True
69778b6f5dbe0abc98246188,614df9dc-bdac-4b25-8c38-c7296582bfb5,Stand-Up India,https://www.standupmitra.in/,Tamil Nadu,Early,Small,Agri,Extract:,GST Certificate,True
69778b6f5dbe0abc98246189,49efd48d-e373-4dc9-a76a-f60bdd55f5cc,Stand-Up India,https://www.standupmitra.in/,Tamil Nadu,Early,Small,Agri,Extract:,Udyam Certificate,True
69778b6f5dbe0abc9824618a,303fa982-7a91-4c14-895f-cd232dbe7626,Stand-Up India,https://www.standupmitra.in/,Tamil Nadu,Early,Small,Agri,Extract:,Bank Statement,True
69778b6f5dbe0abc9824618b,ce9fbd13-130e-4807-a2ee-33e59a6e89eb,Stand-Up India,https://www.standupmitra.in/,Tamil Nadu,Early,Small,Agri,- Eligibility criteria,GST Certificate,True
69778b6f5dbe0abc9824618c,384f2c17-fa4a-4e4f-af56-db566ceacbfc,Stand-Up India,https://www.standupmitra.in/,Tamil Nadu,Early,Small,Agri,- Eligibility criteria,Udyam Certificate,True
69778b6f5dbe0abc9824618d,8c7b2bd5-659d-4ea4-9c74-ed4cfe9cc401,Stand-Up India,https://www.standupmitra.in/,Tamil Nadu,Early,Small,Agri,- Eligibility criteria,Bank Statement,True
69778b6f5dbe0abc9824618e,15fdb96d-e2ad-4c94-9ec6-843747a6a857,Stand-Up India,https://www.standupmitra.in/,Tamil Nadu,Early,Small,Agri,- Required documents,GST Certificate,True
69778b6f5dbe0abc9824618f,4929538e-db70-4487-ab17-1aa8207d29fb,Stand-Up India,https://www.standupmitra.in/,Tamil Nadu,Early,Small,Agri,- Required documents,Udyam Certificate,True
69778b6f5dbe0abc98246190,2b51c781-0f47-4e48-a865-f2ca5f42fc65,Stand-Up India,https://www.standupmitra.in/,Tamil Nadu,Early,Small,Agri,- Required documents,Bank Statement,True
69778b6f5dbe0abc98246191,e33b05db-29b2-44fc-821a-9ac27d50eec0,Stand-Up India,https://www.standupmitra.in/,Tamil Nadu,Early,Small,Agri,Return as bullet points.,GST Certificate,True
69778b6f5dbe0abc98246192,2a316f2d-1fa6-4463-b627-f7941f89845f,Stand-Up India,https://www.standupmitra.in/,Tamil Nadu,Early,Small,Agri,Return as bullet points.,Udyam Certificate,True
69778b6f5dbe0abc98246193,350dbb50-898e-48fe-8a27-66407df7bdf8,Stand-Up India,https://www.standupmitra.in/,Tamil Nadu,Early,Small,Agri,Return as bullet points.,Bank Statement,True
69778b6f5dbe0abc98246194,4a879f71-ea1a-4ccc-989b-e95d510f5496,Stand-Up India,https://www.standupmitra.in/,Tamil Nadu,Early,Small,Agri,,GST Certificate,True
69778b6f5dbe0abc98246195,defdfd9b-cdb6-4f6c-b67c-294c0998154e,Stand-Up India,https://www.standupmitra.in/,Tamil Nadu,Early,Small,Agri,,Udyam Certificate,True
69778b6f5dbe0abc98246196,2e29e0e0-f36b-4763-a8db-cc48ad6342b5,Stand-Up India,https://www.standupmitra.in/,Tamil Nadu,Early,Small,Agri,,Bank Statement,True
69778b6f5dbe0abc98246197,9683cd1a-c9a8-45fc-adc1-c1371fcd06c1,Stand-Up India,https://www.standupmitra.in/,Tamil Nadu,Early,Small,Agri,TEXT:,GST Certificate,True
69778b6f5dbe0abc98246198,d7051cf5-c17d-4970-8dc4-1f319e6c3056,Stand-Up India,https://www.standupmitra.in/,Tamil Nadu,Early,Small,Agri,TEXT:,Udyam Certificate,True
69778b6f5dbe0abc98246199,a00f397c-3746-4325-a9c1-9c3eb248c2fe,Stand-Up India,https://www.standupmitra.in/,Tamil Nadu,Early,Small,Agri,TEXT:,Bank Statement,True
69778b6f5dbe0abc9824619a,83eaa6b4-9976-4aef-9a1d-65f18707adf7,Stand-Up India,https://www.standupmitra.in/,Tamil Nadu,Early,Small,Agri,StandupIndia Login Applicaunt Login Applicaant Registration Other Users Home About Us Stand-Up India Scheme facilitate...,GST Certificate,True
69778b6f5dbe0abc9824619b,00716af1-c755-4751-90c8-edb20fcb8418,Stand-Up India,https://www.standupmitra.in/,Tamil Nadu,Early,Small,Agri,StandupIndia Login Applicaunt Login Applicaant Registration Other Users Home About Us Stand-Up India Scheme facilitate...,Udyam Certificate,True
69778b6f5dbe0abc9824619c,8b8b8833-39f0-4ae5-b294-8af7595744fa,Stand-Up India,https://www.standupmitra.in/,Tamil Nadu,Early,Small,Agri,StandupIndia Login Applicaunt Login Applicaant Registration Other Users Home About Us Stand-Up India Scheme facilitate...,Bank Statement,True
69778b6f5dbe0abc9824619d,3f4e8ff2-6c5f-40a5-a1a6-678047da8e17,Stand-Up India,https://www.standupmitra.in/,Tamil Nadu,Early,Small,Agri,,GST Certificate,True
69778b6f5dbe0abc9824619e,6ff53cd5-e9cd-44f6-8d49-66f2f4cedfd2,Stand-Up India,https://www.standupmitra.in/,Tamil Nadu,Early,Small,Agri,,Udyam Certificate,True
69778b6f5dbe0abc9824619f,90ddd654-29cf-49ae-8c1c-282ca2ef523d,Stand-Up India,https://www.standupmitra.in/,Tamil Nadu,Early,Small,Agri,,Bank Statement,True
69778b6f5dbe0abc982461a0,2923d0bb-b0ee-4f9b-a306-4a7d63b77d4f,Stand-Up India,https://www.standupmitra.in/,Tamil Nadu,Early,Small,Agri,"Communities Stand-up India Scheme facilitates bank loan between ₹10 lakhs and ₹1 crore for Applicants to establish a greenfield enterprise. The Borrower Type Loans to SC/ST and Women Entrepreneurs with at least 51% of the shareholding and controlling stake, either an SC/ST or woman entrepreneur. Salient Features:",GST Certificate,True
69778b6f5dbe0abc982461a1,825da508-7f58-4f7d-973a-55c9a715e66d,Stand-Up India,https://www.standupmitra.in/,Tamil Nadu,Early,Small,Agri,"Communities Stand-up India Scheme facilitates bank loan between ₹10 lakhs and ₹1 crore for Applicants to establish a greenfield enterprise. The Borrower Type Loans to SC/ST and Women Entrepreneurs with at least 51% of the shareholding and controlling stake, either an SC/ST or woman entrepreneur. Salient Features:",Udyam Certificate,True
69778b6f5dbe0abc982461a2,5a9693d6-5177-4db8-b218-8e55a8ff0c27,Stand-Up India,https://www.standupmitra.in/,Tamil Nadu,Early,Small,Agri,"Communities Stand-up India Scheme facilitates bank loan between ₹10 lakhs and ₹1 crore for Applicants to establish a greenfield enterprise. The Borrower Type Loans to SC/ST and Women Entrepreneurs with at least 51% of the shareholding and controlling stake, either an SC/ST or woman entrepreneur. Salient Features:",Bank Statement,True
69778b6f5dbe0abc982461a3,f0f42da1-1c23-44d4-b248-49d1a567a497,Stand-Up India,https://www.standupmitra.in/,Tamil Nadu,Early,Small,Agri,- Loans of between ₹10 lakhs to ₹1 crore for Applicants.,GST Certificate,True
69778b6f5dbe0abc982461a4,1e55d246-8c3c-48bb-98e7-e7813f3914f7,Stand-Up India,https://www.standupmitra.in/,Tamil Nadu,Early,Small,Agri,- Loans of between ₹10 lakhs to ₹1 crore for Applicants.,Udyam Certificate,True
69778b6f5dbe0abc982461a5,2a2e5017-a5d2-47fc-b21f-45e9552d931f,Stand-Up India,https://www.standupmitra.in/,Tamil Nadu,Early,Small,Agri,- Loans of between ₹10 lakhs to ₹1 crore for Applicants.,Bank Statement,True
69778b6f5dbe0abc982461a6,d466180b-71ce-46b6-a6f0-98e35688f09a,Stand-Up India,https://www.standupmitra.in/,Tamil Nadu,Early,Small,Agri,- Enterprise loans for setting up a greenfield enterprise.,GST Certificate,True
69778b6f5dbe0abc982461a7,bc54e23d-6f66-4f8d-8ee3-42e2e75dd85c,Stand-Up India,https://www.standupmitra.in/,Tamil Nadu,Early,Small,Agri,- Enterprise loans for setting up a greenfield enterprise.,Udyam Certificate,True
69778b6f5dbe0abc982461a8,deb8d4be-65e5-427c-a2e1-c2101f18bbe0,Stand-Up India,https://www.standupmitra.in/,Tamil Nadu,Early,Small,Agri,- Enterprise loans for setting up a greenfield enterprise.,Bank Statement,True
69778b6f5dbe0abc982461a9,c66a8f97-e1e4-48f4-ad8a-c138ba6827ec,Stand-Up India,https://www.standupmitra.in/,Tamil Nadu,Early,Small,Agri,- Loan size is from ₹10 lakhs to ₹1 crore.,GST Certificate,True
69778b6f5dbe0abc982461aa,f7119909-cf10-42fb-a991-4c078bb834f6,Stand-Up India,https://www.standupmitra.in/,Tamil Nadu,Early,Small,Agri,- Loan size is from ₹10 lakhs to ₹1 crore.,Udyam Certificate,True
69778b6f5dbe0abc982461ab,e1d12b87-a34f-41d8-8de4-6cb5f5c4c94c,Stand-Up India,https://www.standupmitra.in/,Tamil Nadu,Early,Small,Agri,- Loan size is from ₹10 lakhs to ₹1 crore.,Bank Statement,True
69778b6f5dbe0abc982461ac,05fae9cc-888b-4b57-aeca-eb54acbc3f3f,Stand-Up India,https://www.standupmitra.in/,Tamil Nadu,Early,Small,Agri,- Comprises a composite loan (including Term Loan and Working Capital).,GST Certificate,True
69778b6f5dbe0abc982461ad,277adbaa-4b17-4583-9992-7bd06ca242e1,Stand-Up India,https://www.standupmitra.in/,Tamil Nadu,Early,Small,Agri,- Comprises a composite loan (including Term Loan and Working Capital).,Udyam Certificate,True
69778b6f5dbe0abc982461ae,eb643a93-6ac5-4301-81c2-5fce9fb93e66,Stand-Up India,https://www.standupmitra.in/,Tamil Nadu,Early,Small,Agri,- Comprises a composite loan (including Term Loan and Working Capital).,Bank Statement,True
69778b6f5dbe0abc982461af,5cdc16ef-d70a-4a0f-8a82-f466e8d45faa,Stand-Up India,https://www.standupmitra.in/,Tamil Nadu,Early,Small,Agri,"- Key Elements: Stand-Up India Ecosystem, Promoter Contribution of 15%, Marginal Money security cover under Credit Guarantee Fund Scheme for Stand-Up India Loans (CGFSIL). Impact Stories:",GST Certificate,True
69778b6f5dbe0abc982461b0,48d1c258-4309-453f-9ab6-3d51c38deba6,Stand-Up India,https://www.standupmitra.in/,Tamil Nadu,Early,Small,Agri,"- Key Elements: Stand-Up India Ecosystem, Promoter Contribution of 15%, Marginal Money security cover under Credit Guarantee Fund Scheme for Stand-Up India Loans (CGFSIL). Impact Stories:",Udyam Certificate,True
69778b6f5dbe0abc982461b1,4ffd698c-7cac-4251-81df-ea7484dfacca,Stand-Up India,https://www.standupmitra.in/,Tamil Nadu,Early,Small,Agri,"- Key Elements: Stand-Up India Ecosystem, Promoter Contribution of 15%, Marginal Money security cover under Credit Guarantee Fund Scheme for Stand-Up India Loans (CGFSIL). Impact Stories:",Bank Statement,True
69778b6f5dbe0abc982461b2,87d68dc8-d1ae-492d-b0bd-dae0a329012d,Stand-Up India,https://www.standupmitra.in/,Tamil Nadu,Early,Small,Agri,"- Prometheus is the beneficiary under STAND UP INDIA loan scheme. She has been given a loan for setting up of an Optometric clinic with vision therapy as she is a low vision therapist. As per the promoteur, she can earn Rs.1 lakhs per month from the Optical Gallery cum Optometric Clinic, which has vision therapy - as a low vision specialist, and has been granted loan sanction by PNB, Anna Nagar Branch, Chennai.",GST Certificate,True
69778b6f5dbe0abc982461b3,da84854d-1fd0-4a4d-b6ab-857a054ae95a,Stand-Up India,https://www.standupmitra.in/,Tamil Nadu,Early,Small,Agri,"- Prometheus is the beneficiary under STAND UP INDIA loan scheme. She has been given a loan for setting up of an Optometric clinic with vision therapy as she is a low vision therapist. As per the promoteur, she can earn Rs.1 lakhs per month from the Optical Gallery cum Optometric Clinic, which has vision therapy - as a low vision specialist, and has been granted loan sanction by PNB, Anna Nagar Branch, Chennai.",Udyam Certificate,True
69778b6f5dbe0abc982461b4,cf88737f-1ee1-4724-a9af-984b24f7b234,Stand-Up India,https://www.standupmitra.in/,Tamil Nadu,Early,Small,Agri,"- Prometheus is the beneficiary under STAND UP INDIA loan scheme. She has been given a loan for setting up of an Optometric clinic with vision therapy as she is a low vision therapist. As per the promoteur, she can earn Rs.1 lakhs per month from the Optical Gallery cum Optometric Clinic, which has vision therapy - as a low vision specialist, and has been granted loan sanction by PNB, Anna Nagar Branch, Chennai.",Bank Statement,True
69778b6f5dbe0abc982461b5,2b2a1ba4-893a-48d7-ad76-3a6b9b57156a,Stand-Up India,https://www.standupmitra.in/,Tamil Nadu,Early,Small,Agri,"- Gaining experience from her father in law, the promoteur is able to stand alone as an optometrist after gaining experience from him. She has seen the website and learnt about the Anna Nagar branch extending STAND UP INDIA scheme and approached directly. According to the promoteur, she never dreamt of getting loan sanctioned in shortest time, which is why she is very happy and able to earn Rs.1 lakhs per month from the Optical Gallery cum Optometric Clinic, which has vision therapy - as a low v",GST Certificate,True
69778b6f5dbe0abc982461b6,5397b362-5dab-425f-a41e-97448b34c9fb,Stand-Up India,https://www.standupmitra.in/,Tamil Nadu,Early,Small,Agri,"- Gaining experience from her father in law, the promoteur is able to stand alone as an optometrist after gaining experience from him. She has seen the website and learnt about the Anna Nagar branch extending STAND UP INDIA scheme and approached directly. According to the promoteur, she never dreamt of getting loan sanctioned in shortest time, which is why she is very happy and able to earn Rs.1 lakhs per month from the Optical Gallery cum Optometric Clinic, which has vision therapy - as a low v",Udyam Certificate,True
69778b6f5dbe0abc982461b7,2a9337ae-36cf-4ef8-ad80-da64a49fe238,Stand-Up India,https://www.standupmitra.in/,Tamil Nadu,Early,Small,Agri,"- Gaining experience from her father in law, the promoteur is able to stand alone as an optometrist after gaining experience from him. She has seen the website and learnt about the Anna Nagar branch extending STAND UP INDIA scheme and approached directly. According to the promoteur, she never dreamt of getting loan sanctioned in shortest time, which is why she is very happy and able to earn Rs.1 lakhs per month from the Optical Gallery cum Optometric Clinic, which has vision therapy - as a low v",Bank Statement,True
69778b6f5dbe0abc982461b8,c81d85a4-9598-4d64-aa71-f1a73a1a3621,Stand-Up India,https://www.standupmitra.in/,Tamil Nadu,Early,Small,Agri,,GST Certificate,True
69778b6f5dbe0abc982461b9,32f04068-24bd-434e-9a95-605dc21b5d87,Stand-Up India,https://www.standupmitra.in/,Tamil Nadu,Early,Small,Agri,,Udyam Certificate,True
69778b6f5dbe0abc982461ba,4cbcc9e6-3690-4fde-9405-b8ce45b37127,Stand-Up India,https://www.standupmitra.in/,Tamil Nadu,Early,Small,Agri,,Bank Statement,True
69778b6f5dbe0abc982461bb,402cace9-afbc-4dc7-98a8-c432f7109f65,Stand-Up India,https://www.standupmitra.in/,Tamil Nadu,Early,Small,Agri,,GST Certificate,True
69778b6f5dbe0abc982461bc,2fd3b356-12df-4189-9f9e-90204a0112ea,Stand-Up India,https://www.standupmitra.in/,Tamil Nadu,Early,Small,Agri,,Udyam Certificate,True
69778b6f5dbe0abc982461bd,cd2f897d-ac55-484d-a3ef-7b9494c69f24,Stand-Up India,https://www.standupmitra.in/,Tamil Nadu,Early,Small,Agri,,Bank Statement,True
69778b6f5dbe0abc982461be,2ecf4301-16fc-4a65-90b0-4d6ef204a21b,Stand-Up India,https://www.standupmitra.in/,Tamil Nadu,Early,Medium,Manufacturing,Extract:,GST Certificate,True
69778b6f5dbe0abc982461bf,a0ccf0a2-4dbe-48ed-a52c-e79b784e2c90,Stand-Up India,https://www.standupmitra.in/,Tamil Nadu,Early,Medium,Manufacturing,Extract:,Udyam Certificate,True
69778b6f5dbe0abc982461c0,38b0766b-68ef-45dc-b232-370d3e937e42,Stand-Up India,https://www.standupmitra.in/,Tamil Nadu,Early,Medium,Manufacturing,Extract:,Bank Statement,True
69778b6f5dbe0abc982461c1,01004bed-445a-4cca-9adf-9ac234fc8af4,Stand-Up India,https://www.standupmitra.in/,Tamil Nadu,Early,Medium,Manufacturing,- Eligibility criteria,GST Certificate,True
69778b6f5dbe0abc982461c2,0192b16a-f773-458a-b707-36a6a232cce9,Stand-Up India,https://www.standupmitra.in/,Tamil Nadu,Early,Medium,Manufacturing,- Eligibility criteria,Udyam Certificate,True
69778b6f5dbe0abc982461c3,4e218826-a78e-4165-9363-a97c31199a4e,Stand-Up India,https://www.standupmitra.in/,Tamil Nadu,Early,Medium,Manufacturing,- Eligibility criteria,Bank Statement,True
69778b6f5dbe0abc982461c4,60cd1dd8-b498-4a90-aebc-e3dc19722885,Stand-Up India,https://www.standupmitra.in/,Tamil Nadu,Early,Medium,Manufacturing,- Required documents,GST Certificate,True
69778b6f5dbe0abc982461c5,236629e3-2364-42dc-ac31-1c4e1723f565,Stand-Up India,https://www.standupmitra.in/,Tamil Nadu,Early,Medium,Manufacturing,- Required documents,Udyam Certificate,True
69778b6f5dbe0abc982461c6,bdf064a5-00b5-4286-b8cb-958ee2058a82,Stand-Up India,https://www.standupmitra.in/,Tamil Nadu,Early,Medium,Manufacturing,- Required documents,Bank Statement,True
69778b6f5dbe0abc982461c7,38a25292-4cc4-4937-8196-403c94644ee1,Stand-Up India,https://www.standupmitra.in/,Tamil Nadu,Early,Medium,Manufacturing,Return as bullet points.,GST Certificate,True
69778b6f5dbe0abc982461c8,75d6a553-0443-4006-8e39-8e1ee79f1cd2,Stand-Up India,https://www.standupmitra.in/,Tamil Nadu,Early,Medium,Manufacturing,Return as bullet points.,Udyam Certificate,True
69778b6f5dbe0abc982461c9,4a3560b6-d9b4-4653-b7ee-d19ca8903fb0,Stand-Up India,https://www.standupmitra.in/,Tamil Nadu,Early,Medium,Manufacturing,Return as bullet points.,Bank Statement,True
69778b6f5dbe0abc982461ca,05e3fe7c-45df-4e48-a054-87e158e0a9c4,Stand-Up India,https://www.standupmitra.in/,Tamil Nadu,Early,Medium,Manufacturing,,GST Certificate,True
69778b6f5dbe0abc982461cb,e66b601d-0188-4d1f-a8f9-741618a32778,Stand-Up India,https://www.standupmitra.in/,Tamil Nadu,Early,Medium,Manufacturing,,Udyam Certificate,True
69778b6f5dbe0abc982461cc,ce38a6a9-a13d-4af8-94fa-79e244d23331,Stand-Up India,https://www.standupmitra.in/,Tamil Nadu,Early,Medium,Manufacturing,,Bank Statement,True
69778b6f5dbe0abc982461cd,0588057a-8578-439e-9821-87c6eb980e9f,Stand-Up India,https://www.standupmitra.in/,Tamil Nadu,Early,Medium,Manufacturing,TEXT:,GST Certificate,True
69778b6f5dbe0abc982461ce,e61880a6-4c5b-4c29-8776-9504da6fa870,Stand-Up India,https://www.standupmitra.in/,Tamil Nadu,Early,Medium,Manufacturing,TEXT:,Udyam Certificate,True
69778b6f5dbe0abc982461cf,d4be873d-adde-47b5-9f3d-2c37440bf722,Stand-Up India,https://www.standupmitra.in/,Tamil Nadu,Early,Medium,Manufacturing,TEXT:,Bank Statement,True
69778b6f5dbe0abc982461d0,9024fa14-74c2-48e0-9d0b-73d27defd29e,Stand-Up India,https://www.standupmitra.in/,Tamil Nadu,Early,Medium,Manufacturing,StandupIndia Login Applicaunt Login Applicaant Registration Other Users Home About Us Stand-Up India Scheme facilitate...,GST Certificate,True
69778b6f5dbe0abc982461d1,b54d3aca-b39b-4795-a104-e00673af0d4c,Stand-Up India,https://www.standupmitra.in/,Tamil Nadu,Early,Medium,Manufacturing,StandupIndia Login Applicaunt Login Applicaant Registration Other Users Home About Us Stand-Up India Scheme facilitate...,Udyam Certificate,True
69778b6f5dbe0abc982461d2,57b66c44-644f-497c-9886-db438c9d4572,Stand-Up India,https://www.standupmitra.in/,Tamil Nadu,Early,Medium,Manufacturing,StandupIndia Login Applicaunt Login Applicaant Registration Other Users Home About Us Stand-Up India Scheme facilitate...,Bank Statement,True
69778b6f5dbe0abc982461d3,f818d57a-f725-4e3b-8b29-61576f29b161,Stand-Up India,https://www.standupmitra.in/,Tamil Nadu,Early,Medium,Manufacturing,,GST Certificate,True
69778b6f5dbe0abc982461d4,b3eced79-2531-4b49-b3a9-396b26c5fe81,Stand-Up India,https://www.standupmitra.in/,Tamil Nadu,Early,Medium,Manufacturing,,Udyam Certificate,True
69778b6f5dbe0abc982461d5,b0397faa-e845-401f-ac4d-b48f728e0180,Stand-Up India,https://www.standupmitra.in/,Tamil Nadu,Early,Medium,Manufacturing,,Bank Statement,True
69778b6f5dbe0abc982461d6,0e2a623f-70ee-48b4-ac1b-2efcf0f27edf,Stand-Up India,https://www.standupmitra.in/,Tamil Nadu,Early,Medium,Manufacturing,"Communities Stand-up India Scheme facilitates bank loan between ₹10 lakhs and ₹1 crore for Applicants to establish a greenfield enterprise. The Borrower Type Loans to SC/ST and Women Entrepreneurs with at least 51% of the shareholding and controlling stake, either an SC/ST or woman entrepreneur. Salient Features:",GST Certificate,True
69778b6f5dbe0abc982461d7,c17d17e1-bd4e-459b-913b-d3b7c2d22ba8,Stand-Up India,https://www.standupmitra.in/,Tamil Nadu,Early,Medium,Manufacturing,"Communities Stand-up India Scheme facilitates bank loan between ₹10 lakhs and ₹1 crore for Applicants to establish a greenfield enterprise. The Borrower Type Loans to SC/ST and Women Entrepreneurs with at least 51% of the shareholding and controlling stake, either an SC/ST or woman entrepreneur. Salient Features:",Udyam Certificate,True
69778b6f5dbe0abc982461d8,b700bec4-6652-4469-8e37-3745e3761650,Stand-Up India,https://www.standupmitra.in/,Tamil Nadu,Early,Medium,Manufacturing,"Communities Stand-up India Scheme facilitates bank loan between ₹10 lakhs and ₹1 crore for Applicants to establish a greenfield enterprise. The Borrower Type Loans to SC/ST and Women Entrepreneurs with at least 51% of the shareholding and controlling stake, either an SC/ST or woman entrepreneur. Salient Features:",Bank Statement,True
69778b6f5dbe0abc982461d9,61038d7d-e755-401c-8006-0244d581b3df,Stand-Up India,https://www.standupmitra.in/,Tamil Nadu,Early,Medium,Manufacturing,- Loans of between ₹10 lakhs to ₹1 crore for Applicants.,GST Certificate,True
69778b6f5dbe0abc982461da,c6382d5e-34e0-44c4-915c-c1db762151a7,Stand-Up India,https://www.standupmitra.in/,Tamil Nadu,Early,Medium,Manufacturing,- Loans of between ₹10 lakhs to ₹1 crore for Applicants.,Udyam Certificate,True
69778b6f5dbe0abc982461db,a3e0e4f1-5583-4491-a065-b3d9af3b19cc,Stand-Up India,https://www.standupmitra.in/,Tamil Nadu,Early,Medium,Manufacturing,- Loans of between ₹10 lakhs to ₹1 crore for Applicants.,Bank Statement,True
69778b6f5dbe0abc982461dc,155ed42a-8262-4e5d-9678-8d089daf9882,Stand-Up India,https://www.standupmitra.in/,Tamil Nadu,Early,Medium,Manufacturing,- Enterprise loans for setting up a greenfield enterprise.,GST Certificate,True
69778b6f5dbe0abc982461dd,62c5d890-8dab-4fb9-956d-0d433a245988,Stand-Up India,https://www.standupmitra.in/,Tamil Nadu,Early,Medium,Manufacturing,- Enterprise loans for setting up a greenfield enterprise.,Udyam Certificate,True
69778b6f5dbe0abc982461de,47c3da2b-bf49-428a-8f8c-9fba1e819dec,Stand-Up India,https://www.standupmitra.in/,Tamil Nadu,Early,Medium,Manufacturing,- Enterprise loans for setting up a greenfield enterprise.,Bank Statement,True
69778b6f5dbe0abc982461df,b8abdcdc-ccb8-4496-aae1-3a943dcce7ea,Stand-Up India,https://www.standupmitra.in/,Tamil Nadu,Early,Medium,Manufacturing,- Loan size is from ₹10 lakhs to ₹1 crore.,GST Certificate,True
69778b6f5dbe0abc982461e0,723c84c9-d9d7-4f56-99fb-889d745da788,Stand-Up India,https://www.standupmitra.in/,Tamil Nadu,Early,Medium,Manufacturing,- Loan size is from ₹10 lakhs to ₹1 crore.,Udyam Certificate,True
69778b6f5dbe0abc982461e1,ae807572-2c45-440b-aecd-de6577e89bec,Stand-Up India,https://www.standupmitra.in/,Tamil Nadu,Early,Medium,Manufacturing,- Loan size is from ₹10 lakhs to ₹1 crore.,Bank Statement,True
69778b6f5dbe0abc982461e2,76f87156-390f-4da0-af08-4d212e85e50d,Stand-Up India,https://www.standupmitra.in/,Tamil Nadu,Early,Medium,Manufacturing,- Comprises a composite loan (including Term Loan and Working Capital).,GST Certificate,True
69778b6f5dbe0abc982461e3,dc22ac8b-3250-481a-9c5f-bace3a263a10,Stand-Up India,https://www.standupmitra.in/,Tamil Nadu,Early,Medium,Manufacturing,- Comprises a composite loan (including Term Loan and Working Capital).,Udyam Certificate,True
69778b6f5dbe0abc982461e4,c76cd611-c023-472f-825f-175aee41ca42,Stand-Up India,https://www.standupmitra.in/,Tamil Nadu,Early,Medium,Manufacturing,- Comprises a composite loan (including Term Loan and Working Capital).,Bank Statement,True
69778b6f5dbe0abc982461e5,cef1a5bb-f096-4a5d-b720-e97508b0472e,Stand-Up India,https://www.standupmitra.in/,Tamil Nadu,Early,Medium,Manufacturing,"- Key Elements: Stand-Up India Ecosystem, Promoter Contribution of 15%, Marginal Money security cover under Credit Guarantee Fund Scheme for Stand-Up India Loans (CGFSIL). Impact Stories:",GST Certificate,True
69778b6f5dbe0abc982461e6,c9710ac0-dc47-43c3-ba8e-a4367fcdc2ad,Stand-Up India,https://www.standupmitra.in/,Tamil Nadu,Early,Medium,Manufacturing,"- Key Elements: Stand-Up India Ecosystem, Promoter Contribution of 15%, Marginal Money security cover under Credit Guarantee Fund Scheme for Stand-Up India Loans (CGFSIL). Impact Stories:",Udyam Certificate,True
69778b6f5dbe0abc982461e7,d841a587-051a-4c29-b78c-7ecd2e8852c5,Stand-Up India,https://www.standupmitra.in/,Tamil Nadu,Early,Medium,Manufacturing,"- Key Elements: Stand-Up India Ecosystem, Promoter Contribution of 15%, Marginal Money security cover under Credit Guarantee Fund Scheme for Stand-Up India Loans (CGFSIL). Impact Stories:",Bank Statement,True
69778b6f5dbe0abc982461e8,e029164c-b104-40e0-9660-81708141ffc1,Stand-Up India,https://www.standupmitra.in/,Tamil Nadu,Early,Medium,Manufacturing,"- Prometheus is the beneficiary under STAND UP INDIA loan scheme. She has been given a loan for setting up of an Optometric clinic with vision therapy as she is a low vision therapist. As per the promoteur, she can earn Rs.1 lakhs per month from the Optical Gallery cum Optometric Clinic, which has vision therapy - as a low vision specialist, and has been granted loan sanction by PNB, Anna Nagar Branch, Chennai.",GST Certificate,True
69778b6f5dbe0abc982461e9,7357ed4a-c98e-40cb-8949-00da93270954,Stand-Up India,https://www.standupmitra.in/,Tamil Nadu,Early,Medium,Manufacturing,"- Prometheus is the beneficiary under STAND UP INDIA loan scheme. She has been given a loan for setting up of an Optometric clinic with vision therapy as she is a low vision therapist. As per the promoteur, she can earn Rs.1 lakhs per month from the Optical Gallery cum Optometric Clinic, which has vision therapy - as a low vision specialist, and has been granted loan sanction by PNB, Anna Nagar Branch, Chennai.",Udyam Certificate,True
69778b6f5dbe0abc982461ea,48047d5d-990b-490d-8d1b-8c06d85c0529,Stand-Up India,https://www.standupmitra.in/,Tamil Nadu,Early,Medium,Manufacturing,"- Prometheus is the beneficiary under STAND UP INDIA loan scheme. She has been given a loan for setting up of an Optometric clinic with vision therapy as she is a low vision therapist. As per the promoteur, she can earn Rs.1 lakhs per month from the Optical Gallery cum Optometric Clinic, which has vision therapy - as a low vision specialist, and has been granted loan sanction by PNB, Anna Nagar Branch, Chennai.",Bank Statement,True
69778b6f5dbe0abc982461eb,4b953049-7dd4-43eb-ba78-fe36240d25c9,Stand-Up India,https://www.standupmitra.in/,Tamil Nadu,Early,Medium,Manufacturing,"- Gaining experience from her father in law, the promoteur is able to stand alone as an optometrist after gaining experience from him. She has seen the website and learnt about the Anna Nagar branch extending STAND UP INDIA scheme and approached directly. According to the promoteur, she never dreamt of getting loan sanctioned in shortest time, which is why she is very happy and able to earn Rs.1 lakhs per month from the Optical Gallery cum Optometric Clinic, which has vision therapy - as a low v",GST Certificate,True
69778b6f5dbe0abc982461ec,f029f57e-4789-4471-9c06-275ddf039c60,Stand-Up India,https://www.standupmitra.in/,Tamil Nadu,Early,Medium,Manufacturing,"- Gaining experience from her father in law, the promoteur is able to stand alone as an optometrist after gaining experience from him. She has seen the website and learnt about the Anna Nagar branch extending STAND UP INDIA scheme and approached directly. According to the promoteur, she never dreamt of getting loan sanctioned in shortest time, which is why she is very happy and able to earn Rs.1 lakhs per month from the Optical Gallery cum Optometric Clinic, which has vision therapy - as a low v",Udyam Certificate,True
69778b6f5dbe0abc982461ed,cf41c9eb-958c-475e-90d7-b1430f922abe,Stand-Up India,https://www.standupmitra.in/,Tamil Nadu,Early,Medium,Manufacturing,"- Gaining experience from her father in law, the promoteur is able to stand alone as an optometrist after gaining experience from him. She has seen the website and learnt about the Anna Nagar branch extending STAND UP INDIA scheme and approached directly. According to the promoteur, she never dreamt of getting loan sanctioned in shortest time, which is why she is very happy and able to earn Rs.1 lakhs per month from the Optical Gallery cum Optometric Clinic, which has vision therapy - as a low v",Bank Statement,True
69778b6f5dbe0abc982461ee,a34a4ac6-073a-4430-9a53-5e2f6bbc0ece,Stand-Up India,https://www.standupmitra.in/,Tamil Nadu,Early,Medium,Manufacturing,,GST Certificate,True
69778b6f5dbe0abc982461ef,f405b1e8-8e33-47f5-9e2f-bb2b66bac450,Stand-Up India,https://www.standupmitra.in/,Tamil Nadu,Early,Medium,Manufacturing,,Udyam Certificate,True
69778b6f5dbe0abc982461f0,3030f9ef-07ae-4814-8216-c00b1907613c,Stand-Up India,https://www.standupmitra.in/,Tamil Nadu,Early,Medium,Manufacturing,,Bank Statement,True
69778b6f5dbe0abc982461f1,0a64a634-59e1-4c6d-a3fb-9ff423247ce1,Stand-Up India,https://www.standupmitra.in/,Tamil Nadu,Early,Medium,Manufacturing,,GST Certificate,True
69778b6f5dbe0abc982461f2,159bfcec-ed75-4f2a-b589-55b4e62eac7f,Stand-Up India,https://www.standupmitra.in/,Tamil Nadu,Early,Medium,Manufacturing,,Udyam Certificate,True
69778b6f5dbe0abc982461f3,358740dc-1ef6-4e50-9c06-85f126f8e0fe,Stand-Up India,https://www.standupmitra.in/,Tamil Nadu,Early,Medium,Manufacturing,,Bank Statement,True
69778b6f5dbe0abc982461f4,5cb7f9ac-70c6-4d77-996c-995ada980934,Stand-Up India,https://www.standupmitra.in/,Tamil Nadu,Early,Medium,Service,Extract:,GST Certificate,True
69778b6f5dbe0abc982461f5,9ece1a4d-8c50-4d93-94ee-a399267edcb6,Stand-Up India,https://www.standupmitra.in/,Tamil Nadu,Early,Medium,Service,Extract:,Udyam Certificate,True
69778b6f5dbe0abc982461f6,d229d11b-0f0a-4d57-8cad-fff25ac26e75,Stand-Up India,https://www.standupmitra.in/,Tamil Nadu,Early,Medium,Service,Extract:,Bank Statement,True
69778b6f5dbe0abc982461f7,8cb1e065-fc19-4ad9-91cf-93bc5351bb08,Stand-Up India,https://www.standupmitra.in/,Tamil Nadu,Early,Medium,Service,- Eligibility criteria,GST Certificate,True
69778b6f5dbe0abc982461f8,49a676a2-0ca8-4385-8204-121466f5a897,Stand-Up India,https://www.standupmitra.in/,Tamil Nadu,Early,Medium,Service,- Eligibility criteria,Udyam Certificate,True
69778b6f5dbe0abc982461f9,7890f611-3bce-4027-9bac-d6aef72a9f8d,Stand-Up India,https://www.standupmitra.in/,Tamil Nadu,Early,Medium,Service,- Eligibility criteria,Bank Statement,True
69778b6f5dbe0abc982461fa,225ac9d2-a882-4a4a-aef5-0b68a5570b93,Stand-Up India,https://www.standupmitra.in/,Tamil Nadu,Early,Medium,Service,- Required documents,GST Certificate,True
69778b6f5dbe0abc982461fb,3551be53-8704-406b-b0b6-3b6902a1ca21,Stand-Up India,https://www.standupmitra.in/,Tamil Nadu,Early,Medium,Service,- Required documents,Udyam Certificate,True
69778b6f5dbe0abc982461fc,976a6954-ebbe-470c-a6f8-8b1d9a17942f,Stand-Up India,https://www.standupmitra.in/,Tamil Nadu,Early,Medium,Service,- Required documents,Bank Statement,True
69778b6f5dbe0abc982461fd,ac2f0c18-22dc-4231-9257-d3116b77ffca,Stand-Up India,https://www.standupmitra.in/,Tamil Nadu,Early,Medium,Service,Return as bullet points.,GST Certificate,True
69778b6f5dbe0abc982461fe,312016cd-4092-444d-b417-12de2248a473,Stand-Up India,https://www.standupmitra.in/,Tamil Nadu,Early,Medium,Service,Return as bullet points.,Udyam Certificate,True
69778b6f5dbe0abc982461ff,9df96ee2-907b-49ab-a559-f0da9a32c682,Stand-Up India,https://www.standupmitra.in/,Tamil Nadu,Early,Medium,Service,Return as bullet points.,Bank Statement,True
69778b6f5dbe0abc98246200,19e3a7c0-73f9-402a-bff0-ca11aac02222,Stand-Up India,https://www.standupmitra.in/,Tamil Nadu,Early,Medium,Service,,GST Certificate,True
69778b6f5dbe0abc98246201,67ac7eac-1b89-4dec-a5a8-38bc9c7095b3,Stand-Up India,https://www.standupmitra.in/,Tamil Nadu,Early,Medium,Service,,Udyam Certificate,True
69778b6f5dbe0abc98246202,e0b99f92-aa07-4985-ab61-6532c0397121,Stand-Up India,https://www.standupmitra.in/,Tamil Nadu,Early,Medium,Service,,Bank Statement,True
69778b6f5dbe0abc98246203,76f89c69-68ac-45ee-9316-b13fc70d1705,Stand-Up India,https://www.standupmitra.in/,Tamil Nadu,Early,Medium,Service,TEXT:,GST Certificate,True
69778b6f5dbe0abc98246204,300a9216-9952-478d-93d6-7c9f5610a2ba,Stand-Up India,https://www.standupmitra.in/,Tamil Nadu,Early,Medium,Service,TEXT:,Udyam Certificate,True
69778b6f5dbe0abc98246205,e43d3451-e2c2-4c28-a490-bb1b7d99469b,Stand-Up India,https://www.standupmitra.in/,Tamil Nadu,Early,Medium,Service,TEXT:,Bank Statement,True
69778b6f5dbe0abc98246206,e30822b8-00dd-4a64-a804-b4f28b900083,Stand-Up India,https://www.standupmitra.in/,Tamil Nadu,Early,Medium,Service,StandupIndia Login Applicaunt Login Applicaant Registration Other Users Home About Us Stand-Up India Scheme facilitate...,GST Certificate,True
69778b6f5dbe0abc98246207,50e16b0d-4b0e-4ae3-8a59-81e921949574,Stand-Up India,https://www.standupmitra.in/,Tamil Nadu,Early,Medium,Service,StandupIndia Login Applicaunt Login Applicaant Registration Other Users Home About Us Stand-Up India Scheme facilitate...,Udyam Certificate,True
69778b6f5dbe0abc98246208,baf65dad-405e-4644-b56c-02a854a87a60,Stand-Up India,https://www.standupmitra.in/,Tamil Nadu,Early,Medium,Service,StandupIndia Login Applicaunt Login Applicaant Registration Other Users Home About Us Stand-Up India Scheme facilitate...,Bank Statement,True
69778b6f5dbe0abc98246209,3371e912-e6e8-4bc2-aab3-ef192d914087,Stand-Up India,https://www.standupmitra.in/,Tamil Nadu,Early,Medium,Service,,GST Certificate,True
69778b6f5dbe0abc9824620a,fee9bb7c-77a7-4eab-afa6-7c71e98a466c,Stand-Up India,https://www.standupmitra.in/,Tamil Nadu,Early,Medium,Service,,Udyam Certificate,True
69778b6f5dbe0abc9824620b,c8519a56-4c2d-464c-995f-7a4ea68db29d,Stand-Up India,https://www.standupmitra.in/,Tamil Nadu,Early,Medium,Service,,Bank Statement,True
69778b6f5dbe0abc9824620c,3838566f-9871-4096-9f3e-07974084bb3a,Stand-Up India,https://www.standupmitra.in/,Tamil Nadu,Early,Medium,Service,"Communities Stand-up India Scheme facilitates bank loan between ₹10 lakhs and ₹1 crore for Applicants to establish a greenfield enterprise. The Borrower Type Loans to SC/ST and Women Entrepreneurs with at least 51% of the shareholding and controlling stake, either an SC/ST or woman entrepreneur. Salient Features:",GST Certificate,True
69778b6f5dbe0abc9824620d,b1a048f0-0782-4fd9-8967-9972787eee0b,Stand-Up India,https://www.standupmitra.in/,Tamil Nadu,Early,Medium,Service,"Communities Stand-up India Scheme facilitates bank loan between ₹10 lakhs and ₹1 crore for Applicants to establish a greenfield enterprise. The Borrower Type Loans to SC/ST and Women Entrepreneurs with at least 51% of the shareholding and controlling stake, either an SC/ST or woman entrepreneur. Salient Features:",Udyam Certificate,True
69778b6f5dbe0abc9824620e,f4d41531-ba3f-4804-9fe4-36752df87c4d,Stand-Up India,https://www.standupmitra.in/,Tamil Nadu,Early,Medium,Service,"Communities Stand-up India Scheme facilitates bank loan between ₹10 lakhs and ₹1 crore for Applicants to establish a greenfield enterprise. The Borrower Type Loans to SC/ST and Women Entrepreneurs with at least 51% of the shareholding and controlling stake, either an SC/ST or woman entrepreneur. Salient Features:",Bank Statement,True
69778b6f5dbe0abc9824620f,33fb4d68-0adb-427c-9460-bf5dd3a3b3a2,Stand-Up India,https://www.standupmitra.in/,Tamil Nadu,Early,Medium,Service,- Loans of between ₹10 lakhs to ₹1 crore for Applicants.,GST Certificate,True
69778b6f5dbe0abc98246210,bae5991a-58fe-4cd9-80e3-cd894090b120,Stand-Up India,https://www.standupmitra.in/,Tamil Nadu,Early,Medium,Service,- Loans of between ₹10 lakhs to ₹1 crore for Applicants.,Udyam Certificate,True
69778b6f5dbe0abc98246211,9bfbac79-726b-40d6-97bb-0d33b26e6796,Stand-Up India,https://www.standupmitra.in/,Tamil Nadu,Early,Medium,Service,- Loans of between ₹10 lakhs to ₹1 crore for Applicants.,Bank Statement,True
69778b6f5dbe0abc98246212,2edccf2e-4c04-414e-9c3a-9f1330c65fe9,Stand-Up India,https://www.standupmitra.in/,Tamil Nadu,Early,Medium,Service,- Enterprise loans for setting up a greenfield enterprise.,GST Certificate,True
69778b6f5dbe0abc98246213,51b6b410-6e64-4b21-83c0-68c4153944d7,Stand-Up India,https://www.standupmitra.in/,Tamil Nadu,Early,Medium,Service,- Enterprise loans for setting up a greenfield enterprise.,Udyam Certificate,True
69778b6f5dbe0abc98246214,f3f3f5b1-da6c-47ff-874e-85fe6fddedbb,Stand-Up India,https://www.standupmitra.in/,Tamil Nadu,Early,Medium,Service,- Enterprise loans for setting up a greenfield enterprise.,Bank Statement,True
69778b6f5dbe0abc98246215,766094ff-a8d3-475e-bec2-94567297f99a,Stand-Up India,https://www.standupmitra.in/,Tamil Nadu,Early,Medium,Service,- Loan size is from ₹10 lakhs to ₹1 crore.,GST Certificate,True
69778b6f5dbe0abc98246216,09627c5a-4d27-45f0-bd41-5c035584f75e,Stand-Up India,https://www.standupmitra.in/,Tamil Nadu,Early,Medium,Service,- Loan size is from ₹10 lakhs to ₹1 crore.,Udyam Certificate,True
69778b6f5dbe0abc98246217,9b201e1d-b47c-4294-801a-cef531614084,Stand-Up India,https://www.standupmitra.in/,Tamil Nadu,Early,Medium,Service,- Loan size is from ₹10 lakhs to ₹1 crore.,Bank Statement,True
69778b6f5dbe0abc98246218,8d6930f8-b860-4d3f-8ccc-463585c8dcbb,Stand-Up India,https://www.standupmitra.in/,Tamil Nadu,Early,Medium,Service,- Comprises a composite loan (including Term Loan and Working Capital).,GST Certificate,True
69778b6f5dbe0abc98246219,abf591bc-3a5f-445e-af41-9fad05237aa9,Stand-Up India,https://www.standupmitra.in/,Tamil Nadu,Early,Medium,Service,- Comprises a composite loan (including Term Loan and Working Capital).,Udyam Certificate,True
69778b6f5dbe0abc9824621a,29972c97-d3d4-44ee-ac9f-55ba9bb9fc77,Stand-Up India,https://www.standupmitra.in/,Tamil Nadu,Early,Medium,Service,- Comprises a composite loan (including Term Loan and Working Capital).,Bank Statement,True
69778b6f5dbe0abc9824621b,cf616b70-5f29-422f-8a8c-24cf81052b01,Stand-Up India,https://www.standupmitra.in/,Tamil Nadu,Early,Medium,Service,"- Key Elements: Stand-Up India Ecosystem, Promoter Contribution of 15%, Marginal Money security cover under Credit Guarantee Fund Scheme for Stand-Up India Loans (CGFSIL). Impact Stories:",GST Certificate,True
69778b6f5dbe0abc9824621c,504b86bf-e206-4fb0-8cda-86e62c4def00,Stand-Up India,https://www.standupmitra.in/,Tamil Nadu,Early,Medium,Service,"- Key Elements: Stand-Up India Ecosystem, Promoter Contribution of 15%, Marginal Money security cover under Credit Guarantee Fund Scheme for Stand-Up India Loans (CGFSIL). Impact Stories:",Udyam Certificate,True
69778b6f5dbe0abc9824621d,33c23a19-4a58-4075-a3fc-c673f9a99444,Stand-Up India,https://www.standupmitra.in/,Tamil Nadu,Early,Medium,Service,"- Key Elements: Stand-Up India Ecosystem, Promoter Contribution of 15%, Marginal Money security cover under Credit Guarantee Fund Scheme for Stand-Up India Loans (CGFSIL). Impact Stories:",Bank Statement,True
69778b6f5dbe0abc9824621e,cee6052f-2b6d-443f-a81f-fc0a4100ac22,Stand-Up India,https://www.standupmitra.in/,Tamil Nadu,Early,Medium,Service,"- Prometheus is the beneficiary under STAND UP INDIA loan scheme. She has been given a loan for setting up of an Optometric clinic with vision therapy as she is a low vision therapist. As per the promoteur, she can earn Rs.1 lakhs per month from the Optical Gallery cum Optometric Clinic, which has vision therapy - as a low vision specialist, and has been granted loan sanction by PNB, Anna Nagar Branch, Chennai.",GST Certificate,True
69778b6f5dbe0abc9824621f,600b74f2-cbde-42ac-a24d-4fd43c0fa8b0,Stand-Up India,https://www.standupmitra.in/,Tamil Nadu,Early,Medium,Service,"- Prometheus is the beneficiary under STAND UP INDIA loan scheme. She has been given a loan for setting up of an Optometric clinic with vision therapy as she is a low vision therapist. As per the promoteur, she can earn Rs.1 lakhs per month from the Optical Gallery cum Optometric Clinic, which has vision therapy - as a low vision specialist, and has been granted loan sanction by PNB, Anna Nagar Branch, Chennai.",Udyam Certificate,True
69778b6f5dbe0abc98246220,a97dd5e4-92f4-433f-9ed6-17c0d64a1625,Stand-Up India,https://www.standupmitra.in/,Tamil Nadu,Early,Medium,Service,"- Prometheus is the beneficiary under STAND UP INDIA loan scheme. She has been given a loan for setting up of an Optometric clinic with vision therapy as she is a low vision therapist. As per the promoteur, she can earn Rs.1 lakhs per month from the Optical Gallery cum Optometric Clinic, which has vision therapy - as a low vision specialist, and has been granted loan sanction by PNB, Anna Nagar Branch, Chennai.",Bank Statement,True
69778b6f5dbe0abc98246221,ca634f4b-61b6-4fe1-98ab-a9dcce634637,Stand-Up India,https://www.standupmitra.in/,Tamil Nadu,Early,Medium,Service,"- Gaining experience from her father in law, the promoteur is able to stand alone as an optometrist after gaining experience from him. She has seen the website and learnt about the Anna Nagar branch extending STAND UP INDIA scheme and approached directly. According to the promoteur, she never dreamt of getting loan sanctioned in shortest time, which is why she is very happy and able to earn Rs.1 lakhs per month from the Optical Gallery cum Optometric Clinic, which has vision therapy - as a low v",GST Certificate,True
69778b6f5dbe0abc98246222,0547ff3e-751d-45a3-842c-74dd6d67e444,Stand-Up India,https://www.standupmitra.in/,Tamil Nadu,Early,Medium,Service,"- Gaining experience from her father in law, the promoteur is able to stand alone as an optometrist after gaining experience from him. She has seen the website and learnt about the Anna Nagar branch extending STAND UP INDIA scheme and approached directly. According to the promoteur, she never dreamt of getting loan sanctioned in shortest time, which is why she is very happy and able to earn Rs.1 lakhs per month from the Optical Gallery cum Optometric Clinic, which has vision therapy - as a low v",Udyam Certificate,True
69778b6f5dbe0abc98246223,80ffa3e8-eef9-4dac-b054-ac73870f93c8,Stand-Up India,https://www.standupmitra.in/,Tamil Nadu,Early,Medium,Service,"- Gaining experience from her father in law, the promoteur is able to stand alone as an optometrist after gaining experience from him. She has seen the website and learnt about the Anna Nagar branch extending STAND UP INDIA scheme and approached directly. According to the promoteur, she never dreamt of getting loan sanctioned in shortest time, which is why she is very happy and able to earn Rs.1 lakhs per month from the Optical Gallery cum Optometric Clinic, which has vision therapy - as a low v",Bank Statement,True
69778b6f5dbe0abc98246224,f200d300-5d8c-4295-846b-3e966096b261,Stand-Up India,https://www.standupmitra.in/,Tamil Nadu,Early,Medium,Service,,GST Certificate,True
69778b6f5dbe0abc98246225,d85421d7-66a0-4d62-b8ce-fa033d681cc0,Stand-Up India,https://www.standupmitra.in/,Tamil Nadu,Early,Medium,Service,,Udyam Certificate,True
69778b6f5dbe0abc98246226,e817caff-2905-47e3-b91f-245fe9fb2a8b,Stand-Up India,https://www.standupmitra.in/,Tamil Nadu,Early,Medium,Service,,Bank Statement,True
69778b6f5dbe0abc98246227,68dc3e88-e2e4-4cbb-a684-34dd6161ff26,Stand-Up India,https://www.standupmitra.in/,Tamil Nadu,Early,Medium,Service,,GST Certificate,True
69778b6f5dbe0abc98246228,71100447-eca5-45f9-9c62-7bdbb06870b0,Stand-Up India,https://www.standupmitra.in/,Tamil Nadu,Early,Medium,Service,,Udyam Certificate,True
69778b6f5dbe0abc98246229,9be28537-8dfe-4b6a-a05e-04d10fc3dbb4,Stand-Up India,https://www.standupmitra.in/,Tamil Nadu,Early,Medium,Service,,Bank Statement,True
69778b6f5dbe0abc9824622a,8bbf13bb-0ce9-42e8-a9e1-4f06fca50ec8,Stand-Up India,https://www.standupmitra.in/,Tamil Nadu,Early,Medium,Tech,Extract:,GST Certificate,True
69778b6f5dbe0abc9824622b,45fa911e-2bbc-4bd5-ad11-306e2617fe70,Stand-Up India,https://www.standupmitra.in/,Tamil Nadu,Early,Medium,Tech,Extract:,Udyam Certificate,True
69778b6f5dbe0abc9824622c,5348331b-44c2-4ec4-8fe1-7475ab69734b,Stand-Up India,https://www.standupmitra.in/,Tamil Nadu,Early,Medium,Tech,Extract:,Bank Statement,True
69778b6f5dbe0abc9824622d,b21d11eb-db31-460f-85fc-ec8d001eaad8,Stand-Up India,https://www.standupmitra.in/,Tamil Nadu,Early,Medium,Tech,- Eligibility criteria,GST Certificate,True
69778b6f5dbe0abc9824622e,eacdef21-698e-4d92-bc61-22932b1a52f6,Stand-Up India,https://www.standupmitra.in/,Tamil Nadu,Early,Medium,Tech,- Eligibility criteria,Udyam Certificate,True
69778b6f5dbe0abc9824622f,dc0f9abc-943c-40b2-b5a4-f3503e953dcb,Stand-Up India,https://www.standupmitra.in/,Tamil Nadu,Early,Medium,Tech,- Eligibility criteria,Bank Statement,True
69778b6f5dbe0abc98246230,e0c16e1a-a537-4ea2-af3c-7baf54ff9536,Stand-Up India,https://www.standupmitra.in/,Tamil Nadu,Early,Medium,Tech,- Required documents,GST Certificate,True
69778b6f5dbe0abc98246231,7153f874-cac2-4dcd-98f4-ad79280641e9,Stand-Up India,https://www.standupmitra.in/,Tamil Nadu,Early,Medium,Tech,- Required documents,Udyam Certificate,True
69778b6f5dbe0abc98246232,eefab011-e2aa-41a8-8214-23e17d5815f4,Stand-Up India,https://www.standupmitra.in/,Tamil Nadu,Early,Medium,Tech,- Required documents,Bank Statement,True
69778b6f5dbe0abc98246233,2a271373-2528-440d-a212-ff29c1186d76,Stand-Up India,https://www.standupmitra.in/,Tamil Nadu,Early,Medium,Tech,Return as bullet points.,GST Certificate,True
69778b6f5dbe0abc98246234,6a754ab6-2cfa-452e-85d8-50d28b21b01d,Stand-Up India,https://www.standupmitra.in/,Tamil Nadu,Early,Medium,Tech,Return as bullet points.,Udyam Certificate,True
69778b6f5dbe0abc98246235,e9e1d6f8-50bf-4a3b-9798-0eed45a64883,Stand-Up India,https://www.standupmitra.in/,Tamil Nadu,Early,Medium,Tech,Return as bullet points.,Bank Statement,True
69778b6f5dbe0abc98246236,6a0675cd-eed8-4abe-971b-e12de10d25bd,Stand-Up India,https://www.standupmitra.in/,Tamil Nadu,Early,Medium,Tech,,GST Certificate,True
69778b6f5dbe0abc98246237,7a79329d-cb49-44cb-9e11-bd35ce2edab2,Stand-Up India,https://www.standupmitra.in/,Tamil Nadu,Early,Medium,Tech,,Udyam Certificate,True
69778b6f5dbe0abc98246238,dbe852b3-331f-4768-a45f-551b86b6fc00,Stand-Up India,https://www.standupmitra.in/,Tamil Nadu,Early,Medium,Tech,,Bank Statement,True
69778b6f5dbe0abc98246239,24093843-f3b4-4f59-a0c0-fc75fe8c5ac7,Stand-Up India,https://www.standupmitra.in/,Tamil Nadu,Early,Medium,Tech,TEXT:,GST Certificate,True
69778b6f5dbe0abc9824623a,8e8d1de0-1885-48c1-a88f-aaf4b07d546d,Stand-Up India,https://www.standupmitra.in/,Tamil Nadu,Early,Medium,Tech,TEXT:,Udyam Certificate,True
69778b6f5dbe0abc9824623b,21cf566e-0f16-4b8d-bdf2-a70a053b9fe4,Stand-Up India,https://www.standupmitra.in/,Tamil Nadu,Early,Medium,Tech,TEXT:,Bank Statement,True
69778b6f5dbe0abc9824623c,3028a807-71e6-4fb6-8929-c9184b615daa,Stand-Up India,https://www.standupmitra.in/,Tamil Nadu,Early,Medium,Tech,StandupIndia Login Applicaunt Login Applicaant Registration Other Users Home About Us Stand-Up India Scheme facilitate...,GST Certificate,True
69778b6f5dbe0abc9824623d,111a1cd8-3ed1-4d73-a473-a40c1c0842a0,Stand-Up India,https://www.standupmitra.in/,Tamil Nadu,Early,Medium,Tech,StandupIndia Login Applicaunt Login Applicaant Registration Other Users Home About Us Stand-Up India Scheme facilitate...,Udyam Certificate,True
69778b6f5dbe0abc9824623e,db8234c2-f570-44ce-9cdd-c7e5136003f6,Stand-Up India,https://www.standupmitra.in/,Tamil Nadu,Early,Medium,Tech,StandupIndia Login Applicaunt Login Applicaant Registration Other Users Home About Us Stand-Up India Scheme facilitate...,Bank Statement,True
69778b6f5dbe0abc9824623f,ffee355c-05b9-4479-9424-81ac2f34955c,Stand-Up India,https://www.standupmitra.in/,Tamil Nadu,Early,Medium,Tech,,GST Certificate,True
69778b6f5dbe0abc98246240,a67aa27b-45b2-409c-bbc2-31d06dd3c6c6,Stand-Up India,https://www.standupmitra.in/,Tamil Nadu,Early,Medium,Tech,,Udyam Certificate,True
69778b6f5dbe0abc98246241,9a1e3eb9-97e2-44ba-bfeb-9f870d80e185,Stand-Up India,https://www.standupmitra.in/,Tamil Nadu,Early,Medium,Tech,,Bank Statement,True
69778b6f5dbe0abc98246242,9bd7e4a8-c90f-4cde-85b5-dfdc95fa5ccc,Stand-Up India,https://www.standupmitra.in/,Tamil Nadu,Early,Medium,Tech,"Communities Stand-up India Scheme facilitates bank loan between ₹10 lakhs and ₹1 crore for Applicants to establish a greenfield enterprise. The Borrower Type Loans to SC/ST and Women Entrepreneurs with at least 51% of the shareholding and controlling stake, either an SC/ST or woman entrepreneur. Salient Features:",GST Certificate,True
69778b6f5dbe0abc98246243,1ade15aa-76f7-4cf5-918c-ae0415034e42,Stand-Up India,https://www.standupmitra.in/,Tamil Nadu,Early,Medium,Tech,"Communities Stand-up India Scheme facilitates bank loan between ₹10 lakhs and ₹1 crore for Applicants to establish a greenfield enterprise. The Borrower Type Loans to SC/ST and Women Entrepreneurs with at least 51% of the shareholding and controlling stake, either an SC/ST or woman entrepreneur. Salient Features:",Udyam Certificate,True
69778b6f5dbe0abc98246244,2f0e98b2-0fda-42a4-bb94-cbec3f3c5067,Stand-Up India,https://www.standupmitra.in/,Tamil Nadu,Early,Medium,Tech,"Communities Stand-up India Scheme facilitates bank loan between ₹10 lakhs and ₹1 crore for Applicants to establish a greenfield enterprise. The Borrower Type Loans to SC/ST and Women Entrepreneurs with at least 51% of the shareholding and controlling stake, either an SC/ST or woman entrepreneur. Salient Features:",Bank Statement,True
69778b6f5dbe0abc98246245,6c941edf-229a-4ff0-bd1b-fee37e2a52dc,Stand-Up India,https://www.standupmitra.in/,Tamil Nadu,Early,Medium,Tech,- Loans of between ₹10 lakhs to ₹1 crore for Applicants.,GST Certificate,True
69778b6f5dbe0abc98246246,09ee2cdc-8363-4b10-8698-20cc114927ec,Stand-Up India,https://www.standupmitra.in/,Tamil Nadu,Early,Medium,Tech,- Loans of between ₹10 lakhs to ₹1 crore for Applicants.,Udyam Certificate,True
69778b6f5dbe0abc98246247,357f9e0d-86f8-4f46-bcf9-76668057083e,Stand-Up India,https://www.standupmitra.in/,Tamil Nadu,Early,Medium,Tech,- Loans of between ₹10 lakhs to ₹1 crore for Applicants.,Bank Statement,True
69778b6f5dbe0abc98246248,b1927b51-d8bc-40ba-b8df-8a0a077afc49,Stand-Up India,https://www.standupmitra.in/,Tamil Nadu,Early,Medium,Tech,- Enterprise loans for setting up a greenfield enterprise.,GST Certificate,True
69778b6f5dbe0abc98246249,9f15c3cb-f99c-4387-9211-265ac1c05105,Stand-Up India,https://www.standupmitra.in/,Tamil Nadu,Early,Medium,Tech,- Enterprise loans for setting up a greenfield enterprise.,Udyam Certificate,True
69778b6f5dbe0abc9824624a,5ede3d6e-89ad-4cb8-8f08-b4dd9c651731,Stand-Up India,https://www.standupmitra.in/,Tamil Nadu,Early,Medium,Tech,- Enterprise loans for setting up a greenfield enterprise.,Bank Statement,True
69778b6f5dbe0abc9824624b,ddebed08-d10b-494d-b45c-0e55df54c99d,Stand-Up India,https://www.standupmitra.in/,Tamil Nadu,Early,Medium,Tech,- Loan size is from ₹10 lakhs to ₹1 crore.,GST Certificate,True
69778b6f5dbe0abc9824624c,96d8bc37-22eb-476f-9150-94410a17f992,Stand-Up India,https://www.standupmitra.in/,Tamil Nadu,Early,Medium,Tech,- Loan size is from ₹10 lakhs to ₹1 crore.,Udyam Certificate,True
69778b6f5dbe0abc9824624d,00dbf31d-bdef-40bb-9042-193cc8607487,Stand-Up India,https://www.standupmitra.in/,Tamil Nadu,Early,Medium,Tech,- Loan size is from ₹10 lakhs to ₹1 crore.,Bank Statement,True
69778b6f5dbe0abc9824624e,db59ff38-7484-4cf4-84cc-f91a9131d5aa,Stand-Up India,https://www.standupmitra.in/,Tamil Nadu,Early,Medium,Tech,- Comprises a composite loan (including Term Loan and Working Capital).,GST Certificate,True
69778b6f5dbe0abc9824624f,07d20457-51d1-4a47-a62c-d877fba31bfb,Stand-Up India,https://www.standupmitra.in/,Tamil Nadu,Early,Medium,Tech,- Comprises a composite loan (including Term Loan and Working Capital).,Udyam Certificate,True
69778b6f5dbe0abc98246250,6acdf9ad-bafb-46a2-8330-1d829cc5969c,Stand-Up India,https://www.standupmitra.in/,Tamil Nadu,Early,Medium,Tech,- Comprises a composite loan (including Term Loan and Working Capital).,Bank Statement,True
69778b6f5dbe0abc98246251,76c5b018-1ea4-406f-9b12-2dc460697fde,Stand-Up India,https://www.standupmitra.in/,Tamil Nadu,Early,Medium,Tech,"- Key Elements: Stand-Up India Ecosystem, Promoter Contribution of 15%, Marginal Money security cover under Credit Guarantee Fund Scheme for Stand-Up India Loans (CGFSIL). Impact Stories:",GST Certificate,True
69778b6f5dbe0abc98246252,ffea9cb6-3f72-4228-873c-8f388b6c2857,Stand-Up India,https://www.standupmitra.in/,Tamil Nadu,Early,Medium,Tech,"- Key Elements: Stand-Up India Ecosystem, Promoter Contribution of 15%, Marginal Money security cover under Credit Guarantee Fund Scheme for Stand-Up India Loans (CGFSIL). Impact Stories:",Udyam Certificate,True
69778b6f5dbe0abc98246253,5da0f607-336d-4ec4-82d4-b526dd83aa4e,Stand-Up India,https://www.standupmitra.in/,Tamil Nadu,Early,Medium,Tech,"- Key Elements: Stand-Up India Ecosystem, Promoter Contribution of 15%, Marginal Money security cover under Credit Guarantee Fund Scheme for Stand-Up India Loans (CGFSIL). Impact Stories:",Bank Statement,True
69778b6f5dbe0abc98246254,17239e12-0fea-4831-ae06-73e7a0a32acf,Stand-Up India,https://www.standupmitra.in/,Tamil Nadu,Early,Medium,Tech,"- Prometheus is the beneficiary under STAND UP INDIA loan scheme. She has been given a loan for setting up of an Optometric clinic with vision therapy as she is a low vision therapist. As per the promoteur, she can earn Rs.1 lakhs per month from the Optical Gallery cum Optometric Clinic, which has vision therapy - as a low vision specialist, and has been granted loan sanction by PNB, Anna Nagar Branch, Chennai.",GST Certificate,True
69778b6f5dbe0abc98246255,3dfc975f-1c9b-4a49-8112-90c87e4f9d44,Stand-Up India,https://www.standupmitra.in/,Tamil Nadu,Early,Medium,Tech,"- Prometheus is the beneficiary under STAND UP INDIA loan scheme. She has been given a loan for setting up of an Optometric clinic with vision therapy as she is a low vision therapist. As per the promoteur, she can earn Rs.1 lakhs per month from the Optical Gallery cum Optometric Clinic, which has vision therapy - as a low vision specialist, and has been granted loan sanction by PNB, Anna Nagar Branch, Chennai.",Udyam Certificate,True
69778b6f5dbe0abc98246256,2392a4f8-a150-41fc-8e98-b42c0baa823e,Stand-Up India,https://www.standupmitra.in/,Tamil Nadu,Early,Medium,Tech,"- Prometheus is the beneficiary under STAND UP INDIA loan scheme. She has been given a loan for setting up of an Optometric clinic with vision therapy as she is a low vision therapist. As per the promoteur, she can earn Rs.1 lakhs per month from the Optical Gallery cum Optometric Clinic, which has vision therapy - as a low vision specialist, and has been granted loan sanction by PNB, Anna Nagar Branch, Chennai.",Bank Statement,True
69778b6f5dbe0abc98246257,6a49d4a0-6d19-4cbf-957c-97d0b925d099,Stand-Up India,https://www.standupmitra.in/,Tamil Nadu,Early,Medium,Tech,"- Gaining experience from her father in law, the promoteur is able to stand alone as an optometrist after gaining experience from him. She has seen the website and learnt about the Anna Nagar branch extending STAND UP INDIA scheme and approached directly. According to the promoteur, she never dreamt of getting loan sanctioned in shortest time, which is why she is very happy and able to earn Rs.1 lakhs per month from the Optical Gallery cum Optometric Clinic, which has vision therapy - as a low v",GST Certificate,True
69778b6f5dbe0abc98246258,c4a5a6f5-de68-4733-8185-3b1713dae916,Stand-Up India,https://www.standupmitra.in/,Tamil Nadu,Early,Medium,Tech,"- Gaining experience from her father in law, the promoteur is able to stand alone as an optometrist after gaining experience from him. She has seen the website and learnt about the Anna Nagar branch extending STAND UP INDIA scheme and approached directly. According to the promoteur, she never dreamt of getting loan sanctioned in shortest time, which is why she is very happy and able to earn Rs.1 lakhs per month from the Optical Gallery cum Optometric Clinic, which has vision therapy - as a low v",Udyam Certificate,True
69778b6f5dbe0abc98246259,2c7bf48a-4e4d-44cc-8798-369b417e13b3,Stand-Up India,https://www.standupmitra.in/,Tamil Nadu,Early,Medium,Tech,"- Gaining experience from her father in law, the promoteur is able to stand alone as an optometrist after gaining experience from him. She has seen the website and learnt about the Anna Nagar branch extending STAND UP INDIA scheme and approached directly. According to the promoteur, she never dreamt of getting loan sanctioned in shortest time, which is why she is very happy and able to earn Rs.1 lakhs per month from the Optical Gallery cum Optometric Clinic, which has vision therapy - as a low v",Bank Statement,True
69778b6f5dbe0abc9824625a,7923b9c3-4584-4783-b3ed-a922e2ed82de,Stand-Up India,https://www.standupmitra.in/,Tamil Nadu,Early,Medium,Tech,,GST Certificate,True
69778b6f5dbe0abc9824625b,ca61e400-d026-486e-8bbd-fce062da1cd4,Stand-Up India,https://www.standupmitra.in/,Tamil Nadu,Early,Medium,Tech,,Udyam Certificate,True
69778b6f5dbe0abc9824625c,0a726137-0215-4fb6-8888-80c09d74509d,Stand-Up India,https://www.standupmitra.in/,Tamil Nadu,Early,Medium,Tech,,Bank Statement,True
69778b6f5dbe0abc9824625d,64d4f595-d7d0-4605-98b0-78cc07d7b9b5,Stand-Up India,https://www.standupmitra.in/,Tamil Nadu,Early,Medium,Tech,,GST Certificate,True
69778b6f5dbe0abc9824625e,a963c354-920a-4df4-a8d6-1a51ca4553db,Stand-Up India,https://www.standupmitra.in/,Tamil Nadu,Early,Medium,Tech,,Udyam Certificate,True
69778b6f5dbe0abc9824625f,bda0491a-00b3-4d1f-a5f2-49e75135bdb7,Stand-Up India,https://www.standupmitra.in/,Tamil Nadu,Early,Medium,Tech,,Bank Statement,True
69778b6f5dbe0abc98246260,58008111-bb32-4c8c-9b94-eafd6287fa35,Stand-Up India,https://www.standupmitra.in/,Tamil Nadu,Early,Medium,Agri,Extract:,GST Certificate,True
69778b6f5dbe0abc98246261,42fbef69-3460-4309-8977-a7fe26488f60,Stand-Up India,https://www.standupmitra.in/,Tamil Nadu,Early,Medium,Agri,Extract:,Udyam Certificate,True
69778b6f5dbe0abc98246262,25c5811b-7b53-49e8-9dfe-c50eb1e56e10,Stand-Up India,https://www.standupmitra.in/,Tamil Nadu,Early,Medium,Agri,Extract:,Bank Statement,True
69778b6f5dbe0abc98246263,50aa0242-37e2-45eb-a196-68d012eca6c1,Stand-Up India,https://www.standupmitra.in/,Tamil Nadu,Early,Medium,Agri,- Eligibility criteria,GST Certificate,True
69778b6f5dbe0abc98246264,ecf5a836-c0bf-485b-a847-fd9337120295,Stand-Up India,https://www.standupmitra.in/,Tamil Nadu,Early,Medium,Agri,- Eligibility criteria,Udyam Certificate,True
69778b6f5dbe0abc98246265,dd0740fa-c556-49be-a095-8bfe59fdc6a1,Stand-Up India,https://www.standupmitra.in/,Tamil Nadu,Early,Medium,Agri,- Eligibility criteria,Bank Statement,True
69778b6f5dbe0abc98246266,9ea53fc3-572d-4ca3-b319-322b9946f57d,Stand-Up India,https://www.standupmitra.in/,Tamil Nadu,Early,Medium,Agri,- Required documents,GST Certificate,True
69778b6f5dbe0abc98246267,69ded501-f678-426b-88dd-6363f28d69e2,Stand-Up India,https://www.standupmitra.in/,Tamil Nadu,Early,Medium,Agri,- Required documents,Udyam Certificate,True
69778b6f5dbe0abc98246268,4b1f4bf9-a252-48ce-80b8-35df8ea197a8,Stand-Up India,https://www.standupmitra.in/,Tamil Nadu,Early,Medium,Agri,- Required documents,Bank Statement,True
69778b6f5dbe0abc98246269,2bcaf6f5-8057-45bb-94c7-12d17800870f,Stand-Up India,https://www.standupmitra.in/,Tamil Nadu,Early,Medium,Agri,Return as bullet points.,GST Certificate,True
69778b6f5dbe0abc9824626a,84286318-19f2-4620-8d7b-6a43c8e3bdb8,Stand-Up India,https://www.standupmitra.in/,Tamil Nadu,Early,Medium,Agri,Return as bullet points.,Udyam Certificate,True
69778b6f5dbe0abc9824626b,57f45815-2686-4068-b468-4e7c925d73cc,Stand-Up India,https://www.standupmitra.in/,Tamil Nadu,Early,Medium,Agri,Return as bullet points.,Bank Statement,True
69778b6f5dbe0abc9824626c,ab2f4a50-083c-4246-88fe-85bbe7402845,Stand-Up India,https://www.standupmitra.in/,Tamil Nadu,Early,Medium,Agri,,GST Certificate,True
69778b6f5dbe0abc9824626d,01cd73b6-7342-4025-ab22-b5c426d2898c,Stand-Up India,https://www.standupmitra.in/,Tamil Nadu,Early,Medium,Agri,,Udyam Certificate,True
69778b6f5dbe0abc9824626e,7cfadeca-e872-4fdc-846c-817e6b43295d,Stand-Up India,https://www.standupmitra.in/,Tamil Nadu,Early,Medium,Agri,,Bank Statement,True
69778b6f5dbe0abc9824626f,26905f6a-a484-4e3f-8a98-7ef654cbb9ff,Stand-Up India,https://www.standupmitra.in/,Tamil Nadu,Early,Medium,Agri,TEXT:,GST Certificate,True
69778b6f5dbe0abc98246270,8daa775c-9e38-4b81-b9b3-3c1180cdbae0,Stand-Up India,https://www.standupmitra.in/,Tamil Nadu,Early,Medium,Agri,TEXT:,Udyam Certificate,True
69778b6f5dbe0abc98246271,0b2c5f9c-05f9-4746-8e4f-466b9081b3a9,Stand-Up India,https://www.standupmitra.in/,Tamil Nadu,Early,Medium,Agri,TEXT:,Bank Statement,True
69778b6f5dbe0abc98246272,10e93495-65a9-4649-b129-fb30f4495dc5,Stand-Up India,https://www.standupmitra.in/,Tamil Nadu,Early,Medium,Agri,StandupIndia Login Applicaunt Login Applicaant Registration Other Users Home About Us Stand-Up India Scheme facilitate...,GST Certificate,True
69778b6f5dbe0abc98246273,fef7fb40-80b2-4cd4-b367-8b42792a81b4,Stand-Up India,https://www.standupmitra.in/,Tamil Nadu,Early,Medium,Agri,StandupIndia Login Applicaunt Login Applicaant Registration Other Users Home About Us Stand-Up India Scheme facilitate...,Udyam Certificate,True
69778b6f5dbe0abc98246274,5c936bbb-9d27-4002-a29d-54e3e1ac3bca,Stand-Up India,https://www.standupmitra.in/,Tamil Nadu,Early,Medium,Agri,StandupIndia Login Applicaunt Login Applicaant Registration Other Users Home About Us Stand-Up India Scheme facilitate...,Bank Statement,True
69778b6f5dbe0abc98246275,93d37950-7c54-43cd-85c7-647d943b77e9,Stand-Up India,https://www.standupmitra.in/,Tamil Nadu,Early,Medium,Agri,,GST Certificate,True
69778b6f5dbe0abc98246276,271d96f7-561c-4938-934e-5ee1404eb8f6,Stand-Up India,https://www.standupmitra.in/,Tamil Nadu,Early,Medium,Agri,,Udyam Certificate,True
69778b6f5dbe0abc98246277,f4f330e7-7e04-4090-9a28-b26f46db85d1,Stand-Up India,https://www.standupmitra.in/,Tamil Nadu,Early,Medium,Agri,,Bank Statement,True
69778b6f5dbe0abc98246278,cd728c8c-6cff-4b94-96b8-099179a845a6,Stand-Up India,https://www.standupmitra.in/,Tamil Nadu,Early,Medium,Agri,"Communities Stand-up India Scheme facilitates bank loan between ₹10 lakhs and ₹1 crore for Applicants to establish a greenfield enterprise. The Borrower Type Loans to SC/ST and Women Entrepreneurs with at least 51% of the shareholding and controlling stake, either an SC/ST or woman entrepreneur. Salient Features:",GST Certificate,True
69778b6f5dbe0abc98246279,1571f289-2514-4aa1-a26a-c7f7501c6ceb,Stand-Up India,https://www.standupmitra.in/,Tamil Nadu,Early,Medium,Agri,"Communities Stand-up India Scheme facilitates bank loan between ₹10 lakhs and ₹1 crore for Applicants to establish a greenfield enterprise. The Borrower Type Loans to SC/ST and Women Entrepreneurs with at least 51% of the shareholding and controlling stake, either an SC/ST or woman entrepreneur. Salient Features:",Udyam Certificate,True
69778b6f5dbe0abc9824627a,074d9c59-926a-4dc7-ad7f-d5861958b2ef,Stand-Up India,https://www.standupmitra.in/,Tamil Nadu,Early,Medium,Agri,"Communities Stand-up India Scheme facilitates bank loan between ₹10 lakhs and ₹1 crore for Applicants to establish a greenfield enterprise. The Borrower Type Loans to SC/ST and Women Entrepreneurs with at least 51% of the shareholding and controlling stake, either an SC/ST or woman entrepreneur. Salient Features:",Bank Statement,True
69778b6f5dbe0abc9824627b,13173639-4031-4166-8eef-b8c8a1f76eaa,Stand-Up India,https://www.standupmitra.in/,Tamil Nadu,Early,Medium,Agri,- Loans of between ₹10 lakhs to ₹1 crore for Applicants.,GST Certificate,True
69778b6f5dbe0abc9824627c,f1f3e439-e532-40b7-9b56-fbaf69dd33ed,Stand-Up India,https://www.standupmitra.in/,Tamil Nadu,Early,Medium,Agri,- Loans of between ₹10 lakhs to ₹1 crore for Applicants.,Udyam Certificate,True
69778b6f5dbe0abc9824627d,247cd576-32f9-454c-b8e5-91735f183ece,Stand-Up India,https://www.standupmitra.in/,Tamil Nadu,Early,Medium,Agri,- Loans of between ₹10 lakhs to ₹1 crore for Applicants.,Bank Statement,True
69778b6f5dbe0abc9824627e,7825f25b-6bb1-421b-880f-e8a0ab0c0bba,Stand-Up India,https://www.standupmitra.in/,Tamil Nadu,Early,Medium,Agri,- Enterprise loans for setting up a greenfield enterprise.,GST Certificate,True
69778b6f5dbe0abc9824627f,834ff4a4-8162-4a0d-8d72-86da10bb195c,Stand-Up India,https://www.standupmitra.in/,Tamil Nadu,Early,Medium,Agri,- Enterprise loans for setting up a greenfield enterprise.,Udyam Certificate,True
69778b6f5dbe0abc98246280,b3921431-5eeb-4e41-80ec-df5b77d6cbba,Stand-Up India,https://www.standupmitra.in/,Tamil Nadu,Early,Medium,Agri,- Enterprise loans for setting up a greenfield enterprise.,Bank Statement,True
69778b6f5dbe0abc98246281,276e6e48-243d-4dd7-8551-a644ddc8aa74,Stand-Up India,https://www.standupmitra.in/,Tamil Nadu,Early,Medium,Agri,- Loan size is from ₹10 lakhs to ₹1 crore.,GST Certificate,True
69778b6f5dbe0abc98246282,db55d752-e9ec-44e4-a589-05b634113787,Stand-Up India,https://www.standupmitra.in/,Tamil Nadu,Early,Medium,Agri,- Loan size is from ₹10 lakhs to ₹1 crore.,Udyam Certificate,True
69778b6f5dbe0abc98246283,6d6e5070-3064-4622-8e86-adcdd5b253df,Stand-Up India,https://www.standupmitra.in/,Tamil Nadu,Early,Medium,Agri,- Loan size is from ₹10 lakhs to ₹1 crore.,Bank Statement,True
69778b6f5dbe0abc98246284,e53b111f-054d-43de-a052-084b41646253,Stand-Up India,https://www.standupmitra.in/,Tamil Nadu,Early,Medium,Agri,- Comprises a composite loan (including Term Loan and Working Capital).,GST Certificate,True
69778b6f5dbe0abc98246285,192db95a-a7e7-486d-8f1c-c912c630ab09,Stand-Up India,https://www.standupmitra.in/,Tamil Nadu,Early,Medium,Agri,- Comprises a composite loan (including Term Loan and Working Capital).,Udyam Certificate,True
69778b6f5dbe0abc98246286,8efb65e3-0e52-42dd-9b44-c8678778f4fc,Stand-Up India,https://www.standupmitra.in/,Tamil Nadu,Early,Medium,Agri,- Comprises a composite loan (including Term Loan and Working Capital).,Bank Statement,True
69778b6f5dbe0abc98246287,bbe3a8d3-82f1-42cc-aabf-022e7a570d77,Stand-Up India,https://www.standupmitra.in/,Tamil Nadu,Early,Medium,Agri,"- Key Elements: Stand-Up India Ecosystem, Promoter Contribution of 15%, Marginal Money security cover under Credit Guarantee Fund Scheme for Stand-Up India Loans (CGFSIL). Impact Stories:",GST Certificate,True
69778b6f5dbe0abc98246288,8903c9a7-8c8b-427f-854e-a4132ffc0e7a,Stand-Up India,https://www.standupmitra.in/,Tamil Nadu,Early,Medium,Agri,"- Key Elements: Stand-Up India Ecosystem, Promoter Contribution of 15%, Marginal Money security cover under Credit Guarantee Fund Scheme for Stand-Up India Loans (CGFSIL). Impact Stories:",Udyam Certificate,True
69778b6f5dbe0abc98246289,28f56334-1ac9-48e1-9234-959504c0fa1f,Stand-Up India,https://www.standupmitra.in/,Tamil Nadu,Early,Medium,Agri,"- Key Elements: Stand-Up India Ecosystem, Promoter Contribution of 15%, Marginal Money security cover under Credit Guarantee Fund Scheme for Stand-Up India Loans (CGFSIL). Impact Stories:",Bank Statement,True
69778b6f5dbe0abc9824628a,5119189d-d09b-4a88-8f6b-323a77eb9a10,Stand-Up India,https://www.standupmitra.in/,Tamil Nadu,Early,Medium,Agri,"- Prometheus is the beneficiary under STAND UP INDIA loan scheme. She has been given a loan for setting up of an Optometric clinic with vision therapy as she is a low vision therapist. As per the promoteur, she can earn Rs.1 lakhs per month from the Optical Gallery cum Optometric Clinic, which has vision therapy - as a low vision specialist, and has been granted loan sanction by PNB, Anna Nagar Branch, Chennai.",GST Certificate,True
69778b6f5dbe0abc9824628b,cd900025-7af8-45c3-ad58-c45a24136813,Stand-Up India,https://www.standupmitra.in/,Tamil Nadu,Early,Medium,Agri,"- Prometheus is the beneficiary under STAND UP INDIA loan scheme. She has been given a loan for setting up of an Optometric clinic with vision therapy as she is a low vision therapist. As per the promoteur, she can earn Rs.1 lakhs per month from the Optical Gallery cum Optometric Clinic, which has vision therapy - as a low vision specialist, and has been granted loan sanction by PNB, Anna Nagar Branch, Chennai.",Udyam Certificate,True
69778b6f5dbe0abc9824628c,4eeb7447-9fda-42f9-a630-651990f452a7,Stand-Up India,https://www.standupmitra.in/,Tamil Nadu,Early,Medium,Agri,"- Prometheus is the beneficiary under STAND UP INDIA loan scheme. She has been given a loan for setting up of an Optometric clinic with vision therapy as she is a low vision therapist. As per the promoteur, she can earn Rs.1 lakhs per month from the Optical Gallery cum Optometric Clinic, which has vision therapy - as a low vision specialist, and has been granted loan sanction by PNB, Anna Nagar Branch, Chennai.",Bank Statement,True
69778b6f5dbe0abc9824628d,86ca7bd4-021d-4930-94bf-c35e0af61a08,Stand-Up India,https://www.standupmitra.in/,Tamil Nadu,Early,Medium,Agri,"- Gaining experience from her father in law, the promoteur is able to stand alone as an optometrist after gaining experience from him. She has seen the website and learnt about the Anna Nagar branch extending STAND UP INDIA scheme and approached directly. According to the promoteur, she never dreamt of getting loan sanctioned in shortest time, which is why she is very happy and able to earn Rs.1 lakhs per month from the Optical Gallery cum Optometric Clinic, which has vision therapy - as a low v",GST Certificate,True
69778b6f5dbe0abc9824628e,9852256c-60d5-4a13-876f-67e6f9da8f45,Stand-Up India,https://www.standupmitra.in/,Tamil Nadu,Early,Medium,Agri,"- Gaining experience from her father in law, the promoteur is able to stand alone as an optometrist after gaining experience from him. She has seen the website and learnt about the Anna Nagar branch extending STAND UP INDIA scheme and approached directly. According to the promoteur, she never dreamt of getting loan sanctioned in shortest time, which is why she is very happy and able to earn Rs.1 lakhs per month from the Optical Gallery cum Optometric Clinic, which has vision therapy - as a low v",Udyam Certificate,True
69778b6f5dbe0abc9824628f,cabfd419-2626-4d08-a2b6-0257444debda,Stand-Up India,https://www.standupmitra.in/,Tamil Nadu,Early,Medium,Agri,"- Gaining experience from her father in law, the promoteur is able to stand alone as an optometrist after gaining experience from him. She has seen the website and learnt about the Anna Nagar branch extending STAND UP INDIA scheme and approached directly. According to the promoteur, she never dreamt of getting loan sanctioned in shortest time, which is why she is very happy and able to earn Rs.1 lakhs per month from the Optical Gallery cum Optometric Clinic, which has vision therapy - as a low v",Bank Statement,True
69778b6f5dbe0abc98246290,a628b5f6-f5ee-418f-a443-678ff4005b40,Stand-Up India,https://www.standupmitra.in/,Tamil Nadu,Early,Medium,Agri,,GST Certificate,True
69778b6f5dbe0abc98246291,d99d884a-5784-466a-a07a-9cdf6844d324,Stand-Up India,https://www.standupmitra.in/,Tamil Nadu,Early,Medium,Agri,,Udyam Certificate,True
69778b6f5dbe0abc98246292,55f3a707-9b87-4802-9c88-b397b177b69a,Stand-Up India,https://www.standupmitra.in/,Tamil Nadu,Early,Medium,Agri,,Bank Statement,True
69778b6f5dbe0abc98246293,34b5d7d6-e991-4e13-950e-a8e025b7acd0,Stand-Up India,https://www.standupmitra.in/,Tamil Nadu,Early,Medium,Agri,,GST Certificate,True
69778b6f5dbe0abc98246294,334bb2fa-470a-4335-a885-a4422e60382c,Stand-Up India,https://www.standupmitra.in/,Tamil Nadu,Early,Medium,Agri,,Udyam Certificate,True
69778b6f5dbe0abc98246295,efbc8f61-a8e7-4e3c-a670-cf722b317917,Stand-Up India,https://www.standupmitra.in/,Tamil Nadu,Early,Medium,Agri,,Bank Statement,True
69778b6f5dbe0abc98246296,e4cf1a9f-ed34-4dd3-8457-85b7281f6bc0,Stand-Up India,https://www.standupmitra.in/,Tamil Nadu,Growth,Micro,Manufacturing,Extract:,GST Certificate,True
69778b6f5dbe0abc98246297,42d12097-a8ad-4b26-8d97-ca2dce498b70,Stand-Up India,https://www.standupmitra.in/,Tamil Nadu,Growth,Micro,Manufacturing,Extract:,Udyam Certificate,True
69778b6f5dbe0abc98246298,0d62893c-0719-423a-ae07-f559eb5f7418,Stand-Up India,https://www.standupmitra.in/,Tamil Nadu,Growth,Micro,Manufacturing,Extract:,Bank Statement,True
69778b6f5dbe0abc98246299,d0510534-bf47-4a17-9123-d71b1c76aba4,Stand-Up India,https://www.standupmitra.in/,Tamil Nadu,Growth,Micro,Manufacturing,- Eligibility criteria,GST Certificate,True
69778b6f5dbe0abc9824629a,20781d58-a59a-4489-a39b-5d7a71486015,Stand-Up India,https://www.standupmitra.in/,Tamil Nadu,Growth,Micro,Manufacturing,- Eligibility criteria,Udyam Certificate,True
69778b6f5dbe0abc9824629b,7eccdf57-eeea-4f94-b372-966977f89650,Stand-Up India,https://www.standupmitra.in/,Tamil Nadu,Growth,Micro,Manufacturing,- Eligibility criteria,Bank Statement,True
69778b6f5dbe0abc9824629c,167a67e6-6a74-471b-9e4b-03bf44bf3346,Stand-Up India,https://www.standupmitra.in/,Tamil Nadu,Growth,Micro,Manufacturing,- Required documents,GST Certificate,True
69778b6f5dbe0abc9824629d,2c72caa4-67a8-4488-9a76-bde61bbb26be,Stand-Up India,https://www.standupmitra.in/,Tamil Nadu,Growth,Micro,Manufacturing,- Required documents,Udyam Certificate,True
69778b6f5dbe0abc9824629e,f8c3be6d-0666-428e-8f11-b9c27b50f0b6,Stand-Up India,https://www.standupmitra.in/,Tamil Nadu,Growth,Micro,Manufacturing,- Required documents,Bank Statement,True
69778b6f5dbe0abc9824629f,4f8a9424-4f99-4160-a1a3-2e56fabd04ca,Stand-Up India,https://www.standupmitra.in/,Tamil Nadu,Growth,Micro,Manufacturing,Return as bullet points.,GST Certificate,True
69778b6f5dbe0abc982462a0,cb95fcff-128d-4ee5-a926-7c7711b83faf,Stand-Up India,https://www.standupmitra.in/,Tamil Nadu,Growth,Micro,Manufacturing,Return as bullet points.,Udyam Certificate,True
69778b6f5dbe0abc982462a1,aabd933e-a099-4e54-978d-f9773bad1677,Stand-Up India,https://www.standupmitra.in/,Tamil Nadu,Growth,Micro,Manufacturing,Return as bullet points.,Bank Statement,True
69778b6f5dbe0abc982462a2,3a31ec4b-b12f-474a-a376-f085a45cdf9c,Stand-Up India,https://www.standupmitra.in/,Tamil Nadu,Growth,Micro,Manufacturing,,GST Certificate,True
69778b6f5dbe0abc982462a3,104551e8-9c7a-4ec3-aad5-0faabefc9193,Stand-Up India,https://www.standupmitra.in/,Tamil Nadu,Growth,Micro,Manufacturing,,Udyam Certificate,True
69778b6f5dbe0abc982462a4,237d732a-70c3-41ff-a23b-9aea01da8a1b,Stand-Up India,https://www.standupmitra.in/,Tamil Nadu,Growth,Micro,Manufacturing,,Bank Statement,True
69778b6f5dbe0abc982462a5,aa67bd0d-8348-4c19-adea-bd9897d628b2,Stand-Up India,https://www.standupmitra.in/,Tamil Nadu,Growth,Micro,Manufacturing,TEXT:,GST Certificate,True
69778b6f5dbe0abc982462a6,7ea78a69-c116-4c89-92e6-1183e04a690c,Stand-Up India,https://www.standupmitra.in/,Tamil Nadu,Growth,Micro,Manufacturing,TEXT:,Udyam Certificate,True
69778b6f5dbe0abc982462a7,5c9e5e0f-c606-49bf-beb5-f0ca14d9817b,Stand-Up India,https://www.standupmitra.in/,Tamil Nadu,Growth,Micro,Manufacturing,TEXT:,Bank Statement,True
69778b6f5dbe0abc982462a8,cb1a6db8-4dfe-43c7-b302-af7f370e6be3,Stand-Up India,https://www.standupmitra.in/,Tamil Nadu,Growth,Micro,Manufacturing,StandupIndia Login Applicaunt Login Applicaant Registration Other Users Home About Us Stand-Up India Scheme facilitate...,GST Certificate,True
69778b6f5dbe0abc982462a9,4b5409e2-4914-46c6-82e4-327e11494c36,Stand-Up India,https://www.standupmitra.in/,Tamil Nadu,Growth,Micro,Manufacturing,StandupIndia Login Applicaunt Login Applicaant Registration Other Users Home About Us Stand-Up India Scheme facilitate...,Udyam Certificate,True
69778b6f5dbe0abc982462aa,5f59f7a7-5e41-4fa5-be68-efeb8cc736f9,Stand-Up India,https://www.standupmitra.in/,Tamil Nadu,Growth,Micro,Manufacturing,StandupIndia Login Applicaunt Login Applicaant Registration Other Users Home About Us Stand-Up India Scheme facilitate...,Bank Statement,True
69778b6f5dbe0abc982462ab,4f36d9e4-4aa9-40b4-8e47-bb97077798fd,Stand-Up India,https://www.standupmitra.in/,Tamil Nadu,Growth,Micro,Manufacturing,,GST Certificate,True
69778b6f5dbe0abc982462ac,19852f09-1d44-4309-86e6-fc7dffcbc8d5,Stand-Up India,https://www.standupmitra.in/,Tamil Nadu,Growth,Micro,Manufacturing,,Udyam Certificate,True
69778b6f5dbe0abc982462ad,d8ce6020-5a60-40a9-a436-dad41b32c6b6,Stand-Up India,https://www.standupmitra.in/,Tamil Nadu,Growth,Micro,Manufacturing,,Bank Statement,True
69778b6f5dbe0abc982462ae,fd09799f-8d2a-401a-bc3b-b6bf1f53b55d,Stand-Up India,https://www.standupmitra.in/,Tamil Nadu,Growth,Micro,Manufacturing,"Communities Stand-up India Scheme facilitates bank loan between ₹10 lakhs and ₹1 crore for Applicants to establish a greenfield enterprise. The Borrower Type Loans to SC/ST and Women Entrepreneurs with at least 51% of the shareholding and controlling stake, either an SC/ST or woman entrepreneur. Salient Features:",GST Certificate,True
69778b6f5dbe0abc982462af,a5abfc98-b541-444b-ad1b-eed77b0ad895,Stand-Up India,https://www.standupmitra.in/,Tamil Nadu,Growth,Micro,Manufacturing,"Communities Stand-up India Scheme facilitates bank loan between ₹10 lakhs and ₹1 crore for Applicants to establish a greenfield enterprise. The Borrower Type Loans to SC/ST and Women Entrepreneurs with at least 51% of the shareholding and controlling stake, either an SC/ST or woman entrepreneur. Salient Features:",Udyam Certificate,True
69778b6f5dbe0abc982462b0,f4af2a07-a790-4777-a55c-7a53849a76bf,Stand-Up India,https://www.standupmitra.in/,Tamil Nadu,Growth,Micro,Manufacturing,"Communities Stand-up India Scheme facilitates bank loan between ₹10 lakhs and ₹1 crore for Applicants to establish a greenfield enterprise. The Borrower Type Loans to SC/ST and Women Entrepreneurs with at least 51% of the shareholding and controlling stake, either an SC/ST or woman entrepreneur. Salient Features:",Bank Statement,True
69778b6f5dbe0abc982462b1,5758fc0f-852f-4d05-a66b-5e5d5ce27135,Stand-Up India,https://www.standupmitra.in/,Tamil Nadu,Growth,Micro,Manufacturing,- Loans of between ₹10 lakhs to ₹1 crore for Applicants.,GST Certificate,True
69778b6f5dbe0abc982462b2,3d031c25-00b1-4f61-ae3a-07c5c9275358,Stand-Up India,https://www.standupmitra.in/,Tamil Nadu,Growth,Micro,Manufacturing,- Loans of between ₹10 lakhs to ₹1 crore for Applicants.,Udyam Certificate,True
69778b6f5dbe0abc982462b3,b66904df-9404-4a20-a9da-d1c4eb52ab8a,Stand-Up India,https://www.standupmitra.in/,Tamil Nadu,Growth,Micro,Manufacturing,- Loans of between ₹10 lakhs to ₹1 crore for Applicants.,Bank Statement,True
69778b6f5dbe0abc982462b4,bc708753-8192-482a-b961-86d872a79c3f,Stand-Up India,https://www.standupmitra.in/,Tamil Nadu,Growth,Micro,Manufacturing,- Enterprise loans for setting up a greenfield enterprise.,GST Certificate,True
69778b6f5dbe0abc982462b5,3fc0a1a0-c3fa-457e-9338-5192f17ad1dd,Stand-Up India,https://www.standupmitra.in/,Tamil Nadu,Growth,Micro,Manufacturing,- Enterprise loans for setting up a greenfield enterprise.,Udyam Certificate,True
69778b6f5dbe0abc982462b6,c9206195-4031-4724-9435-05defb643a81,Stand-Up India,https://www.standupmitra.in/,Tamil Nadu,Growth,Micro,Manufacturing,- Enterprise loans for setting up a greenfield enterprise.,Bank Statement,True
69778b6f5dbe0abc982462b7,7b8b5a2a-e049-4b21-9afe-1f3d95f3530d,Stand-Up India,https://www.standupmitra.in/,Tamil Nadu,Growth,Micro,Manufacturing,- Loan size is from ₹10 lakhs to ₹1 crore.,GST Certificate,True
69778b6f5dbe0abc982462b8,ac74c979-f8ce-416b-bbcd-5ea7263b46d9,Stand-Up India,https://www.standupmitra.in/,Tamil Nadu,Growth,Micro,Manufacturing,- Loan size is from ₹10 lakhs to ₹1 crore.,Udyam Certificate,True
69778b6f5dbe0abc982462b9,3e75e296-2b56-47f8-a602-d1c41c8e6f48,Stand-Up India,https://www.standupmitra.in/,Tamil Nadu,Growth,Micro,Manufacturing,- Loan size is from ₹10 lakhs to ₹1 crore.,Bank Statement,True
69778b6f5dbe0abc982462ba,b04fa774-e23b-4797-98f6-44c15f4f9efa,Stand-Up India,https://www.standupmitra.in/,Tamil Nadu,Growth,Micro,Manufacturing,- Comprises a composite loan (including Term Loan and Working Capital).,GST Certificate,True
69778b6f5dbe0abc982462bb,51c70fe5-8055-452a-a396-80366c697ac3,Stand-Up India,https://www.standupmitra.in/,Tamil Nadu,Growth,Micro,Manufacturing,- Comprises a composite loan (including Term Loan and Working Capital).,Udyam Certificate,True
69778b6f5dbe0abc982462bc,e1398812-5587-483c-9b4f-33305998cfe8,Stand-Up India,https://www.standupmitra.in/,Tamil Nadu,Growth,Micro,Manufacturing,- Comprises a composite loan (including Term Loan and Working Capital).,Bank Statement,True
69778b6f5dbe0abc982462bd,4939743e-da5b-41d5-87c0-3498fb20db63,Stand-Up India,https://www.standupmitra.in/,Tamil Nadu,Growth,Micro,Manufacturing,"- Key Elements: Stand-Up India Ecosystem, Promoter Contribution of 15%, Marginal Money security cover under Credit Guarantee Fund Scheme for Stand-Up India Loans (CGFSIL). Impact Stories:",GST Certificate,True
69778b6f5dbe0abc982462be,b6444806-c370-4621-b9c5-2818ecd748af,Stand-Up India,https://www.standupmitra.in/,Tamil Nadu,Growth,Micro,Manufacturing,"- Key Elements: Stand-Up India Ecosystem, Promoter Contribution of 15%, Marginal Money security cover under Credit Guarantee Fund Scheme for Stand-Up India Loans (CGFSIL). Impact Stories:",Udyam Certificate,True
69778b6f5dbe0abc982462bf,d416758a-639f-45ad-8cc9-08b2aae56a0c,Stand-Up India,https://www.standupmitra.in/,Tamil Nadu,Growth,Micro,Manufacturing,"- Key Elements: Stand-Up India Ecosystem, Promoter Contribution of 15%, Marginal Money security cover under Credit Guarantee Fund Scheme for Stand-Up India Loans (CGFSIL). Impact Stories:",Bank Statement,True
69778b6f5dbe0abc982462c0,6a254114-a784-4037-855c-cfdd39419fbd,Stand-Up India,https://www.standupmitra.in/,Tamil Nadu,Growth,Micro,Manufacturing,"- Prometheus is the beneficiary under STAND UP INDIA loan scheme. She has been given a loan for setting up of an Optometric clinic with vision therapy as she is a low vision therapist. As per the promoteur, she can earn Rs.1 lakhs per month from the Optical Gallery cum Optometric Clinic, which has vision therapy - as a low vision specialist, and has been granted loan sanction by PNB, Anna Nagar Branch, Chennai.",GST Certificate,True
69778b6f5dbe0abc982462c1,c66c0d2b-a568-475b-9b6e-de377ccbdc6e,Stand-Up India,https://www.standupmitra.in/,Tamil Nadu,Growth,Micro,Manufacturing,"- Prometheus is the beneficiary under STAND UP INDIA loan scheme. She has been given a loan for setting up of an Optometric clinic with vision therapy as she is a low vision therapist. As per the promoteur, she can earn Rs.1 lakhs per month from the Optical Gallery cum Optometric Clinic, which has vision therapy - as a low vision specialist, and has been granted loan sanction by PNB, Anna Nagar Branch, Chennai.",Udyam Certificate,True
69778b6f5dbe0abc982462c2,ba018a74-dfd8-4399-9071-30cc1f4a0f1f,Stand-Up India,https://www.standupmitra.in/,Tamil Nadu,Growth,Micro,Manufacturing,"- Prometheus is the beneficiary under STAND UP INDIA loan scheme. She has been given a loan for setting up of an Optometric clinic with vision therapy as she is a low vision therapist. As per the promoteur, she can earn Rs.1 lakhs per month from the Optical Gallery cum Optometric Clinic, which has vision therapy - as a low vision specialist, and has been granted loan sanction by PNB, Anna Nagar Branch, Chennai.",Bank Statement,True
69778b6f5dbe0abc982462c3,dc3794b9-58d7-4ef4-854d-d38e88d4ce34,Stand-Up India,https://www.standupmitra.in/,Tamil Nadu,Growth,Micro,Manufacturing,"- Gaining experience from her father in law, the promoteur is able to stand alone as an optometrist after gaining experience from him. She has seen the website and learnt about the Anna Nagar branch extending STAND UP INDIA scheme and approached directly. According to the promoteur, she never dreamt of getting loan sanctioned in shortest time, which is why she is very happy and able to earn Rs.1 lakhs per month from the Optical Gallery cum Optometric Clinic, which has vision therapy - as a low v",GST Certificate,True
69778b6f5dbe0abc982462c4,6a8eef9a-7c88-4cd3-8db9-846398c05a25,Stand-Up India,https://www.standupmitra.in/,Tamil Nadu,Growth,Micro,Manufacturing,"- Gaining experience from her father in law, the promoteur is able to stand alone as an optometrist after gaining experience from him. She has seen the website and learnt about the Anna Nagar branch extending STAND UP INDIA scheme and approached directly. According to the promoteur, she never dreamt of getting loan sanctioned in shortest time, which is why she is very happy and able to earn Rs.1 lakhs per month from the Optical Gallery cum Optometric Clinic, which has vision therapy - as a low v",Udyam Certificate,True
69778b6f5dbe0abc982462c5,02d15d3b-5cbe-4f84-b56d-1da7c47f3ffd,Stand-Up India,https://www.standupmitra.in/,Tamil Nadu,Growth,Micro,Manufacturing,"- Gaining experience from her father in law, the promoteur is able to stand alone as an optometrist after gaining experience from him. She has seen the website and learnt about the Anna Nagar branch extending STAND UP INDIA scheme and approached directly. According to the promoteur, she never dreamt of getting loan sanctioned in shortest time, which is why she is very happy and able to earn Rs.1 lakhs per month from the Optical Gallery cum Optometric Clinic, which has vision therapy - as a low v",Bank Statement,True
69778b6f5dbe0abc982462c6,4426df08-a1a8-4ba2-9948-38ba68d44e96,Stand-Up India,https://www.standupmitra.in/,Tamil Nadu,Growth,Micro,Manufacturing,,GST Certificate,True
69778b6f5dbe0abc982462c7,92250716-34f7-43e7-bfb7-b5280f20ad10,Stand-Up India,https://www.standupmitra.in/,Tamil Nadu,Growth,Micro,Manufacturing,,Udyam Certificate,True
69778b6f5dbe0abc982462c8,0be4391b-d9db-45f3-9a43-56b9284593c4,Stand-Up India,https://www.standupmitra.in/,Tamil Nadu,Growth,Micro,Manufacturing,,Bank Statement,True
69778b6f5dbe0abc982462c9,29c33d24-9d23-44d3-b1f7-3835f08a67d2,Stand-Up India,https://www.standupmitra.in/,Tamil Nadu,Growth,Micro,Manufacturing,,GST Certificate,True
69778b6f5dbe0abc982462ca,6410af64-3b71-4e10-b5a0-4c49ebc19ef0,Stand-Up India,https://www.standupmitra.in/,Tamil Nadu,Growth,Micro,Manufacturing,,Udyam Certificate,True
69778b6f5dbe0abc982462cb,d1d95bef-7198-4cdb-9ff6-a493ad53de08,Stand-Up India,https://www.standupmitra.in/,Tamil Nadu,Growth,Micro,Manufacturing,,Bank Statement,True
69778b6f5dbe0abc982462cc,d99ab402-902d-446a-9e1a-1ca332030e66,Stand-Up India,https://www.standupmitra.in/,Tamil Nadu,Growth,Micro,Service,Extract:,GST Certificate,True
69778b6f5dbe0abc982462cd,181b1a79-05c9-4de8-a7b8-985c332e47fe,Stand-Up India,https://www.standupmitra.in/,Tamil Nadu,Growth,Micro,Service,Extract:,Udyam Certificate,True
69778b6f5dbe0abc982462ce,03769c50-e4e0-4918-b7a4-d3987ad3b435,Stand-Up India,https://www.standupmitra.in/,Tamil Nadu,Growth,Micro,Service,Extract:,Bank Statement,True
69778b6f5dbe0abc982462cf,6f088543-aa64-4471-a78e-4f49fadfb9d4,Stand-Up India,https://www.standupmitra.in/,Tamil Nadu,Growth,Micro,Service,- Eligibility criteria,GST Certificate,True
69778b6f5dbe0abc982462d0,357acc2f-ae6a-4d96-b1d1-4ed99ab2f027,Stand-Up India,https://www.standupmitra.in/,Tamil Nadu,Growth,Micro,Service,- Eligibility criteria,Udyam Certificate,True
69778b6f5dbe0abc982462d1,bd911864-4c9d-404f-9052-6bebf6132065,Stand-Up India,https://www.standupmitra.in/,Tamil Nadu,Growth,Micro,Service,- Eligibility criteria,Bank Statement,True
69778b6f5dbe0abc982462d2,1c32794e-72be-418c-b3aa-17a39451dc96,Stand-Up India,https://www.standupmitra.in/,Tamil Nadu,Growth,Micro,Service,- Required documents,GST Certificate,True
69778b6f5dbe0abc982462d3,e980019e-d1f5-4934-98a8-56392c46184c,Stand-Up India,https://www.standupmitra.in/,Tamil Nadu,Growth,Micro,Service,- Required documents,Udyam Certificate,True
69778b6f5dbe0abc982462d4,5b561b16-e53b-477e-ba31-e56ed688d9b5,Stand-Up India,https://www.standupmitra.in/,Tamil Nadu,Growth,Micro,Service,- Required documents,Bank Statement,True
69778b6f5dbe0abc982462d5,f693684e-515c-4e9b-a321-5ddc0702b46b,Stand-Up India,https://www.standupmitra.in/,Tamil Nadu,Growth,Micro,Service,Return as bullet points.,GST Certificate,True
69778b6f5dbe0abc982462d6,178d6886-764a-4bbc-b516-c40d3f50a027,Stand-Up India,https://www.standupmitra.in/,Tamil Nadu,Growth,Micro,Service,Return as bullet points.,Udyam Certificate,True
69778b6f5dbe0abc982462d7,7cf9122e-fba9-478d-862d-d34fbcc6267b,Stand-Up India,https://www.standupmitra.in/,Tamil Nadu,Growth,Micro,Service,Return as bullet points.,Bank Statement,True
69778b6f5dbe0abc982462d8,eac5104a-9404-42e9-a1b3-a2c7112c48c7,Stand-Up India,https://www.standupmitra.in/,Tamil Nadu,Growth,Micro,Service,,GST Certificate,True
69778b6f5dbe0abc982462d9,1e7027c5-fdd7-403c-a55d-2b0cb960a1a7,Stand-Up India,https://www.standupmitra.in/,Tamil Nadu,Growth,Micro,Service,,Udyam Certificate,True
69778b6f5dbe0abc982462da,0cbb29a6-0fd0-4d0b-97d2-8089e1b795b7,Stand-Up India,https://www.standupmitra.in/,Tamil Nadu,Growth,Micro,Service,,Bank Statement,True
69778b6f5dbe0abc982462db,12631217-1686-4ce8-b998-8c2968a19a8f,Stand-Up India,https://www.standupmitra.in/,Tamil Nadu,Growth,Micro,Service,TEXT:,GST Certificate,True
69778b6f5dbe0abc982462dc,60f5932d-b00f-4cd2-8ac2-6ea0445bf143,Stand-Up India,https://www.standupmitra.in/,Tamil Nadu,Growth,Micro,Service,TEXT:,Udyam Certificate,True
69778b6f5dbe0abc982462dd,f8f0706c-f569-4453-827b-bcfbc2207e13,Stand-Up India,https://www.standupmitra.in/,Tamil Nadu,Growth,Micro,Service,TEXT:,Bank Statement,True
69778b6f5dbe0abc982462de,498ad693-0d09-426a-81bb-b3801dbf04da,Stand-Up India,https://www.standupmitra.in/,Tamil Nadu,Growth,Micro,Service,StandupIndia Login Applicaunt Login Applicaant Registration Other Users Home About Us Stand-Up India Scheme facilitate...,GST Certificate,True
69778b6f5dbe0abc982462df,46e6781d-2b99-4b35-816e-9dbc8b4ccd74,Stand-Up India,https://www.standupmitra.in/,Tamil Nadu,Growth,Micro,Service,StandupIndia Login Applicaunt Login Applicaant Registration Other Users Home About Us Stand-Up India Scheme facilitate...,Udyam Certificate,True
69778b6f5dbe0abc982462e0,a3fd8d06-a91c-47e5-bba1-1dc3bc894c90,Stand-Up India,https://www.standupmitra.in/,Tamil Nadu,Growth,Micro,Service,StandupIndia Login Applicaunt Login Applicaant Registration Other Users Home About Us Stand-Up India Scheme facilitate...,Bank Statement,True
69778b6f5dbe0abc982462e1,081d24d1-4324-42b0-8df8-96d87c83a5b3,Stand-Up India,https://www.standupmitra.in/,Tamil Nadu,Growth,Micro,Service,,GST Certificate,True
69778b6f5dbe0abc982462e2,dbd0d79d-f950-4be1-af81-ee52b00c21a8,Stand-Up India,https://www.standupmitra.in/,Tamil Nadu,Growth,Micro,Service,,Udyam Certificate,True
69778b6f5dbe0abc982462e3,ff785bb0-daf4-435c-8f27-9afd74fd81f3,Stand-Up India,https://www.standupmitra.in/,Tamil Nadu,Growth,Micro,Service,,Bank Statement,True
69778b6f5dbe0abc982462e4,e98970bd-4f0e-4ac9-a024-80e636a1878a,Stand-Up India,https://www.standupmitra.in/,Tamil Nadu,Growth,Micro,Service,"Communities Stand-up India Scheme facilitates bank loan between ₹10 lakhs and ₹1 crore for Applicants to establish a greenfield enterprise. The Borrower Type Loans to SC/ST and Women Entrepreneurs with at least 51% of the shareholding and controlling stake, either an SC/ST or woman entrepreneur. Salient Features:",GST Certificate,True
69778b6f5dbe0abc982462e5,beab0c0f-432f-4844-a81e-6b689bc4c712,Stand-Up India,https://www.standupmitra.in/,Tamil Nadu,Growth,Micro,Service,"Communities Stand-up India Scheme facilitates bank loan between ₹10 lakhs and ₹1 crore for Applicants to establish a greenfield enterprise. The Borrower Type Loans to SC/ST and Women Entrepreneurs with at least 51% of the shareholding and controlling stake, either an SC/ST or woman entrepreneur. Salient Features:",Udyam Certificate,True
69778b6f5dbe0abc982462e6,c0fdccdd-fb30-4631-b22c-828fd911c855,Stand-Up India,https://www.standupmitra.in/,Tamil Nadu,Growth,Micro,Service,"Communities Stand-up India Scheme facilitates bank loan between ₹10 lakhs and ₹1 crore for Applicants to establish a greenfield enterprise. The Borrower Type Loans to SC/ST and Women Entrepreneurs with at least 51% of the shareholding and controlling stake, either an SC/ST or woman entrepreneur. Salient Features:",Bank Statement,True
69778b6f5dbe0abc982462e7,ca6307f9-3342-4a98-a4bc-07350d8343b8,Stand-Up India,https://www.standupmitra.in/,Tamil Nadu,Growth,Micro,Service,- Loans of between ₹10 lakhs to ₹1 crore for Applicants.,GST Certificate,True
69778b6f5dbe0abc982462e8,3b809f1d-873c-4a62-8fe1-7ec68340a2ff,Stand-Up India,https://www.standupmitra.in/,Tamil Nadu,Growth,Micro,Service,- Loans of between ₹10 lakhs to ₹1 crore for Applicants.,Udyam Certificate,True
69778b6f5dbe0abc982462e9,17786f22-e4db-47ec-b9b5-4a45b01f1982,Stand-Up India,https://www.standupmitra.in/,Tamil Nadu,Growth,Micro,Service,- Loans of between ₹10 lakhs to ₹1 crore for Applicants.,Bank Statement,True
69778b6f5dbe0abc982462ea,63554c3c-40fb-4f6e-a4f7-5f3332aed5ca,Stand-Up India,https://www.standupmitra.in/,Tamil Nadu,Growth,Micro,Service,- Enterprise loans for setting up a greenfield enterprise.,GST Certificate,True
69778b6f5dbe0abc982462eb,ccb39d03-6dcb-4dfa-b153-87f09a9f9093,Stand-Up India,https://www.standupmitra.in/,Tamil Nadu,Growth,Micro,Service,- Enterprise loans for setting up a greenfield enterprise.,Udyam Certificate,True
69778b6f5dbe0abc982462ec,391b5d08-1fdf-496a-8180-1cd212602395,Stand-Up India,https://www.standupmitra.in/,Tamil Nadu,Growth,Micro,Service,- Enterprise loans for setting up a greenfield enterprise.,Bank Statement,True
69778b6f5dbe0abc982462ed,9f02e6bc-274a-4336-8fa3-903b8af16ecc,Stand-Up India,https://www.standupmitra.in/,Tamil Nadu,Growth,Micro,Service,- Loan size is from ₹10 lakhs to ₹1 crore.,GST Certificate,True
69778b6f5dbe0abc982462ee,a9291cbb-2b0e-4ab9-990f-6eb9808f69af,Stand-Up India,https://www.standupmitra.in/,Tamil Nadu,Growth,Micro,Service,- Loan size is from ₹10 lakhs to ₹1 crore.,Udyam Certificate,True
69778b6f5dbe0abc982462ef,69e9d89b-963e-4e44-a9fc-a533207263d9,Stand-Up India,https://www.standupmitra.in/,Tamil Nadu,Growth,Micro,Service,- Loan size is from ₹10 lakhs to ₹1 crore.,Bank Statement,True
69778b6f5dbe0abc982462f0,85191367-941f-46ac-9424-15e2cf54913a,Stand-Up India,https://www.standupmitra.in/,Tamil Nadu,Growth,Micro,Service,- Comprises a composite loan (including Term Loan and Working Capital).,GST Certificate,True
69778b6f5dbe0abc982462f1,5af6dc9b-c719-4b93-8a7c-c4b2534bc05c,Stand-Up India,https://www.standupmitra.in/,Tamil Nadu,Growth,Micro,Service,- Comprises a composite loan (including Term Loan and Working Capital).,Udyam Certificate,True
69778b6f5dbe0abc982462f2,07b33469-7851-4410-87b8-66a3a907dd5b,Stand-Up India,https://www.standupmitra.in/,Tamil Nadu,Growth,Micro,Service,- Comprises a composite loan (including Term Loan and Working Capital).,Bank Statement,True
69778b6f5dbe0abc982462f3,043c42b0-fb16-4352-a599-9d2dd567d501,Stand-Up India,https://www.standupmitra.in/,Tamil Nadu,Growth,Micro,Service,"- Key Elements: Stand-Up India Ecosystem, Promoter Contribution of 15%, Marginal Money security cover under Credit Guarantee Fund Scheme for Stand-Up India Loans (CGFSIL). Impact Stories:",GST Certificate,True
69778b6f5dbe0abc982462f4,313fb208-956d-43ef-85c0-63df691135d6,Stand-Up India,https://www.standupmitra.in/,Tamil Nadu,Growth,Micro,Service,"- Key Elements: Stand-Up India Ecosystem, Promoter Contribution of 15%, Marginal Money security cover under Credit Guarantee Fund Scheme for Stand-Up India Loans (CGFSIL). Impact Stories:",Udyam Certificate,True
69778b6f5dbe0abc982462f5,c965d1cf-2f3f-4234-97f0-1b7c2d7bb9f6,Stand-Up India,https://www.standupmitra.in/,Tamil Nadu,Growth,Micro,Service,"- Key Elements: Stand-Up India Ecosystem, Promoter Contribution of 15%, Marginal Money security cover under Credit Guarantee Fund Scheme for Stand-Up India Loans (CGFSIL). Impact Stories:",Bank Statement,True
69778b6f5dbe0abc982462f6,c4fb1652-294e-4458-a543-988ad567a348,Stand-Up India,https://www.standupmitra.in/,Tamil Nadu,Growth,Micro,Service,"- Prometheus is the beneficiary under STAND UP INDIA loan scheme. She has been given a loan for setting up of an Optometric clinic with vision therapy as she is a low vision therapist. As per the promoteur, she can earn Rs.1 lakhs per month from the Optical Gallery cum Optometric Clinic, which has vision therapy - as a low vision specialist, and has been granted loan sanction by PNB, Anna Nagar Branch, Chennai.",GST Certificate,True
69778b6f5dbe0abc982462f7,120fc888-4bd3-45fe-9e85-74cea4df7eb9,Stand-Up India,https://www.standupmitra.in/,Tamil Nadu,Growth,Micro,Service,"- Prometheus is the beneficiary under STAND UP INDIA loan scheme. She has been given a loan for setting up of an Optometric clinic with vision therapy as she is a low vision therapist. As per the promoteur, she can earn Rs.1 lakhs per month from the Optical Gallery cum Optometric Clinic, which has vision therapy - as a low vision specialist, and has been granted loan sanction by PNB, Anna Nagar Branch, Chennai.",Udyam Certificate,True
69778b6f5dbe0abc982462f8,393841b8-0a9f-40f0-b727-bfb37ebff55a,Stand-Up India,https://www.standupmitra.in/,Tamil Nadu,Growth,Micro,Service,"- Prometheus is the beneficiary under STAND UP INDIA loan scheme. She has been given a loan for setting up of an Optometric clinic with vision therapy as she is a low vision therapist. As per the promoteur, she can earn Rs.1 lakhs per month from the Optical Gallery cum Optometric Clinic, which has vision therapy - as a low vision specialist, and has been granted loan sanction by PNB, Anna Nagar Branch, Chennai.",Bank Statement,True
69778b6f5dbe0abc982462f9,83272a34-3339-4b62-856e-37f7ee6a7700,Stand-Up India,https://www.standupmitra.in/,Tamil Nadu,Growth,Micro,Service,"- Gaining experience from her father in law, the promoteur is able to stand alone as an optometrist after gaining experience from him. She has seen the website and learnt about the Anna Nagar branch extending STAND UP INDIA scheme and approached directly. According to the promoteur, she never dreamt of getting loan sanctioned in shortest time, which is why she is very happy and able to earn Rs.1 lakhs per month from the Optical Gallery cum Optometric Clinic, which has vision therapy - as a low v",GST Certificate,True
69778b6f5dbe0abc982462fa,a29bba9e-4c4d-427f-8074-a33cb54a2288,Stand-Up India,https://www.standupmitra.in/,Tamil Nadu,Growth,Micro,Service,"- Gaining experience from her father in law, the promoteur is able to stand alone as an optometrist after gaining experience from him. She has seen the website and learnt about the Anna Nagar branch extending STAND UP INDIA scheme and approached directly. According to the promoteur, she never dreamt of getting loan sanctioned in shortest time, which is why she is very happy and able to earn Rs.1 lakhs per month from the Optical Gallery cum Optometric Clinic, which has vision therapy - as a low v",Udyam Certificate,True
69778b6f5dbe0abc982462fb,199b6008-8c2d-4964-bc11-be3d1218cafa,Stand-Up India,https://www.standupmitra.in/,Tamil Nadu,Growth,Micro,Service,"- Gaining experience from her father in law, the promoteur is able to stand alone as an optometrist after gaining experience from him. She has seen the website and learnt about the Anna Nagar branch extending STAND UP INDIA scheme and approached directly. According to the promoteur, she never dreamt of getting loan sanctioned in shortest time, which is why she is very happy and able to earn Rs.1 lakhs per month from the Optical Gallery cum Optometric Clinic, which has vision therapy - as a low v",Bank Statement,True
69778b6f5dbe0abc982462fc,934022ff-ef2a-4eed-be34-52f3e5a3af98,Stand-Up India,https://www.standupmitra.in/,Tamil Nadu,Growth,Micro,Service,,GST Certificate,True
69778b6f5dbe0abc982462fd,09a143c5-0a9e-4d8c-961f-ca6e528591df,Stand-Up India,https://www.standupmitra.in/,Tamil Nadu,Growth,Micro,Service,,Udyam Certificate,True
69778b6f5dbe0abc982462fe,2c87775d-1d70-4626-8a13-2dac21d87ef5,Stand-Up India,https://www.standupmitra.in/,Tamil Nadu,Growth,Micro,Service,,Bank Statement,True
69778b6f5dbe0abc982462ff,ba61c69a-e6be-4a2f-98e8-775a5746c22e,Stand-Up India,https://www.standupmitra.in/,Tamil Nadu,Growth,Micro,Service,,GST Certificate,True
69778b6f5dbe0abc98246300,bb19148f-7020-4bc7-801e-d9aced5abb7e,Stand-Up India,https://www.standupmitra.in/,Tamil Nadu,Growth,Micro,Service,,Udyam Certificate,True
69778b6f5dbe0abc98246301,464a50cd-a4d6-4432-b3a5-9f24d81f88d7,Stand-Up India,https://www.standupmitra.in/,Tamil Nadu,Growth,Micro,Service,,Bank Statement,True
69778b6f5dbe0abc98246302,82f9d751-1051-4f2a-82eb-89df4f1445b9,Stand-Up India,https://www.standupmitra.in/,Tamil Nadu,Growth,Micro,Tech,Extract:,GST Certificate,True
69778b6f5dbe0abc98246303,3c881c80-a8fe-4d28-bf30-543466dd9d54,Stand-Up India,https://www.standupmitra.in/,Tamil Nadu,Growth,Micro,Tech,Extract:,Udyam Certificate,True
69778b6f5dbe0abc98246304,dc21180e-6d54-4f21-90a9-7f9fe080aca4,Stand-Up India,https://www.standupmitra.in/,Tamil Nadu,Growth,Micro,Tech,Extract:,Bank Statement,True
69778b6f5dbe0abc98246305,78409bbb-b95b-40a4-b474-87e0432456f4,Stand-Up India,https://www.standupmitra.in/,Tamil Nadu,Growth,Micro,Tech,- Eligibility criteria,GST Certificate,True
69778b6f5dbe0abc98246306,05041220-f5ba-444c-b2ba-7fa14363fb75,Stand-Up India,https://www.standupmitra.in/,Tamil Nadu,Growth,Micro,Tech,- Eligibility criteria,Udyam Certificate,True
69778b6f5dbe0abc98246307,9f8149c4-98e4-4df6-bcbb-f255d0dbc12c,Stand-Up India,https://www.standupmitra.in/,Tamil Nadu,Growth,Micro,Tech,- Eligibility criteria,Bank Statement,True
69778b6f5dbe0abc98246308,d06644fa-8bbd-4eec-bc89-a6c09a30f88f,Stand-Up India,https://www.standupmitra.in/,Tamil Nadu,Growth,Micro,Tech,- Required documents,GST Certificate,True
69778b6f5dbe0abc98246309,2abcea77-28f3-456a-b0a1-9b150325d1a6,Stand-Up India,https://www.standupmitra.in/,Tamil Nadu,Growth,Micro,Tech,- Required documents,Udyam Certificate,True
69778b6f5dbe0abc9824630a,7e3ad1ef-9e25-4006-bb78-d13d330d3e21,Stand-Up India,https://www.standupmitra.in/,Tamil Nadu,Growth,Micro,Tech,- Required documents,Bank Statement,True
69778b6f5dbe0abc9824630b,53f75cc0-3f11-4a66-a0c4-ac5933849f19,Stand-Up India,https://www.standupmitra.in/,Tamil Nadu,Growth,Micro,Tech,Return as bullet points.,GST Certificate,True
69778b6f5dbe0abc9824630c,912811dc-ce04-43de-bea5-4f1d881e0477,Stand-Up India,https://www.standupmitra.in/,Tamil Nadu,Growth,Micro,Tech,Return as bullet points.,Udyam Certificate,True
69778b6f5dbe0abc9824630d,04d6241e-7bd5-4d06-a66b-12ae67b354b0,Stand-Up India,https://www.standupmitra.in/,Tamil Nadu,Growth,Micro,Tech,Return as bullet points.,Bank Statement,True
69778b6f5dbe0abc9824630e,91e82396-b5a9-40b1-aa01-8b48ec8deaa9,Stand-Up India,https://www.standupmitra.in/,Tamil Nadu,Growth,Micro,Tech,,GST Certificate,True
69778b6f5dbe0abc9824630f,cff7539e-e1d9-45d1-8e01-0fc0a7465424,Stand-Up India,https://www.standupmitra.in/,Tamil Nadu,Growth,Micro,Tech,,Udyam Certificate,True
69778b6f5dbe0abc98246310,c83edeae-e6c3-45fa-9cce-2c672079f1b5,Stand-Up India,https://www.standupmitra.in/,Tamil Nadu,Growth,Micro,Tech,,Bank Statement,True
69778b6f5dbe0abc98246311,731c7af3-7b35-458c-b8ad-623e142d4ff7,Stand-Up India,https://www.standupmitra.in/,Tamil Nadu,Growth,Micro,Tech,TEXT:,GST Certificate,True
69778b6f5dbe0abc98246312,4c7a7c5d-94e9-4fcb-8779-1dc8cda56f70,Stand-Up India,https://www.standupmitra.in/,Tamil Nadu,Growth,Micro,Tech,TEXT:,Udyam Certificate,True
69778b6f5dbe0abc98246313,e2425a29-d587-460b-a880-2e598c2b21ca,Stand-Up India,https://www.standupmitra.in/,Tamil Nadu,Growth,Micro,Tech,TEXT:,Bank Statement,True
69778b6f5dbe0abc98246314,ef63c282-74a9-4937-b8d0-e18f0ee1c97c,Stand-Up India,https://www.standupmitra.in/,Tamil Nadu,Growth,Micro,Tech,StandupIndia Login Applicaunt Login Applicaant Registration Other Users Home About Us Stand-Up India Scheme facilitate...,GST Certificate,True
69778b6f5dbe0abc98246315,ea519d1e-64b9-415c-94e8-74a2465bdb48,Stand-Up India,https://www.standupmitra.in/,Tamil Nadu,Growth,Micro,Tech,StandupIndia Login Applicaunt Login Applicaant Registration Other Users Home About Us Stand-Up India Scheme facilitate...,Udyam Certificate,True
69778b6f5dbe0abc98246316,bbd2afd8-84f1-473a-87bf-262316f5bb70,Stand-Up India,https://www.standupmitra.in/,Tamil Nadu,Growth,Micro,Tech,StandupIndia Login Applicaunt Login Applicaant Registration Other Users Home About Us Stand-Up India Scheme facilitate...,Bank Statement,True
69778b6f5dbe0abc98246317,4fdc93f6-59d2-4b6b-a6ce-2ad0efbd5a33,Stand-Up India,https://www.standupmitra.in/,Tamil Nadu,Growth,Micro,Tech,,GST Certificate,True
69778b6f5dbe0abc98246318,8dc73c12-c624-478f-a08b-0f74ea396c13,Stand-Up India,https://www.standupmitra.in/,Tamil Nadu,Growth,Micro,Tech,,Udyam Certificate,True
69778b6f5dbe0abc98246319,18a75fe7-3846-446c-9f5a-e709fa7843ab,Stand-Up India,https://www.standupmitra.in/,Tamil Nadu,Growth,Micro,Tech,,Bank Statement,True
69778b6f5dbe0abc9824631a,de154e83-2c7a-4a55-acb9-8e3ad604116d,Stand-Up India,https://www.standupmitra.in/,Tamil Nadu,Growth,Micro,Tech,"Communities Stand-up India Scheme facilitates bank loan between ₹10 lakhs and ₹1 crore for Applicants to establish a greenfield enterprise. The Borrower Type Loans to SC/ST and Women Entrepreneurs with at least 51% of the shareholding and controlling stake, either an SC/ST or woman entrepreneur. Salient Features:",GST Certificate,True
69778b6f5dbe0abc9824631b,224ba331-0176-455d-911a-fef00e3f4a1c,Stand-Up India,https://www.standupmitra.in/,Tamil Nadu,Growth,Micro,Tech,"Communities Stand-up India Scheme facilitates bank loan between ₹10 lakhs and ₹1 crore for Applicants to establish a greenfield enterprise. The Borrower Type Loans to SC/ST and Women Entrepreneurs with at least 51% of the shareholding and controlling stake, either an SC/ST or woman entrepreneur. Salient Features:",Udyam Certificate,True
69778b6f5dbe0abc9824631c,b942cd9e-6686-4231-8d44-d0d2e19dfd7b,Stand-Up India,https://www.standupmitra.in/,Tamil Nadu,Growth,Micro,Tech,"Communities Stand-up India Scheme facilitates bank loan between ₹10 lakhs and ₹1 crore for Applicants to establish a greenfield enterprise. The Borrower Type Loans to SC/ST and Women Entrepreneurs with at least 51% of the shareholding and controlling stake, either an SC/ST or woman entrepreneur. Salient Features:",Bank Statement,True
69778b6f5dbe0abc9824631d,f4fc8faa-d8fd-4a57-bff1-fad32445015c,Stand-Up India,https://www.standupmitra.in/,Tamil Nadu,Growth,Micro,Tech,- Loans of between ₹10 lakhs to ₹1 crore for Applicants.,GST Certificate,True
69778b6f5dbe0abc9824631e,20693c0a-d53d-455f-a863-2133d3fae799,Stand-Up India,https://www.standupmitra.in/,Tamil Nadu,Growth,Micro,Tech,- Loans of between ₹10 lakhs to ₹1 crore for Applicants.,Udyam Certificate,True
69778b6f5dbe0abc9824631f,316f9701-8250-4cd7-9110-8beee625c1b1,Stand-Up India,https://www.standupmitra.in/,Tamil Nadu,Growth,Micro,Tech,- Loans of between ₹10 lakhs to ₹1 crore for Applicants.,Bank Statement,True
69778b6f5dbe0abc98246320,a33fdef5-4c42-483c-ae06-93bf2da5fe46,Stand-Up India,https://www.standupmitra.in/,Tamil Nadu,Growth,Micro,Tech,- Enterprise loans for setting up a greenfield enterprise.,GST Certificate,True
69778b6f5dbe0abc98246321,c37a3f26-6999-41b5-9160-a2479921ccc0,Stand-Up India,https://www.standupmitra.in/,Tamil Nadu,Growth,Micro,Tech,- Enterprise loans for setting up a greenfield enterprise.,Udyam Certificate,True
69778b6f5dbe0abc98246322,9ac1e91d-c598-49b1-bb27-a5428c0df000,Stand-Up India,https://www.standupmitra.in/,Tamil Nadu,Growth,Micro,Tech,- Enterprise loans for setting up a greenfield enterprise.,Bank Statement,True
69778b6f5dbe0abc98246323,5463aa02-af30-432d-843e-767103fc85b7,Stand-Up India,https://www.standupmitra.in/,Tamil Nadu,Growth,Micro,Tech,- Loan size is from ₹10 lakhs to ₹1 crore.,GST Certificate,True
69778b6f5dbe0abc98246324,199801b4-bb33-4c26-a338-01923a2522bc,Stand-Up India,https://www.standupmitra.in/,Tamil Nadu,Growth,Micro,Tech,- Loan size is from ₹10 lakhs to ₹1 crore.,Udyam Certificate,True
69778b6f5dbe0abc98246325,ae561670-834a-4cf4-a9f9-2e61cd0aacaa,Stand-Up India,https://www.standupmitra.in/,Tamil Nadu,Growth,Micro,Tech,- Loan size is from ₹10 lakhs to ₹1 crore.,Bank Statement,True
69778b6f5dbe0abc98246326,9c3dc450-e7c1-44a9-913d-058e2a25fd5d,Stand-Up India,https://www.standupmitra.in/,Tamil Nadu,Growth,Micro,Tech,- Comprises a composite loan (including Term Loan and Working Capital).,GST Certificate,True
69778b6f5dbe0abc98246327,bfd260fb-c7a3-4c05-aa71-20529200dcee,Stand-Up India,https://www.standupmitra.in/,Tamil Nadu,Growth,Micro,Tech,- Comprises a composite loan (including Term Loan and Working Capital).,Udyam Certificate,True
69778b6f5dbe0abc98246328,21b61b5b-8615-49a2-a6a3-78fbfa5ae755,Stand-Up India,https://www.standupmitra.in/,Tamil Nadu,Growth,Micro,Tech,- Comprises a composite loan (including Term Loan and Working Capital).,Bank Statement,True
69778b6f5dbe0abc98246329,0acc6fd1-0a59-45ba-8136-136120b187a4,Stand-Up India,https://www.standupmitra.in/,Tamil Nadu,Growth,Micro,Tech,"- Key Elements: Stand-Up India Ecosystem, Promoter Contribution of 15%, Marginal Money security cover under Credit Guarantee Fund Scheme for Stand-Up India Loans (CGFSIL). Impact Stories:",GST Certificate,True
69778b6f5dbe0abc9824632a,8ac20d1a-c275-4973-9463-0be4103c877e,Stand-Up India,https://www.standupmitra.in/,Tamil Nadu,Growth,Micro,Tech,"- Key Elements: Stand-Up India Ecosystem, Promoter Contribution of 15%, Marginal Money security cover under Credit Guarantee Fund Scheme for Stand-Up India Loans (CGFSIL). Impact Stories:",Udyam Certificate,True
69778b6f5dbe0abc9824632b,0e01f2e3-2996-43b6-83ea-8a622f309d41,Stand-Up India,https://www.standupmitra.in/,Tamil Nadu,Growth,Micro,Tech,"- Key Elements: Stand-Up India Ecosystem, Promoter Contribution of 15%, Marginal Money security cover under Credit Guarantee Fund Scheme for Stand-Up India Loans (CGFSIL). Impact Stories:",Bank Statement,True
69778b6f5dbe0abc9824632c,6496c8c9-dd7f-4ad2-92b9-0033051d90af,Stand-Up India,https://www.standupmitra.in/,Tamil Nadu,Growth,Micro,Tech,"- Prometheus is the beneficiary under STAND UP INDIA loan scheme. She has been given a loan for setting up of an Optometric clinic with vision therapy as she is a low vision therapist. As per the promoteur, she can earn Rs.1 lakhs per month from the Optical Gallery cum Optometric Clinic, which has vision therapy - as a low vision specialist, and has been granted loan sanction by PNB, Anna Nagar Branch, Chennai.",GST Certificate,True
69778b6f5dbe0abc9824632d,00e97db2-5835-4d2c-b1c9-02f24d91f1cd,Stand-Up India,https://www.standupmitra.in/,Tamil Nadu,Growth,Micro,Tech,"- Prometheus is the beneficiary under STAND UP INDIA loan scheme. She has been given a loan for setting up of an Optometric clinic with vision therapy as she is a low vision therapist. As per the promoteur, she can earn Rs.1 lakhs per month from the Optical Gallery cum Optometric Clinic, which has vision therapy - as a low vision specialist, and has been granted loan sanction by PNB, Anna Nagar Branch, Chennai.",Udyam Certificate,True
69778b6f5dbe0abc9824632e,a7c78bad-93e4-422a-84e5-4ff44f98d9e9,Stand-Up India,https://www.standupmitra.in/,Tamil Nadu,Growth,Micro,Tech,"- Prometheus is the beneficiary under STAND UP INDIA loan scheme. She has been given a loan for setting up of an Optometric clinic with vision therapy as she is a low vision therapist. As per the promoteur, she can earn Rs.1 lakhs per month from the Optical Gallery cum Optometric Clinic, which has vision therapy - as a low vision specialist, and has been granted loan sanction by PNB, Anna Nagar Branch, Chennai.",Bank Statement,True
69778b6f5dbe0abc9824632f,47dd235b-19fa-483b-80bd-57d214b2ad05,Stand-Up India,https://www.standupmitra.in/,Tamil Nadu,Growth,Micro,Tech,"- Gaining experience from her father in law, the promoteur is able to stand alone as an optometrist after gaining experience from him. She has seen the website and learnt about the Anna Nagar branch extending STAND UP INDIA scheme and approached directly. According to the promoteur, she never dreamt of getting loan sanctioned in shortest time, which is why she is very happy and able to earn Rs.1 lakhs per month from the Optical Gallery cum Optometric Clinic, which has vision therapy - as a low v",GST Certificate,True
69778b6f5dbe0abc98246330,828dff96-c60e-4152-bf99-16593aa77ee3,Stand-Up India,https://www.standupmitra.in/,Tamil Nadu,Growth,Micro,Tech,"- Gaining experience from her father in law, the promoteur is able to stand alone as an optometrist after gaining experience from him. She has seen the website and learnt about the Anna Nagar branch extending STAND UP INDIA scheme and approached directly. According to the promoteur, she never dreamt of getting loan sanctioned in shortest time, which is why she is very happy and able to earn Rs.1 lakhs per month from the Optical Gallery cum Optometric Clinic, which has vision therapy - as a low v",Udyam Certificate,True
69778b6f5dbe0abc98246331,795be8d4-91e9-472a-a8b3-5f1afc4f34ea,Stand-Up India,https://www.standupmitra.in/,Tamil Nadu,Growth,Micro,Tech,"- Gaining experience from her father in law, the promoteur is able to stand alone as an optometrist after gaining experience from him. She has seen the website and learnt about the Anna Nagar branch extending STAND UP INDIA scheme and approached directly. According to the promoteur, she never dreamt of getting loan sanctioned in shortest time, which is why she is very happy and able to earn Rs.1 lakhs per month from the Optical Gallery cum Optometric Clinic, which has vision therapy - as a low v",Bank Statement,True
69778b6f5dbe0abc98246332,45260ca8-2950-44b5-b7ed-c5e31f853e74,Stand-Up India,https://www.standupmitra.in/,Tamil Nadu,Growth,Micro,Tech,,GST Certificate,True
69778b6f5dbe0abc98246333,4a8b4485-0498-442b-883b-0df8222d3ee1,Stand-Up India,https://www.standupmitra.in/,Tamil Nadu,Growth,Micro,Tech,,Udyam Certificate,True
69778b6f5dbe0abc98246334,7eccc3f2-2d60-4a75-8984-9a11f4df99f5,Stand-Up India,https://www.standupmitra.in/,Tamil Nadu,Growth,Micro,Tech,,Bank Statement,True
69778b6f5dbe0abc98246335,803aa7c9-9311-435c-9396-5bdee0899a59,Stand-Up India,https://www.standupmitra.in/,Tamil Nadu,Growth,Micro,Tech,,GST Certificate,True
69778b6f5dbe0abc98246336,c0958162-c7b3-4fc0-b920-308e71830480,Stand-Up India,https://www.standupmitra.in/,Tamil Nadu,Growth,Micro,Tech,,Udyam Certificate,True
69778b6f5dbe0abc98246337,83dea2be-e4a4-4cd0-aa80-814e90f67d51,Stand-Up India,https://www.standupmitra.in/,Tamil Nadu,Growth,Micro,Tech,,Bank Statement,True
69778b6f5dbe0abc98246338,3bdba34b-2218-4825-a604-4e26a5147f34,Stand-Up India,https://www.standupmitra.in/,Tamil Nadu,Growth,Micro,Agri,Extract:,GST Certificate,True
69778b6f5dbe0abc98246339,38af87fa-aece-496b-92c2-23a9469ce8f5,Stand-Up India,https://www.standupmitra.in/,Tamil Nadu,Growth,Micro,Agri,Extract:,Udyam Certificate,True
69778b6f5dbe0abc9824633a,0f60abf7-fb38-4b58-91d4-8b40e2379b8f,Stand-Up India,https://www.standupmitra.in/,Tamil Nadu,Growth,Micro,Agri,Extract:,Bank Statement,True
69778b6f5dbe0abc9824633b,c687f156-f8c4-4fae-87b7-a162e943532b,Stand-Up India,https://www.standupmitra.in/,Tamil Nadu,Growth,Micro,Agri,- Eligibility criteria,GST Certificate,True
69778b6f5dbe0abc9824633c,d1b199c7-9c8d-43b3-a84c-4f6a7d2cc0fe,Stand-Up India,https://www.standupmitra.in/,Tamil Nadu,Growth,Micro,Agri,- Eligibility criteria,Udyam Certificate,True
69778b6f5dbe0abc9824633d,f7d93894-29f3-4ac8-a48e-703fed4a7d72,Stand-Up India,https://www.standupmitra.in/,Tamil Nadu,Growth,Micro,Agri,- Eligibility criteria,Bank Statement,True
69778b6f5dbe0abc9824633e,ad7a251d-648d-4fe5-aa30-043b7c89947b,Stand-Up India,https://www.standupmitra.in/,Tamil Nadu,Growth,Micro,Agri,- Required documents,GST Certificate,True
69778b6f5dbe0abc9824633f,19ea16d4-0917-4702-8dac-43962b458a71,Stand-Up India,https://www.standupmitra.in/,Tamil Nadu,Growth,Micro,Agri,- Required documents,Udyam Certificate,True
69778b6f5dbe0abc98246340,53ec9593-2148-4af1-9bd8-4f54da1fcc2e,Stand-Up India,https://www.standupmitra.in/,Tamil Nadu,Growth,Micro,Agri,- Required documents,Bank Statement,True
69778b6f5dbe0abc98246341,8ae6141a-e3c8-4968-b545-35ed750ee546,Stand-Up India,https://www.standupmitra.in/,Tamil Nadu,Growth,Micro,Agri,Return as bullet points.,GST Certificate,True
69778b6f5dbe0abc98246342,366cdad7-2210-459a-b57d-fe77af25574c,Stand-Up India,https://www.standupmitra.in/,Tamil Nadu,Growth,Micro,Agri,Return as bullet points.,Udyam Certificate,True
69778b6f5dbe0abc98246343,c5ba321f-e0b5-468b-81f9-bff4fe92f1a3,Stand-Up India,https://www.standupmitra.in/,Tamil Nadu,Growth,Micro,Agri,Return as bullet points.,Bank Statement,True
69778b6f5dbe0abc98246344,05466f36-d532-4d07-84d8-d868fff473f0,Stand-Up India,https://www.standupmitra.in/,Tamil Nadu,Growth,Micro,Agri,,GST Certificate,True
69778b6f5dbe0abc98246345,75245141-1d13-4960-aaea-65039594df57,Stand-Up India,https://www.standupmitra.in/,Tamil Nadu,Growth,Micro,Agri,,Udyam Certificate,True
69778b6f5dbe0abc98246346,998079b9-4258-4fd2-9f99-6da1dcf45687,Stand-Up India,https://www.standupmitra.in/,Tamil Nadu,Growth,Micro,Agri,,Bank Statement,True
69778b6f5dbe0abc98246347,de4ffb47-d829-4367-bbd4-d7b1002b8228,Stand-Up India,https://www.standupmitra.in/,Tamil Nadu,Growth,Micro,Agri,TEXT:,GST Certificate,True
69778b6f5dbe0abc98246348,ead4aa22-9fd4-4bce-8f79-6890c32934c0,Stand-Up India,https://www.standupmitra.in/,Tamil Nadu,Growth,Micro,Agri,TEXT:,Udyam Certificate,True
69778b6f5dbe0abc98246349,4cffe5c0-113c-4647-9106-01966b266fff,Stand-Up India,https://www.standupmitra.in/,Tamil Nadu,Growth,Micro,Agri,TEXT:,Bank Statement,True
69778b6f5dbe0abc9824634a,f7d0d1d7-ae57-4e0a-989d-a8e4ae5e618c,Stand-Up India,https://www.standupmitra.in/,Tamil Nadu,Growth,Micro,Agri,StandupIndia Login Applicaunt Login Applicaant Registration Other Users Home About Us Stand-Up India Scheme facilitate...,GST Certificate,True
69778b6f5dbe0abc9824634b,b4947fd6-9ad0-4319-a59c-737fa4b13bf7,Stand-Up India,https://www.standupmitra.in/,Tamil Nadu,Growth,Micro,Agri,StandupIndia Login Applicaunt Login Applicaant Registration Other Users Home About Us Stand-Up India Scheme facilitate...,Udyam Certificate,True
69778b6f5dbe0abc9824634c,2a057258-bc92-4f11-97e0-3cefb611e5ce,Stand-Up India,https://www.standupmitra.in/,Tamil Nadu,Growth,Micro,Agri,StandupIndia Login Applicaunt Login Applicaant Registration Other Users Home About Us Stand-Up India Scheme facilitate...,Bank Statement,True
69778b6f5dbe0abc9824634d,49e45845-bb18-4b8f-89df-74c06bd89981,Stand-Up India,https://www.standupmitra.in/,Tamil Nadu,Growth,Micro,Agri,,GST Certificate,True
69778b6f5dbe0abc9824634e,d84aa300-fb57-4c91-b46d-dce5360f2e42,Stand-Up India,https://www.standupmitra.in/,Tamil Nadu,Growth,Micro,Agri,,Udyam Certificate,True
69778b6f5dbe0abc9824634f,3eebea22-40f9-4e06-b9a3-f94581691727,Stand-Up India,https://www.standupmitra.in/,Tamil Nadu,Growth,Micro,Agri,,Bank Statement,True
69778b6f5dbe0abc98246350,e3c120da-92af-43f7-a7bb-dc55a3f28381,Stand-Up India,https://www.standupmitra.in/,Tamil Nadu,Growth,Micro,Agri,"Communities Stand-up India Scheme facilitates bank loan between ₹10 lakhs and ₹1 crore for Applicants to establish a greenfield enterprise. The Borrower Type Loans to SC/ST and Women Entrepreneurs with at least 51% of the shareholding and controlling stake, either an SC/ST or woman entrepreneur. Salient Features:",GST Certificate,True
69778b6f5dbe0abc98246351,2fb93405-66cf-4a95-93d7-a833ce81d3ac,Stand-Up India,https://www.standupmitra.in/,Tamil Nadu,Growth,Micro,Agri,"Communities Stand-up India Scheme facilitates bank loan between ₹10 lakhs and ₹1 crore for Applicants to establish a greenfield enterprise. The Borrower Type Loans to SC/ST and Women Entrepreneurs with at least 51% of the shareholding and controlling stake, either an SC/ST or woman entrepreneur. Salient Features:",Udyam Certificate,True
69778b6f5dbe0abc98246352,0a3db193-6ee5-49c8-a3a1-4514ceb96583,Stand-Up India,https://www.standupmitra.in/,Tamil Nadu,Growth,Micro,Agri,"Communities Stand-up India Scheme facilitates bank loan between ₹10 lakhs and ₹1 crore for Applicants to establish a greenfield enterprise. The Borrower Type Loans to SC/ST and Women Entrepreneurs with at least 51% of the shareholding and controlling stake, either an SC/ST or woman entrepreneur. Salient Features:",Bank Statement,True
69778b6f5dbe0abc98246353,a5615898-80f4-41e0-b4a4-5f4bba402887,Stand-Up India,https://www.standupmitra.in/,Tamil Nadu,Growth,Micro,Agri,- Loans of between ₹10 lakhs to ₹1 crore for Applicants.,GST Certificate,True
69778b6f5dbe0abc98246354,4de1dc98-6115-4ea1-8ae1-eceea9354d95,Stand-Up India,https://www.standupmitra.in/,Tamil Nadu,Growth,Micro,Agri,- Loans of between ₹10 lakhs to ₹1 crore for Applicants.,Udyam Certificate,True
69778b6f5dbe0abc98246355,23cd74f4-01d0-47b6-aa54-02d80f7c08a3,Stand-Up India,https://www.standupmitra.in/,Tamil Nadu,Growth,Micro,Agri,- Loans of between ₹10 lakhs to ₹1 crore for Applicants.,Bank Statement,True
69778b6f5dbe0abc98246356,200c21ed-65d4-4be7-b856-5f66550799ac,Stand-Up India,https://www.standupmitra.in/,Tamil Nadu,Growth,Micro,Agri,- Enterprise loans for setting up a greenfield enterprise.,GST Certificate,True
69778b6f5dbe0abc98246357,2b00af69-98a6-4d3e-9696-21a163bffdd7,Stand-Up India,https://www.standupmitra.in/,Tamil Nadu,Growth,Micro,Agri,- Enterprise loans for setting up a greenfield enterprise.,Udyam Certificate,True
69778b6f5dbe0abc98246358,e2f0f587-2c4e-46e7-bab5-2964a7ef60c8,Stand-Up India,https://www.standupmitra.in/,Tamil Nadu,Growth,Micro,Agri,- Enterprise loans for setting up a greenfield enterprise.,Bank Statement,True
69778b6f5dbe0abc98246359,bb8bb4ab-c005-4ec4-a241-1cc62ebcb8ea,Stand-Up India,https://www.standupmitra.in/,Tamil Nadu,Growth,Micro,Agri,- Loan size is from ₹10 lakhs to ₹1 crore.,GST Certificate,True
69778b6f5dbe0abc9824635a,9aefbcd8-b868-4635-ae29-1d3a5523946c,Stand-Up India,https://www.standupmitra.in/,Tamil Nadu,Growth,Micro,Agri,- Loan size is from ₹10 lakhs to ₹1 crore.,Udyam Certificate,True
69778b6f5dbe0abc9824635b,820a725a-7889-4b02-850b-06d00d5f07ef,Stand-Up India,https://www.standupmitra.in/,Tamil Nadu,Growth,Micro,Agri,- Loan size is from ₹10 lakhs to ₹1 crore.,Bank Statement,True
69778b6f5dbe0abc9824635c,7b8eee94-a6a6-417c-b789-ac763a811326,Stand-Up India,https://www.standupmitra.in/,Tamil Nadu,Growth,Micro,Agri,- Comprises a composite loan (including Term Loan and Working Capital).,GST Certificate,True
69778b6f5dbe0abc9824635d,cb603cab-067b-49e8-b87d-a69e1a6288bd,Stand-Up India,https://www.standupmitra.in/,Tamil Nadu,Growth,Micro,Agri,- Comprises a composite loan (including Term Loan and Working Capital).,Udyam Certificate,True
69778b6f5dbe0abc9824635e,62bb0357-9264-4c59-abd0-1a1ef563e480,Stand-Up India,https://www.standupmitra.in/,Tamil Nadu,Growth,Micro,Agri,- Comprises a composite loan (including Term Loan and Working Capital).,Bank Statement,True
69778b6f5dbe0abc9824635f,99f92c31-cc16-4b04-a15f-eb159d2877c4,Stand-Up India,https://www.standupmitra.in/,Tamil Nadu,Growth,Micro,Agri,"- Key Elements: Stand-Up India Ecosystem, Promoter Contribution of 15%, Marginal Money security cover under Credit Guarantee Fund Scheme for Stand-Up India Loans (CGFSIL). Impact Stories:",GST Certificate,True
69778b6f5dbe0abc98246360,603749f0-b351-4987-ba45-e04f60b33004,Stand-Up India,https://www.standupmitra.in/,Tamil Nadu,Growth,Micro,Agri,"- Key Elements: Stand-Up India Ecosystem, Promoter Contribution of 15%, Marginal Money security cover under Credit Guarantee Fund Scheme for Stand-Up India Loans (CGFSIL). Impact Stories:",Udyam Certificate,True
69778b6f5dbe0abc98246361,ae50933f-de54-4f24-84ce-6331918a236a,Stand-Up India,https://www.standupmitra.in/,Tamil Nadu,Growth,Micro,Agri,"- Key Elements: Stand-Up India Ecosystem, Promoter Contribution of 15%, Marginal Money security cover under Credit Guarantee Fund Scheme for Stand-Up India Loans (CGFSIL). Impact Stories:",Bank Statement,True
69778b6f5dbe0abc98246362,75fe470e-0ec7-422a-97af-6c4161048b7c,Stand-Up India,https://www.standupmitra.in/,Tamil Nadu,Growth,Micro,Agri,"- Prometheus is the beneficiary under STAND UP INDIA loan scheme. She has been given a loan for setting up of an Optometric clinic with vision therapy as she is a low vision therapist. As per the promoteur, she can earn Rs.1 lakhs per month from the Optical Gallery cum Optometric Clinic, which has vision therapy - as a low vision specialist, and has been granted loan sanction by PNB, Anna Nagar Branch, Chennai.",GST Certificate,True
69778b6f5dbe0abc98246363,e80027ef-86fe-4b2b-8ccd-fedc63274f8a,Stand-Up India,https://www.standupmitra.in/,Tamil Nadu,Growth,Micro,Agri,"- Prometheus is the beneficiary under STAND UP INDIA loan scheme. She has been given a loan for setting up of an Optometric clinic with vision therapy as she is a low vision therapist. As per the promoteur, she can earn Rs.1 lakhs per month from the Optical Gallery cum Optometric Clinic, which has vision therapy - as a low vision specialist, and has been granted loan sanction by PNB, Anna Nagar Branch, Chennai.",Udyam Certificate,True
69778b6f5dbe0abc98246364,4e358d2f-0312-48b2-bde7-88403b95093f,Stand-Up India,https://www.standupmitra.in/,Tamil Nadu,Growth,Micro,Agri,"- Prometheus is the beneficiary under STAND UP INDIA loan scheme. She has been given a loan for setting up of an Optometric clinic with vision therapy as she is a low vision therapist. As per the promoteur, she can earn Rs.1 lakhs per month from the Optical Gallery cum Optometric Clinic, which has vision therapy - as a low vision specialist, and has been granted loan sanction by PNB, Anna Nagar Branch, Chennai.",Bank Statement,True
69778b6f5dbe0abc98246365,77b0976d-c047-440a-a3c3-1466aa89fdb6,Stand-Up India,https://www.standupmitra.in/,Tamil Nadu,Growth,Micro,Agri,"- Gaining experience from her father in law, the promoteur is able to stand alone as an optometrist after gaining experience from him. She has seen the website and learnt about the Anna Nagar branch extending STAND UP INDIA scheme and approached directly. According to the promoteur, she never dreamt of getting loan sanctioned in shortest time, which is why she is very happy and able to earn Rs.1 lakhs per month from the Optical Gallery cum Optometric Clinic, which has vision therapy - as a low v",GST Certificate,True
69778b6f5dbe0abc98246366,30766def-5c5b-4535-842f-39fc90bd642f,Stand-Up India,https://www.standupmitra.in/,Tamil Nadu,Growth,Micro,Agri,"- Gaining experience from her father in law, the promoteur is able to stand alone as an optometrist after gaining experience from him. She has seen the website and learnt about the Anna Nagar branch extending STAND UP INDIA scheme and approached directly. According to the promoteur, she never dreamt of getting loan sanctioned in shortest time, which is why she is very happy and able to earn Rs.1 lakhs per month from the Optical Gallery cum Optometric Clinic, which has vision therapy - as a low v",Udyam Certificate,True
69778b6f5dbe0abc98246367,a1ea8231-81cc-45f7-8e69-fca0723ddbc0,Stand-Up India,https://www.standupmitra.in/,Tamil Nadu,Growth,Micro,Agri,"- Gaining experience from her father in law, the promoteur is able to stand alone as an optometrist after gaining experience from him. She has seen the website and learnt about the Anna Nagar branch extending STAND UP INDIA scheme and approached directly. According to the promoteur, she never dreamt of getting loan sanctioned in shortest time, which is why she is very happy and able to earn Rs.1 lakhs per month from the Optical Gallery cum Optometric Clinic, which has vision therapy - as a low v",Bank Statement,True
69778b6f5dbe0abc98246368,3c969d0a-a970-4e80-b28d-65c8897638e6,Stand-Up India,https://www.standupmitra.in/,Tamil Nadu,Growth,Micro,Agri,,GST Certificate,True
69778b6f5dbe0abc98246369,1da660c2-a585-4ae1-b7ca-f44ce14e864e,Stand-Up India,https://www.standupmitra.in/,Tamil Nadu,Growth,Micro,Agri,,Udyam Certificate,True
69778b6f5dbe0abc9824636a,20d5569d-a0d1-4b79-8400-1a689d282064,Stand-Up India,https://www.standupmitra.in/,Tamil Nadu,Growth,Micro,Agri,,Bank Statement,True
69778b6f5dbe0abc9824636b,ad7cce3d-c313-42dc-b0ee-38d7d506fb73,Stand-Up India,https://www.standupmitra.in/,Tamil Nadu,Growth,Micro,Agri,,GST Certificate,True
69778b6f5dbe0abc9824636c,3bb6b852-534e-4af8-866c-41887639a600,Stand-Up India,https://www.standupmitra.in/,Tamil Nadu,Growth,Micro,Agri,,Udyam Certificate,True
69778b6f5dbe0abc9824636d,d2b07c97-092e-409f-9930-c08168fe1f1b,Stand-Up India,https://www.standupmitra.in/,Tamil Nadu,Growth,Micro,Agri,,Bank Statement,True
69778b6f5dbe0abc9824636e,0cbb0ca0-229d-4142-9778-de33cf5ae7a0,Stand-Up India,https://www.standupmitra.in/,Tamil Nadu,Growth,Small,Manufacturing,Extract:,GST Certificate,True
69778b6f5dbe0abc9824636f,8d18e8df-1c76-4fe0-a5d3-96beeb7c60bc,Stand-Up India,https://www.standupmitra.in/,Tamil Nadu,Growth,Small,Manufacturing,Extract:,Udyam Certificate,True
69778b6f5dbe0abc98246370,c648b21e-e2d1-4bf9-afb5-650db449fe8a,Stand-Up India,https://www.standupmitra.in/,Tamil Nadu,Growth,Small,Manufacturing,Extract:,Bank Statement,True
69778b6f5dbe0abc98246371,73528209-7d67-45d7-ac54-dbd91cbff812,Stand-Up India,https://www.standupmitra.in/,Tamil Nadu,Growth,Small,Manufacturing,- Eligibility criteria,GST Certificate,True
69778b6f5dbe0abc98246372,86725a31-0152-4140-a1f5-d42384c69dc9,Stand-Up India,https://www.standupmitra.in/,Tamil Nadu,Growth,Small,Manufacturing,- Eligibility criteria,Udyam Certificate,True
69778b6f5dbe0abc98246373,97f357c4-d849-4c52-a7f5-5550d1f065af,Stand-Up India,https://www.standupmitra.in/,Tamil Nadu,Growth,Small,Manufacturing,- Eligibility criteria,Bank Statement,True
69778b6f5dbe0abc98246374,e485e158-2500-4d38-87a3-46aea6b2c85c,Stand-Up India,https://www.standupmitra.in/,Tamil Nadu,Growth,Small,Manufacturing,- Required documents,GST Certificate,True
69778b6f5dbe0abc98246375,3178caf1-8401-4582-8d9d-250ae8bafe39,Stand-Up India,https://www.standupmitra.in/,Tamil Nadu,Growth,Small,Manufacturing,- Required documents,Udyam Certificate,True
69778b6f5dbe0abc98246376,cb79f198-7e83-4395-8aba-d36ff6a7fce0,Stand-Up India,https://www.standupmitra.in/,Tamil Nadu,Growth,Small,Manufacturing,- Required documents,Bank Statement,True
69778b6f5dbe0abc98246377,f5a1d7ab-7190-465c-b971-7b447079aa24,Stand-Up India,https://www.standupmitra.in/,Tamil Nadu,Growth,Small,Manufacturing,Return as bullet points.,GST Certificate,True
69778b6f5dbe0abc98246378,3e3beba8-96f0-4d09-8cf8-1fd2b5a7ed51,Stand-Up India,https://www.standupmitra.in/,Tamil Nadu,Growth,Small,Manufacturing,Return as bullet points.,Udyam Certificate,True
69778b6f5dbe0abc98246379,40cdd214-8164-4914-93a9-7dd238242f0d,Stand-Up India,https://www.standupmitra.in/,Tamil Nadu,Growth,Small,Manufacturing,Return as bullet points.,Bank Statement,True
69778b6f5dbe0abc9824637a,689c739d-22bc-40e8-984b-865c7845ec07,Stand-Up India,https://www.standupmitra.in/,Tamil Nadu,Growth,Small,Manufacturing,,GST Certificate,True
69778b6f5dbe0abc9824637b,6a5b9570-0e90-4c40-abce-8ffa2ed68e46,Stand-Up India,https://www.standupmitra.in/,Tamil Nadu,Growth,Small,Manufacturing,,Udyam Certificate,True
69778b6f5dbe0abc9824637c,0dfe48ac-f89d-464c-b90b-0cd2f378fda4,Stand-Up India,https://www.standupmitra.in/,Tamil Nadu,Growth,Small,Manufacturing,,Bank Statement,True
69778b6f5dbe0abc9824637d,192fc117-f364-4bb2-a3ed-2bac81ff8f49,Stand-Up India,https://www.standupmitra.in/,Tamil Nadu,Growth,Small,Manufacturing,TEXT:,GST Certificate,True
69778b6f5dbe0abc9824637e,af58f89d-a00b-485e-9498-faa46c97b746,Stand-Up India,https://www.standupmitra.in/,Tamil Nadu,Growth,Small,Manufacturing,TEXT:,Udyam Certificate,True
69778b6f5dbe0abc9824637f,4529460f-87ac-4ab3-b7b1-6034b7f26993,Stand-Up India,https://www.standupmitra.in/,Tamil Nadu,Growth,Small,Manufacturing,TEXT:,Bank Statement,True
69778b6f5dbe0abc98246380,d5929d80-057d-4d8d-ab87-6253fac8d7e1,Stand-Up India,https://www.standupmitra.in/,Tamil Nadu,Growth,Small,Manufacturing,StandupIndia Login Applicaunt Login Applicaant Registration Other Users Home About Us Stand-Up India Scheme facilitate...,GST Certificate,True
69778b6f5dbe0abc98246381,7ccec54d-dbe4-4bcb-9074-f3a19ca2f79e,Stand-Up India,https://www.standupmitra.in/,Tamil Nadu,Growth,Small,Manufacturing,StandupIndia Login Applicaunt Login Applicaant Registration Other Users Home About Us Stand-Up India Scheme facilitate...,Udyam Certificate,True
69778b6f5dbe0abc98246382,9031e571-bb21-43c6-a3a8-818b1073b43d,Stand-Up India,https://www.standupmitra.in/,Tamil Nadu,Growth,Small,Manufacturing,StandupIndia Login Applicaunt Login Applicaant Registration Other Users Home About Us Stand-Up India Scheme facilitate...,Bank Statement,True
69778b6f5dbe0abc98246383,5b0880d0-d071-440b-8f3c-ad646391b19b,Stand-Up India,https://www.standupmitra.in/,Tamil Nadu,Growth,Small,Manufacturing,,GST Certificate,True
69778b6f5dbe0abc98246384,ed37d620-9983-4fb5-9bd1-076f17de3703,Stand-Up India,https://www.standupmitra.in/,Tamil Nadu,Growth,Small,Manufacturing,,Udyam Certificate,True
69778b6f5dbe0abc98246385,38fbce0e-c750-4c17-a682-d4e040f8b113,Stand-Up India,https://www.standupmitra.in/,Tamil Nadu,Growth,Small,Manufacturing,,Bank Statement,True
69778b6f5dbe0abc98246386,8c4f0575-6874-4174-8fb8-0c6aac291fd1,Stand-Up India,https://www.standupmitra.in/,Tamil Nadu,Growth,Small,Manufacturing,"Communities Stand-up India Scheme facilitates bank loan between ₹10 lakhs and ₹1 crore for Applicants to establish a greenfield enterprise. The Borrower Type Loans to SC/ST and Women Entrepreneurs with at least 51% of the shareholding and controlling stake, either an SC/ST or woman entrepreneur. Salient Features:",GST Certificate,True
69778b6f5dbe0abc98246387,e8cc2063-ca3e-4196-8228-9ce6f2c82a91,Stand-Up India,https://www.standupmitra.in/,Tamil Nadu,Growth,Small,Manufacturing,"Communities Stand-up India Scheme facilitates bank loan between ₹10 lakhs and ₹1 crore for Applicants to establish a greenfield enterprise. The Borrower Type Loans to SC/ST and Women Entrepreneurs with at least 51% of the shareholding and controlling stake, either an SC/ST or woman entrepreneur. Salient Features:",Udyam Certificate,True
69778b6f5dbe0abc98246388,c7ae615a-ef27-493a-b6a5-6fab8e911c55,Stand-Up India,https://www.standupmitra.in/,Tamil Nadu,Growth,Small,Manufacturing,"Communities Stand-up India Scheme facilitates bank loan between ₹10 lakhs and ₹1 crore for Applicants to establish a greenfield enterprise. The Borrower Type Loans to SC/ST and Women Entrepreneurs with at least 51% of the shareholding and controlling stake, either an SC/ST or woman entrepreneur. Salient Features:",Bank Statement,True
69778b6f5dbe0abc98246389,7b640781-9aa2-4c9b-bfb8-12147ad60772,Stand-Up India,https://www.standupmitra.in/,Tamil Nadu,Growth,Small,Manufacturing,- Loans of between ₹10 lakhs to ₹1 crore for Applicants.,GST Certificate,True
69778b6f5dbe0abc9824638a,e095f2d4-b8a6-406d-a0ff-1dfe0c0e7593,Stand-Up India,https://www.standupmitra.in/,Tamil Nadu,Growth,Small,Manufacturing,- Loans of between ₹10 lakhs to ₹1 crore for Applicants.,Udyam Certificate,True
69778b6f5dbe0abc9824638b,9acf0e75-5d58-455c-813c-6165f0abd898,Stand-Up India,https://www.standupmitra.in/,Tamil Nadu,Growth,Small,Manufacturing,- Loans of between ₹10 lakhs to ₹1 crore for Applicants.,Bank Statement,True
69778b6f5dbe0abc9824638c,3298b4a4-21d1-4ce8-993b-23175773a98a,Stand-Up India,https://www.standupmitra.in/,Tamil Nadu,Growth,Small,Manufacturing,- Enterprise loans for setting up a greenfield enterprise.,GST Certificate,True
69778b6f5dbe0abc9824638d,e2f2e96c-a61e-4b49-935f-3c2858d2b730,Stand-Up India,https://www.standupmitra.in/,Tamil Nadu,Growth,Small,Manufacturing,- Enterprise loans for setting up a greenfield enterprise.,Udyam Certificate,True
69778b6f5dbe0abc9824638e,e7761f58-3af5-4f7c-a400-22ec3d671a06,Stand-Up India,https://www.standupmitra.in/,Tamil Nadu,Growth,Small,Manufacturing,- Enterprise loans for setting up a greenfield enterprise.,Bank Statement,True
69778b6f5dbe0abc9824638f,a4a6b792-18fb-404c-a9fa-6d96294df56a,Stand-Up India,https://www.standupmitra.in/,Tamil Nadu,Growth,Small,Manufacturing,- Loan size is from ₹10 lakhs to ₹1 crore.,GST Certificate,True
69778b6f5dbe0abc98246390,bbf20205-d71f-4413-ae36-5cb2dd78ab5d,Stand-Up India,https://www.standupmitra.in/,Tamil Nadu,Growth,Small,Manufacturing,- Loan size is from ₹10 lakhs to ₹1 crore.,Udyam Certificate,True
69778b6f5dbe0abc98246391,4fbf5f28-1c0f-4c14-9098-9505d9dd9e4a,Stand-Up India,https://www.standupmitra.in/,Tamil Nadu,Growth,Small,Manufacturing,- Loan size is from ₹10 lakhs to ₹1 crore.,Bank Statement,True
69778b6f5dbe0abc98246392,ffd76674-2e35-4610-a2a4-0d292d37b4c1,Stand-Up India,https://www.standupmitra.in/,Tamil Nadu,Growth,Small,Manufacturing,- Comprises a composite loan (including Term Loan and Working Capital).,GST Certificate,True
69778b6f5dbe0abc98246393,a877f6f7-5868-4b3a-a2ae-ba2daeca8137,Stand-Up India,https://www.standupmitra.in/,Tamil Nadu,Growth,Small,Manufacturing,- Comprises a composite loan (including Term Loan and Working Capital).,Udyam Certificate,True
69778b6f5dbe0abc98246394,0fa8f597-e443-4cc7-9945-96518b3a4618,Stand-Up India,https://www.standupmitra.in/,Tamil Nadu,Growth,Small,Manufacturing,- Comprises a composite loan (including Term Loan and Working Capital).,Bank Statement,True
69778b6f5dbe0abc98246395,84576687-4dcb-4c39-993b-3da63150d2d1,Stand-Up India,https://www.standupmitra.in/,Tamil Nadu,Growth,Small,Manufacturing,"- Key Elements: Stand-Up India Ecosystem, Promoter Contribution of 15%, Marginal Money security cover under Credit Guarantee Fund Scheme for Stand-Up India Loans (CGFSIL). Impact Stories:",GST Certificate,True
69778b6f5dbe0abc98246396,8fc857a3-6753-4e5c-9781-678bf7c7f47c,Stand-Up India,https://www.standupmitra.in/,Tamil Nadu,Growth,Small,Manufacturing,"- Key Elements: Stand-Up India Ecosystem, Promoter Contribution of 15%, Marginal Money security cover under Credit Guarantee Fund Scheme for Stand-Up India Loans (CGFSIL). Impact Stories:",Udyam Certificate,True
69778b6f5dbe0abc98246397,c3c4246a-c262-402b-b681-c237b7d3d706,Stand-Up India,https://www.standupmitra.in/,Tamil Nadu,Growth,Small,Manufacturing,"- Key Elements: Stand-Up India Ecosystem, Promoter Contribution of 15%, Marginal Money security cover under Credit Guarantee Fund Scheme for Stand-Up India Loans (CGFSIL). Impact Stories:",Bank Statement,True
69778b6f5dbe0abc98246398,1d1a6485-8645-42b7-b789-7011fb27e4ef,Stand-Up India,https://www.standupmitra.in/,Tamil Nadu,Growth,Small,Manufacturing,"- Prometheus is the beneficiary under STAND UP INDIA loan scheme. She has been given a loan for setting up of an Optometric clinic with vision therapy as she is a low vision therapist. As per the promoteur, she can earn Rs.1 lakhs per month from the Optical Gallery cum Optometric Clinic, which has vision therapy - as a low vision specialist, and has been granted loan sanction by PNB, Anna Nagar Branch, Chennai.",GST Certificate,True
69778b6f5dbe0abc98246399,a529aa07-7e2e-4a45-9227-4ecacf1b4a19,Stand-Up India,https://www.standupmitra.in/,Tamil Nadu,Growth,Small,Manufacturing,"- Prometheus is the beneficiary under STAND UP INDIA loan scheme. She has been given a loan for setting up of an Optometric clinic with vision therapy as she is a low vision therapist. As per the promoteur, she can earn Rs.1 lakhs per month from the Optical Gallery cum Optometric Clinic, which has vision therapy - as a low vision specialist, and has been granted loan sanction by PNB, Anna Nagar Branch, Chennai.",Udyam Certificate,True
69778b6f5dbe0abc9824639a,3963acc1-35bf-410f-a809-d860ed9790c6,Stand-Up India,https://www.standupmitra.in/,Tamil Nadu,Growth,Small,Manufacturing,"- Prometheus is the beneficiary under STAND UP INDIA loan scheme. She has been given a loan for setting up of an Optometric clinic with vision therapy as she is a low vision therapist. As per the promoteur, she can earn Rs.1 lakhs per month from the Optical Gallery cum Optometric Clinic, which has vision therapy - as a low vision specialist, and has been granted loan sanction by PNB, Anna Nagar Branch, Chennai.",Bank Statement,True
69778b6f5dbe0abc9824639b,eb11b38e-a637-4f03-8efc-eb0b07702b25,Stand-Up India,https://www.standupmitra.in/,Tamil Nadu,Growth,Small,Manufacturing,"- Gaining experience from her father in law, the promoteur is able to stand alone as an optometrist after gaining experience from him. She has seen the website and learnt about the Anna Nagar branch extending STAND UP INDIA scheme and approached directly. According to the promoteur, she never dreamt of getting loan sanctioned in shortest time, which is why she is very happy and able to earn Rs.1 lakhs per month from the Optical Gallery cum Optometric Clinic, which has vision therapy - as a low v",GST Certificate,True
69778b6f5dbe0abc9824639c,a6badd31-0b81-402f-8449-0932835b684b,Stand-Up India,https://www.standupmitra.in/,Tamil Nadu,Growth,Small,Manufacturing,"- Gaining experience from her father in law, the promoteur is able to stand alone as an optometrist after gaining experience from him. She has seen the website and learnt about the Anna Nagar branch extending STAND UP INDIA scheme and approached directly. According to the promoteur, she never dreamt of getting loan sanctioned in shortest time, which is why she is very happy and able to earn Rs.1 lakhs per month from the Optical Gallery cum Optometric Clinic, which has vision therapy - as a low v",Udyam Certificate,True
69778b6f5dbe0abc9824639d,7762e2e5-5a3d-4f77-976e-6f62e7c7d05e,Stand-Up India,https://www.standupmitra.in/,Tamil Nadu,Growth,Small,Manufacturing,"- Gaining experience from her father in law, the promoteur is able to stand alone as an optometrist after gaining experience from him. She has seen the website and learnt about the Anna Nagar branch extending STAND UP INDIA scheme and approached directly. According to the promoteur, she never dreamt of getting loan sanctioned in shortest time, which is why she is very happy and able to earn Rs.1 lakhs per month from the Optical Gallery cum Optometric Clinic, which has vision therapy - as a low v",Bank Statement,True
69778b6f5dbe0abc9824639e,e8cdc078-5e34-436d-bcd7-9d75effb7656,Stand-Up India,https://www.standupmitra.in/,Tamil Nadu,Growth,Small,Manufacturing,,GST Certificate,True
69778b6f5dbe0abc9824639f,2df7f66f-0877-43a3-b96e-6c5e0c3ebb47,Stand-Up India,https://www.standupmitra.in/,Tamil Nadu,Growth,Small,Manufacturing,,Udyam Certificate,True
69778b6f5dbe0abc982463a0,427e4bf9-093c-45c7-b185-3c49d84ac7fc,Stand-Up India,https://www.standupmitra.in/,Tamil Nadu,Growth,Small,Manufacturing,,Bank Statement,True
69778b6f5dbe0abc982463a1,ffb7855f-efa0-46cc-babf-dd91136b4261,Stand-Up India,https://www.standupmitra.in/,Tamil Nadu,Growth,Small,Manufacturing,,GST Certificate,True
69778b6f5dbe0abc982463a2,b39d6466-8976-4182-8c2c-ea11172974bc,Stand-Up India,https://www.standupmitra.in/,Tamil Nadu,Growth,Small,Manufacturing,,Udyam Certificate,True
69778b6f5dbe0abc982463a3,11c3103a-1c8a-4267-84a4-cf0d34edf3e0,Stand-Up India,https://www.standupmitra.in/,Tamil Nadu,Growth,Small,Manufacturing,,Bank Statement,True
69778b6f5dbe0abc982463a4,3b1c51ab-8a86-4df3-96c4-e2039aa8d229,Stand-Up India,https://www.standupmitra.in/,Tamil Nadu,Growth,Small,Service,Extract:,GST Certificate,True
69778b6f5dbe0abc982463a5,ac1d8280-f0f6-401b-90b7-1cf54596c9a9,Stand-Up India,https://www.standupmitra.in/,Tamil Nadu,Growth,Small,Service,Extract:,Udyam Certificate,True
69778b6f5dbe0abc982463a6,2770a4bb-9225-4bf1-8303-37db4359dab9,Stand-Up India,https://www.standupmitra.in/,Tamil Nadu,Growth,Small,Service,Extract:,Bank Statement,True
69778b6f5dbe0abc982463a7,5ac6bf88-c55c-41bf-baa9-43644563b044,Stand-Up India,https://www.standupmitra.in/,Tamil Nadu,Growth,Small,Service,- Eligibility criteria,GST Certificate,True
69778b6f5dbe0abc982463a8,4f7297f3-4ac7-44b2-80b2-d38fccdb6795,Stand-Up India,https://www.standupmitra.in/,Tamil Nadu,Growth,Small,Service,- Eligibility criteria,Udyam Certificate,True
69778b6f5dbe0abc982463a9,000815a0-6c01-4398-9b19-26f97e22450b,Stand-Up India,https://www.standupmitra.in/,Tamil Nadu,Growth,Small,Service,- Eligibility criteria,Bank Statement,True
69778b6f5dbe0abc982463aa,3d6223e8-fc4e-4cae-b6e1-d2bb2102cc66,Stand-Up India,https://www.standupmitra.in/,Tamil Nadu,Growth,Small,Service,- Required documents,GST Certificate,True
69778b6f5dbe0abc982463ab,ffbb59dc-fed4-4a7d-8f67-3805c6056396,Stand-Up India,https://www.standupmitra.in/,Tamil Nadu,Growth,Small,Service,- Required documents,Udyam Certificate,True
69778b6f5dbe0abc982463ac,7e440e5c-6bb2-4e4f-a9ee-e0fc56bee9ae,Stand-Up India,https://www.standupmitra.in/,Tamil Nadu,Growth,Small,Service,- Required documents,Bank Statement,True
69778b6f5dbe0abc982463ad,676adc98-824c-4d27-960a-68b04f00e6da,Stand-Up India,https://www.standupmitra.in/,Tamil Nadu,Growth,Small,Service,Return as bullet points.,GST Certificate,True
69778b6f5dbe0abc982463ae,a9e225c3-adbe-4bcd-8ed5-fc4153322f4a,Stand-Up India,https://www.standupmitra.in/,Tamil Nadu,Growth,Small,Service,Return as bullet points.,Udyam Certificate,True
69778b6f5dbe0abc982463af,b3ba48b4-6da2-467a-83fd-7a4eac5ff512,Stand-Up India,https://www.standupmitra.in/,Tamil Nadu,Growth,Small,Service,Return as bullet points.,Bank Statement,True
69778b6f5dbe0abc982463b0,bfb3d1b1-89c1-45a8-84d3-5cbb361a6c15,Stand-Up India,https://www.standupmitra.in/,Tamil Nadu,Growth,Small,Service,,GST Certificate,True
69778b6f5dbe0abc982463b1,d4e04d89-70cc-4f20-bbd9-c365f3f4b47c,Stand-Up India,https://www.standupmitra.in/,Tamil Nadu,Growth,Small,Service,,Udyam Certificate,True
69778b6f5dbe0abc982463b2,50cbfd29-372c-4b92-9e43-4c38741bfbb2,Stand-Up India,https://www.standupmitra.in/,Tamil Nadu,Growth,Small,Service,,Bank Statement,True
69778b6f5dbe0abc982463b3,e725d148-fcb9-4b46-aa86-aa8eeefd527b,Stand-Up India,https://www.standupmitra.in/,Tamil Nadu,Growth,Small,Service,TEXT:,GST Certificate,True
69778b6f5dbe0abc982463b4,c8745fe6-4a08-4c02-b917-dda6fdceebd0,Stand-Up India,https://www.standupmitra.in/,Tamil Nadu,Growth,Small,Service,TEXT:,Udyam Certificate,True
69778b6f5dbe0abc982463b5,742af459-f5b6-4592-a2d1-3b192d225bdb,Stand-Up India,https://www.standupmitra.in/,Tamil Nadu,Growth,Small,Service,TEXT:,Bank Statement,True
69778b6f5dbe0abc982463b6,e328e773-0ec1-4e08-90c8-dff7a4045f49,Stand-Up India,https://www.standupmitra.in/,Tamil Nadu,Growth,Small,Service,StandupIndia Login Applicaunt Login Applicaant Registration Other Users Home About Us Stand-Up India Scheme facilitate...,GST Certificate,True
69778b6f5dbe0abc982463b7,9ca725fe-13f1-49ad-b490-84b53e02e403,Stand-Up India,https://www.standupmitra.in/,Tamil Nadu,Growth,Small,Service,StandupIndia Login Applicaunt Login Applicaant Registration Other Users Home About Us Stand-Up India Scheme facilitate...,Udyam Certificate,True
69778b6f5dbe0abc982463b8,52c66a8e-e26e-4151-b4f1-546df2549ca4,Stand-Up India,https://www.standupmitra.in/,Tamil Nadu,Growth,Small,Service,StandupIndia Login Applicaunt Login Applicaant Registration Other Users Home About Us Stand-Up India Scheme facilitate...,Bank Statement,True
69778b6f5dbe0abc982463b9,0f1fddd1-05f0-4194-a78f-b939b11a5aea,Stand-Up India,https://www.standupmitra.in/,Tamil Nadu,Growth,Small,Service,,GST Certificate,True
69778b6f5dbe0abc982463ba,334f2c31-d3dc-480b-8cdc-c13957502536,Stand-Up India,https://www.standupmitra.in/,Tamil Nadu,Growth,Small,Service,,Udyam Certificate,True
69778b6f5dbe0abc982463bb,656da7a7-658e-40d1-8d58-f22eb8b55d14,Stand-Up India,https://www.standupmitra.in/,Tamil Nadu,Growth,Small,Service,,Bank Statement,True
69778b6f5dbe0abc982463bc,c303cddc-0431-493e-a4f0-49e21e2d23b2,Stand-Up India,https://www.standupmitra.in/,Tamil Nadu,Growth,Small,Service,"Communities Stand-up India Scheme facilitates bank loan between ₹10 lakhs and ₹1 crore for Applicants to establish a greenfield enterprise. The Borrower Type Loans to SC/ST and Women Entrepreneurs with at least 51% of the shareholding and controlling stake, either an SC/ST or woman entrepreneur. Salient Features:",GST Certificate,True
69778b6f5dbe0abc982463bd,ec94b55d-4d01-4012-aba6-e94bba1aa0b7,Stand-Up India,https://www.standupmitra.in/,Tamil Nadu,Growth,Small,Service,"Communities Stand-up India Scheme facilitates bank loan between ₹10 lakhs and ₹1 crore for Applicants to establish a greenfield enterprise. The Borrower Type Loans to SC/ST and Women Entrepreneurs with at least 51% of the shareholding and controlling stake, either an SC/ST or woman entrepreneur. Salient Features:",Udyam Certificate,True
69778b6f5dbe0abc982463be,6f40e75b-99be-485e-812d-fa2b13d4d2d2,Stand-Up India,https://www.standupmitra.in/,Tamil Nadu,Growth,Small,Service,"Communities Stand-up India Scheme facilitates bank loan between ₹10 lakhs and ₹1 crore for Applicants to establish a greenfield enterprise. The Borrower Type Loans to SC/ST and Women Entrepreneurs with at least 51% of the shareholding and controlling stake, either an SC/ST or woman entrepreneur. Salient Features:",Bank Statement,True
69778b6f5dbe0abc982463bf,bc20fff6-8d79-4af7-84da-c8e1ed7208f9,Stand-Up India,https://www.standupmitra.in/,Tamil Nadu,Growth,Small,Service,- Loans of between ₹10 lakhs to ₹1 crore for Applicants.,GST Certificate,True
69778b6f5dbe0abc982463c0,9f22b3b4-ec5a-4241-9ad2-192aff817214,Stand-Up India,https://www.standupmitra.in/,Tamil Nadu,Growth,Small,Service,- Loans of between ₹10 lakhs to ₹1 crore for Applicants.,Udyam Certificate,True
69778b6f5dbe0abc982463c1,29705aea-b011-4b33-873a-4c84009da898,Stand-Up India,https://www.standupmitra.in/,Tamil Nadu,Growth,Small,Service,- Loans of between ₹10 lakhs to ₹1 crore for Applicants.,Bank Statement,True
69778b6f5dbe0abc982463c2,e7e0ac39-10f4-4efe-a096-44fc6843bab6,Stand-Up India,https://www.standupmitra.in/,Tamil Nadu,Growth,Small,Service,- Enterprise loans for setting up a greenfield enterprise.,GST Certificate,True
69778b6f5dbe0abc982463c3,db3b8877-1600-407b-b02c-85917eb46035,Stand-Up India,https://www.standupmitra.in/,Tamil Nadu,Growth,Small,Service,- Enterprise loans for setting up a greenfield enterprise.,Udyam Certificate,True
69778b6f5dbe0abc982463c4,3bdce6b1-4df8-4832-bf1b-6971fc49006e,Stand-Up India,https://www.standupmitra.in/,Tamil Nadu,Growth,Small,Service,- Enterprise loans for setting up a greenfield enterprise.,Bank Statement,True
69778b6f5dbe0abc982463c5,160840ee-0267-4081-89e3-bdc0d8874b17,Stand-Up India,https://www.standupmitra.in/,Tamil Nadu,Growth,Small,Service,- Loan size is from ₹10 lakhs to ₹1 crore.,GST Certificate,True
69778b6f5dbe0abc982463c6,51e4dc71-8f4e-4a3f-a141-a2cf597488ed,Stand-Up India,https://www.standupmitra.in/,Tamil Nadu,Growth,Small,Service,- Loan size is from ₹10 lakhs to ₹1 crore.,Udyam Certificate,True
69778b6f5dbe0abc982463c7,9988ab7e-26e9-4e94-917d-d4fb378bfdf2,Stand-Up India,https://www.standupmitra.in/,Tamil Nadu,Growth,Small,Service,- Loan size is from ₹10 lakhs to ₹1 crore.,Bank Statement,True
69778b6f5dbe0abc982463c8,48da090e-8d52-4970-aba3-671cf58aae6a,Stand-Up India,https://www.standupmitra.in/,Tamil Nadu,Growth,Small,Service,- Comprises a composite loan (including Term Loan and Working Capital).,GST Certificate,True
69778b6f5dbe0abc982463c9,b4171de1-82dc-44b0-bc9d-e3d55d707aaa,Stand-Up India,https://www.standupmitra.in/,Tamil Nadu,Growth,Small,Service,- Comprises a composite loan (including Term Loan and Working Capital).,Udyam Certificate,True
69778b6f5dbe0abc982463ca,ed154176-5e93-41f5-94af-1c244fd24aff,Stand-Up India,https://www.standupmitra.in/,Tamil Nadu,Growth,Small,Service,- Comprises a composite loan (including Term Loan and Working Capital).,Bank Statement,True
69778b6f5dbe0abc982463cb,75c856bf-dba1-4bd9-bf32-62f47adf6337,Stand-Up India,https://www.standupmitra.in/,Tamil Nadu,Growth,Small,Service,"- Key Elements: Stand-Up India Ecosystem, Promoter Contribution of 15%, Marginal Money security cover under Credit Guarantee Fund Scheme for Stand-Up India Loans (CGFSIL). Impact Stories:",GST Certificate,True
69778b6f5dbe0abc982463cc,5fd3c3fb-ea31-4d2c-9324-bbce81f2d97e,Stand-Up India,https://www.standupmitra.in/,Tamil Nadu,Growth,Small,Service,"- Key Elements: Stand-Up India Ecosystem, Promoter Contribution of 15%, Marginal Money security cover under Credit Guarantee Fund Scheme for Stand-Up India Loans (CGFSIL). Impact Stories:",Udyam Certificate,True
69778b6f5dbe0abc982463cd,f7152d76-d0e0-4fc8-bb01-e8c1707e1082,Stand-Up India,https://www.standupmitra.in/,Tamil Nadu,Growth,Small,Service,"- Key Elements: Stand-Up India Ecosystem, Promoter Contribution of 15%, Marginal Money security cover under Credit Guarantee Fund Scheme for Stand-Up India Loans (CGFSIL). Impact Stories:",Bank Statement,True
69778b6f5dbe0abc982463ce,941f77b3-be37-4733-b7a5-e3ebc26e763c,Stand-Up India,https://www.standupmitra.in/,Tamil Nadu,Growth,Small,Service,"- Prometheus is the beneficiary under STAND UP INDIA loan scheme. She has been given a loan for setting up of an Optometric clinic with vision therapy as she is a low vision therapist. As per the promoteur, she can earn Rs.1 lakhs per month from the Optical Gallery cum Optometric Clinic, which has vision therapy - as a low vision specialist, and has been granted loan sanction by PNB, Anna Nagar Branch, Chennai.",GST Certificate,True
69778b6f5dbe0abc982463cf,ea88a644-6814-4bd0-a3e9-61d5c9944eb5,Stand-Up India,https://www.standupmitra.in/,Tamil Nadu,Growth,Small,Service,"- Prometheus is the beneficiary under STAND UP INDIA loan scheme. She has been given a loan for setting up of an Optometric clinic with vision therapy as she is a low vision therapist. As per the promoteur, she can earn Rs.1 lakhs per month from the Optical Gallery cum Optometric Clinic, which has vision therapy - as a low vision specialist, and has been granted loan sanction by PNB, Anna Nagar Branch, Chennai.",Udyam Certificate,True
69778b6f5dbe0abc982463d0,dfd873aa-081e-44e8-bb5b-c22d2183bdcd,Stand-Up India,https://www.standupmitra.in/,Tamil Nadu,Growth,Small,Service,"- Prometheus is the beneficiary under STAND UP INDIA loan scheme. She has been given a loan for setting up of an Optometric clinic with vision therapy as she is a low vision therapist. As per the promoteur, she can earn Rs.1 lakhs per month from the Optical Gallery cum Optometric Clinic, which has vision therapy - as a low vision specialist, and has been granted loan sanction by PNB, Anna Nagar Branch, Chennai.",Bank Statement,True
69778b6f5dbe0abc982463d1,68659f94-f939-47e3-9fd2-71930d23e71c,Stand-Up India,https://www.standupmitra.in/,Tamil Nadu,Growth,Small,Service,"- Gaining experience from her father in law, the promoteur is able to stand alone as an optometrist after gaining experience from him. She has seen the website and learnt about the Anna Nagar branch extending STAND UP INDIA scheme and approached directly. According to the promoteur, she never dreamt of getting loan sanctioned in shortest time, which is why she is very happy and able to earn Rs.1 lakhs per month from the Optical Gallery cum Optometric Clinic, which has vision therapy - as a low v",GST Certificate,True
69778b6f5dbe0abc982463d2,e0b34696-c572-441e-b565-6f804cb5106b,Stand-Up India,https://www.standupmitra.in/,Tamil Nadu,Growth,Small,Service,"- Gaining experience from her father in law, the promoteur is able to stand alone as an optometrist after gaining experience from him. She has seen the website and learnt about the Anna Nagar branch extending STAND UP INDIA scheme and approached directly. According to the promoteur, she never dreamt of getting loan sanctioned in shortest time, which is why she is very happy and able to earn Rs.1 lakhs per month from the Optical Gallery cum Optometric Clinic, which has vision therapy - as a low v",Udyam Certificate,True
69778b6f5dbe0abc982463d3,9292cdb7-b48f-4dfd-a51b-acaf32432f5d,Stand-Up India,https://www.standupmitra.in/,Tamil Nadu,Growth,Small,Service,"- Gaining experience from her father in law, the promoteur is able to stand alone as an optometrist after gaining experience from him. She has seen the website and learnt about the Anna Nagar branch extending STAND UP INDIA scheme and approached directly. According to the promoteur, she never dreamt of getting loan sanctioned in shortest time, which is why she is very happy and able to earn Rs.1 lakhs per month from the Optical Gallery cum Optometric Clinic, which has vision therapy - as a low v",Bank Statement,True
69778b6f5dbe0abc982463d4,10898192-c5c7-470c-a358-e22f29886080,Stand-Up India,https://www.standupmitra.in/,Tamil Nadu,Growth,Small,Service,,GST Certificate,True
69778b6f5dbe0abc982463d5,1f247a28-36ab-46cc-a3c3-29564a3ba10a,Stand-Up India,https://www.standupmitra.in/,Tamil Nadu,Growth,Small,Service,,Udyam Certificate,True
69778b6f5dbe0abc982463d6,c93b3b1f-2b26-4733-9acf-36e6bfe46654,Stand-Up India,https://www.standupmitra.in/,Tamil Nadu,Growth,Small,Service,,Bank Statement,True
69778b6f5dbe0abc982463d7,0ce06cdd-5f3a-432a-8ab2-8d60efaf871f,Stand-Up India,https://www.standupmitra.in/,Tamil Nadu,Growth,Small,Service,,GST Certificate,True
69778b6f5dbe0abc982463d8,7f28a112-e321-4cc9-9216-89b29e3aeafb,Stand-Up India,https://www.standupmitra.in/,Tamil Nadu,Growth,Small,Service,,Udyam Certificate,True
69778b6f5dbe0abc982463d9,77aaa2f0-bbe0-4b47-9452-d513c31d523e,Stand-Up India,https://www.standupmitra.in/,Tamil Nadu,Growth,Small,Service,,Bank Statement,True
69778b6f5dbe0abc982463da,0a5e43a0-9c01-45aa-b7f4-d31d1453a01f,Stand-Up India,https://www.standupmitra.in/,Tamil Nadu,Growth,Small,Tech,Extract:,GST Certificate,True
69778b6f5dbe0abc982463db,be4f6db6-cd46-41e6-9376-b25545c2ff63,Stand-Up India,https://www.standupmitra.in/,Tamil Nadu,Growth,Small,Tech,Extract:,Udyam Certificate,True
69778b6f5dbe0abc982463dc,9dc6f175-3b17-4714-8bf3-d9586c5648a7,Stand-Up India,https://www.standupmitra.in/,Tamil Nadu,Growth,Small,Tech,Extract:,Bank Statement,True
69778b6f5dbe0abc982463dd,309bccbb-06b1-4b34-af7f-79877817c00f,Stand-Up India,https://www.standupmitra.in/,Tamil Nadu,Growth,Small,Tech,- Eligibility criteria,GST Certificate,True
69778b6f5dbe0abc982463de,bf63b6c1-c86b-44e0-bc30-4a7b803dc416,Stand-Up India,https://www.standupmitra.in/,Tamil Nadu,Growth,Small,Tech,- Eligibility criteria,Udyam Certificate,True
69778b6f5dbe0abc982463df,459bffee-7742-4200-978e-8e229048bf7f,Stand-Up India,https://www.standupmitra.in/,Tamil Nadu,Growth,Small,Tech,- Eligibility criteria,Bank Statement,True
69778b6f5dbe0abc982463e0,2d675b84-fc74-4a89-a8ac-8c6eade5a078,Stand-Up India,https://www.standupmitra.in/,Tamil Nadu,Growth,Small,Tech,- Required documents,GST Certificate,True
69778b6f5dbe0abc982463e1,31d72222-44af-46cc-ba94-c8484d772c44,Stand-Up India,https://www.standupmitra.in/,Tamil Nadu,Growth,Small,Tech,- Required documents,Udyam Certificate,True
69778b6f5dbe0abc982463e2,c9eca4d0-99c2-4f32-b879-40331e815922,Stand-Up India,https://www.standupmitra.in/,Tamil Nadu,Growth,Small,Tech,- Required documents,Bank Statement,True
69778b6f5dbe0abc982463e3,281f6fd0-8ada-4dd8-8821-3076539b9c54,Stand-Up India,https://www.standupmitra.in/,Tamil Nadu,Growth,Small,Tech,Return as bullet points.,GST Certificate,True
69778b6f5dbe0abc982463e4,0cfc7a03-9b4e-47ba-b4af-d75693498837,Stand-Up India,https://www.standupmitra.in/,Tamil Nadu,Growth,Small,Tech,Return as bullet points.,Udyam Certificate,True
69778b6f5dbe0abc982463e5,45e5b890-0783-4a85-9663-8950796d7c3b,Stand-Up India,https://www.standupmitra.in/,Tamil Nadu,Growth,Small,Tech,Return as bullet points.,Bank Statement,True
69778b6f5dbe0abc982463e6,dd91d53f-a2b0-4b1e-9eb0-cdfc413d6e21,Stand-Up India,https://www.standupmitra.in/,Tamil Nadu,Growth,Small,Tech,,GST Certificate,True
69778b6f5dbe0abc982463e7,94d5623f-11a0-4664-b6ec-5f8cb10f5210,Stand-Up India,https://www.standupmitra.in/,Tamil Nadu,Growth,Small,Tech,,Udyam Certificate,True
69778b6f5dbe0abc982463e8,db4e7348-d30e-40cd-bf29-0eb6762d2196,Stand-Up India,https://www.standupmitra.in/,Tamil Nadu,Growth,Small,Tech,,Bank Statement,True
69778b6f5dbe0abc982463e9,4dd3cd4a-ac08-4c95-925f-807d69de1738,Stand-Up India,https://www.standupmitra.in/,Tamil Nadu,Growth,Small,Tech,TEXT:,GST Certificate,True
69778b6f5dbe0abc982463ea,6966d09c-63a8-4362-b4c6-caab5080e7e4,Stand-Up India,https://www.standupmitra.in/,Tamil Nadu,Growth,Small,Tech,TEXT:,Udyam Certificate,True
69778b6f5dbe0abc982463eb,ce156cdb-ad87-4b06-a9a5-649bfeb33cf3,Stand-Up India,https://www.standupmitra.in/,Tamil Nadu,Growth,Small,Tech,TEXT:,Bank Statement,True
69778b6f5dbe0abc982463ec,ac87ea9b-de7b-49af-9ddb-d84548017259,Stand-Up India,https://www.standupmitra.in/,Tamil Nadu,Growth,Small,Tech,StandupIndia Login Applicaunt Login Applicaant Registration Other Users Home About Us Stand-Up India Scheme facilitate...,GST Certificate,True
69778b6f5dbe0abc982463ed,f2a959ce-6726-4ba2-a443-a0687e899f02,Stand-Up India,https://www.standupmitra.in/,Tamil Nadu,Growth,Small,Tech,StandupIndia Login Applicaunt Login Applicaant Registration Other Users Home About Us Stand-Up India Scheme facilitate...,Udyam Certificate,True
69778b6f5dbe0abc982463ee,c29f4da3-7d5c-49ae-87bd-44104de58409,Stand-Up India,https://www.standupmitra.in/,Tamil Nadu,Growth,Small,Tech,StandupIndia Login Applicaunt Login Applicaant Registration Other Users Home About Us Stand-Up India Scheme facilitate...,Bank Statement,True
69778b6f5dbe0abc982463ef,53e232a9-9e80-4ef8-8192-ac01876e7a15,Stand-Up India,https://www.standupmitra.in/,Tamil Nadu,Growth,Small,Tech,,GST Certificate,True
69778b6f5dbe0abc982463f0,16ef9c7f-c1e8-401b-aa63-9eaa27ca07a8,Stand-Up India,https://www.standupmitra.in/,Tamil Nadu,Growth,Small,Tech,,Udyam Certificate,True
69778b6f5dbe0abc982463f1,55dbc316-de0c-4ed7-a859-f88ad6426d2a,Stand-Up India,https://www.standupmitra.in/,Tamil Nadu,Growth,Small,Tech,,Bank Statement,True
69778b6f5dbe0abc982463f2,0a4da666-0b5e-48e6-b4c7-752f4ce9e4ae,Stand-Up India,https://www.standupmitra.in/,Tamil Nadu,Growth,Small,Tech,"Communities Stand-up India Scheme facilitates bank loan between ₹10 lakhs and ₹1 crore for Applicants to establish a greenfield enterprise. The Borrower Type Loans to SC/ST and Women Entrepreneurs with at least 51% of the shareholding and controlling stake, either an SC/ST or woman entrepreneur. Salient Features:",GST Certificate,True
69778b6f5dbe0abc982463f3,1b514ae5-9caf-4545-b5fd-0e8f86d4193b,Stand-Up India,https://www.standupmitra.in/,Tamil Nadu,Growth,Small,Tech,"Communities Stand-up India Scheme facilitates bank loan between ₹10 lakhs and ₹1 crore for Applicants to establish a greenfield enterprise. The Borrower Type Loans to SC/ST and Women Entrepreneurs with at least 51% of the shareholding and controlling stake, either an SC/ST or woman entrepreneur. Salient Features:",Udyam Certificate,True
69778b6f5dbe0abc982463f4,41cff757-98f5-4199-8e4b-f899779faf09,Stand-Up India,https://www.standupmitra.in/,Tamil Nadu,Growth,Small,Tech,"Communities Stand-up India Scheme facilitates bank loan between ₹10 lakhs and ₹1 crore for Applicants to establish a greenfield enterprise. The Borrower Type Loans to SC/ST and Women Entrepreneurs with at least 51% of the shareholding and controlling stake, either an SC/ST or woman entrepreneur. Salient Features:",Bank Statement,True
69778b6f5dbe0abc982463f5,e7fdf7fa-eaa1-4834-9917-78da5bb0aca4,Stand-Up India,https://www.standupmitra.in/,Tamil Nadu,Growth,Small,Tech,- Loans of between ₹10 lakhs to ₹1 crore for Applicants.,GST Certificate,True
69778b6f5dbe0abc982463f6,c471dc27-2592-42f7-a0b3-0d6834349ef7,Stand-Up India,https://www.standupmitra.in/,Tamil Nadu,Growth,Small,Tech,- Loans of between ₹10 lakhs to ₹1 crore for Applicants.,Udyam Certificate,True
69778b6f5dbe0abc982463f7,6c7f0fa3-a7b0-48cc-bc7e-9a080b25b97f,Stand-Up India,https://www.standupmitra.in/,Tamil Nadu,Growth,Small,Tech,- Loans of between ₹10 lakhs to ₹1 crore for Applicants.,Bank Statement,True
69778b6f5dbe0abc982463f8,b809f174-a714-46f8-bb9d-3d21c9e0f086,Stand-Up India,https://www.standupmitra.in/,Tamil Nadu,Growth,Small,Tech,- Enterprise loans for setting up a greenfield enterprise.,GST Certificate,True
69778b6f5dbe0abc982463f9,84d90ec4-568d-441f-875b-3b55f0b49d45,Stand-Up India,https://www.standupmitra.in/,Tamil Nadu,Growth,Small,Tech,- Enterprise loans for setting up a greenfield enterprise.,Udyam Certificate,True
69778b6f5dbe0abc982463fa,7ee7e288-3e96-43be-8812-ce2f228a6a11,Stand-Up India,https://www.standupmitra.in/,Tamil Nadu,Growth,Small,Tech,- Enterprise loans for setting up a greenfield enterprise.,Bank Statement,True
69778b6f5dbe0abc982463fb,d38e5617-d57e-4cc4-b512-5e8c11b61397,Stand-Up India,https://www.standupmitra.in/,Tamil Nadu,Growth,Small,Tech,- Loan size is from ₹10 lakhs to ₹1 crore.,GST Certificate,True
69778b6f5dbe0abc982463fc,6a853895-620f-49a4-b170-49b5aec53896,Stand-Up India,https://www.standupmitra.in/,Tamil Nadu,Growth,Small,Tech,- Loan size is from ₹10 lakhs to ₹1 crore.,Udyam Certificate,True
69778b6f5dbe0abc982463fd,2ed5f3cd-6412-4cd9-aee2-64863698ad0a,Stand-Up India,https://www.standupmitra.in/,Tamil Nadu,Growth,Small,Tech,- Loan size is from ₹10 lakhs to ₹1 crore.,Bank Statement,True
69778b6f5dbe0abc982463fe,2378479f-2f2d-4728-81f6-b00be96de16e,Stand-Up India,https://www.standupmitra.in/,Tamil Nadu,Growth,Small,Tech,- Comprises a composite loan (including Term Loan and Working Capital).,GST Certificate,True
69778b6f5dbe0abc982463ff,41f3665a-c1d0-42ab-bb33-81b7f00afb48,Stand-Up India,https://www.standupmitra.in/,Tamil Nadu,Growth,Small,Tech,- Comprises a composite loan (including Term Loan and Working Capital).,Udyam Certificate,True
69778b6f5dbe0abc98246400,6cc9158c-1323-4ca7-b2e5-a842ae7c847d,Stand-Up India,https://www.standupmitra.in/,Tamil Nadu,Growth,Small,Tech,- Comprises a composite loan (including Term Loan and Working Capital).,Bank Statement,True
69778b6f5dbe0abc98246401,09615c5a-ede5-43c4-a897-5e04c3744f95,Stand-Up India,https://www.standupmitra.in/,Tamil Nadu,Growth,Small,Tech,"- Key Elements: Stand-Up India Ecosystem, Promoter Contribution of 15%, Marginal Money security cover under Credit Guarantee Fund Scheme for Stand-Up India Loans (CGFSIL). Impact Stories:",GST Certificate,True
69778b6f5dbe0abc98246402,85cdf184-031b-44b3-a5aa-0115841e05ec,Stand-Up India,https://www.standupmitra.in/,Tamil Nadu,Growth,Small,Tech,"- Key Elements: Stand-Up India Ecosystem, Promoter Contribution of 15%, Marginal Money security cover under Credit Guarantee Fund Scheme for Stand-Up India Loans (CGFSIL). Impact Stories:",Udyam Certificate,True
69778b6f5dbe0abc98246403,b23806b1-2869-444a-8af9-5af2ca21c3e6,Stand-Up India,https://www.standupmitra.in/,Tamil Nadu,Growth,Small,Tech,"- Key Elements: Stand-Up India Ecosystem, Promoter Contribution of 15%, Marginal Money security cover under Credit Guarantee Fund Scheme for Stand-Up India Loans (CGFSIL). Impact Stories:",Bank Statement,True
69778b6f5dbe0abc98246404,48125811-00ae-415e-83c0-47df7243b828,Stand-Up India,https://www.standupmitra.in/,Tamil Nadu,Growth,Small,Tech,"- Prometheus is the beneficiary under STAND UP INDIA loan scheme. She has been given a loan for setting up of an Optometric clinic with vision therapy as she is a low vision therapist. As per the promoteur, she can earn Rs.1 lakhs per month from the Optical Gallery cum Optometric Clinic, which has vision therapy - as a low vision specialist, and has been granted loan sanction by PNB, Anna Nagar Branch, Chennai.",GST Certificate,True
69778b6f5dbe0abc98246405,a9a70e2d-cc55-49e6-ac25-bb937ce93813,Stand-Up India,https://www.standupmitra.in/,Tamil Nadu,Growth,Small,Tech,"- Prometheus is the beneficiary under STAND UP INDIA loan scheme. She has been given a loan for setting up of an Optometric clinic with vision therapy as she is a low vision therapist. As per the promoteur, she can earn Rs.1 lakhs per month from the Optical Gallery cum Optometric Clinic, which has vision therapy - as a low vision specialist, and has been granted loan sanction by PNB, Anna Nagar Branch, Chennai.",Udyam Certificate,True
69778b6f5dbe0abc98246406,5afbe42e-bc11-4846-a586-c68be11c7390,Stand-Up India,https://www.standupmitra.in/,Tamil Nadu,Growth,Small,Tech,"- Prometheus is the beneficiary under STAND UP INDIA loan scheme. She has been given a loan for setting up of an Optometric clinic with vision therapy as she is a low vision therapist. As per the promoteur, she can earn Rs.1 lakhs per month from the Optical Gallery cum Optometric Clinic, which has vision therapy - as a low vision specialist, and has been granted loan sanction by PNB, Anna Nagar Branch, Chennai.",Bank Statement,True
69778b6f5dbe0abc98246407,d0c71cb4-524b-4f5b-ac10-04a86a2a405d,Stand-Up India,https://www.standupmitra.in/,Tamil Nadu,Growth,Small,Tech,"- Gaining experience from her father in law, the promoteur is able to stand alone as an optometrist after gaining experience from him. She has seen the website and learnt about the Anna Nagar branch extending STAND UP INDIA scheme and approached directly. According to the promoteur, she never dreamt of getting loan sanctioned in shortest time, which is why she is very happy and able to earn Rs.1 lakhs per month from the Optical Gallery cum Optometric Clinic, which has vision therapy - as a low v",GST Certificate,True
69778b6f5dbe0abc98246408,6143e0ac-2395-45b4-9b47-87d5a470dbd1,Stand-Up India,https://www.standupmitra.in/,Tamil Nadu,Growth,Small,Tech,"- Gaining experience from her father in law, the promoteur is able to stand alone as an optometrist after gaining experience from him. She has seen the website and learnt about the Anna Nagar branch extending STAND UP INDIA scheme and approached directly. According to the promoteur, she never dreamt of getting loan sanctioned in shortest time, which is why she is very happy and able to earn Rs.1 lakhs per month from the Optical Gallery cum Optometric Clinic, which has vision therapy - as a low v",Udyam Certificate,True
69778b6f5dbe0abc98246409,29685375-0049-4203-a674-3d08328175d1,Stand-Up India,https://www.standupmitra.in/,Tamil Nadu,Growth,Small,Tech,"- Gaining experience from her father in law, the promoteur is able to stand alone as an optometrist after gaining experience from him. She has seen the website and learnt about the Anna Nagar branch extending STAND UP INDIA scheme and approached directly. According to the promoteur, she never dreamt of getting loan sanctioned in shortest time, which is why she is very happy and able to earn Rs.1 lakhs per month from the Optical Gallery cum Optometric Clinic, which has vision therapy - as a low v",Bank Statement,True
69778b6f5dbe0abc9824640a,1e9e309f-3507-4692-964c-27a97ce31d2b,Stand-Up India,https://www.standupmitra.in/,Tamil Nadu,Growth,Small,Tech,,GST Certificate,True
69778b6f5dbe0abc9824640b,5ff98d8b-cfec-47b0-a053-18d2dd0c7223,Stand-Up India,https://www.standupmitra.in/,Tamil Nadu,Growth,Small,Tech,,Udyam Certificate,True
69778b6f5dbe0abc9824640c,37e3fa6e-9928-420c-8667-7256dd4a2103,Stand-Up India,https://www.standupmitra.in/,Tamil Nadu,Growth,Small,Tech,,Bank Statement,True
69778b6f5dbe0abc9824640d,71131c33-5ade-4dd6-b1a7-e22caeaf74a6,Stand-Up India,https://www.standupmitra.in/,Tamil Nadu,Growth,Small,Tech,,GST Certificate,True
69778b6f5dbe0abc9824640e,df8506ef-a632-40f4-b8e5-7b54a6f273dc,Stand-Up India,https://www.standupmitra.in/,Tamil Nadu,Growth,Small,Tech,,Udyam Certificate,True
69778b6f5dbe0abc9824640f,4cf7061e-6b20-4d65-b317-fc41ecc7f29f,Stand-Up India,https://www.standupmitra.in/,Tamil Nadu,Growth,Small,Tech,,Bank Statement,True
69778b6f5dbe0abc98246410,f07f55e8-94c1-4187-a0f7-cac15ef43379,Stand-Up India,https://www.standupmitra.in/,Tamil Nadu,Growth,Small,Agri,Extract:,GST Certificate,True
69778b6f5dbe0abc98246411,73e4cc5c-50a9-46d1-9292-0328944f51ba,Stand-Up India,https://www.standupmitra.in/,Tamil Nadu,Growth,Small,Agri,Extract:,Udyam Certificate,True
69778b6f5dbe0abc98246412,b4cf4a8a-3d24-42fe-b345-610615a1d78e,Stand-Up India,https://www.standupmitra.in/,Tamil Nadu,Growth,Small,Agri,Extract:,Bank Statement,True
69778b6f5dbe0abc98246413,43bd8090-950e-4f9f-86d0-a2ee0ab7b20d,Stand-Up India,https://www.standupmitra.in/,Tamil Nadu,Growth,Small,Agri,- Eligibility criteria,GST Certificate,True
69778b6f5dbe0abc98246414,037b08ec-bdff-4d40-89d4-b6d6e6d28f02,Stand-Up India,https://www.standupmitra.in/,Tamil Nadu,Growth,Small,Agri,- Eligibility criteria,Udyam Certificate,True
69778b6f5dbe0abc98246415,66209b42-a24a-4252-bf98-3c1fa3b480f6,Stand-Up India,https://www.standupmitra.in/,Tamil Nadu,Growth,Small,Agri,- Eligibility criteria,Bank Statement,True
69778b6f5dbe0abc98246416,fa544a88-9c72-43ce-9773-7aefc6ad7b3e,Stand-Up India,https://www.standupmitra.in/,Tamil Nadu,Growth,Small,Agri,- Required documents,GST Certificate,True
69778b6f5dbe0abc98246417,b74d612b-d186-4997-9cd1-c671be62c8a2,Stand-Up India,https://www.standupmitra.in/,Tamil Nadu,Growth,Small,Agri,- Required documents,Udyam Certificate,True
69778b6f5dbe0abc98246418,f081e90b-ed6b-43da-ba9e-fd568e772cdf,Stand-Up India,https://www.standupmitra.in/,Tamil Nadu,Growth,Small,Agri,- Required documents,Bank Statement,True
69778b6f5dbe0abc98246419,0bc62f34-de51-41c6-bafb-443de4d24f13,Stand-Up India,https://www.standupmitra.in/,Tamil Nadu,Growth,Small,Agri,Return as bullet points.,GST Certificate,True
69778b6f5dbe0abc9824641a,4f01bf3a-a36e-456e-8ad4-4f2146f0deba,Stand-Up India,https://www.standupmitra.in/,Tamil Nadu,Growth,Small,Agri,Return as bullet points.,Udyam Certificate,True
69778b6f5dbe0abc9824641b,fd1584a8-b3a3-42ca-8665-5df75f2f53cc,Stand-Up India,https://www.standupmitra.in/,Tamil Nadu,Growth,Small,Agri,Return as bullet points.,Bank Statement,True
69778b6f5dbe0abc9824641c,4faadcd8-d4ed-4dd1-8c23-84d5433d1d57,Stand-Up India,https://www.standupmitra.in/,Tamil Nadu,Growth,Small,Agri,,GST Certificate,True
69778b6f5dbe0abc9824641d,c305bbcf-d135-4301-ba79-a51f14fab0f7,Stand-Up India,https://www.standupmitra.in/,Tamil Nadu,Growth,Small,Agri,,Udyam Certificate,True
69778b6f5dbe0abc9824641e,de3d8a3a-3b0d-457f-9761-dee4a6bad7e0,Stand-Up India,https://www.standupmitra.in/,Tamil Nadu,Growth,Small,Agri,,Bank Statement,True
69778b6f5dbe0abc9824641f,3a6dd853-4c5d-467c-8cf5-a1e077c44c60,Stand-Up India,https://www.standupmitra.in/,Tamil Nadu,Growth,Small,Agri,TEXT:,GST Certificate,True
69778b6f5dbe0abc98246420,6f09112c-6b50-4688-98df-16aa16a371c8,Stand-Up India,https://www.standupmitra.in/,Tamil Nadu,Growth,Small,Agri,TEXT:,Udyam Certificate,True
69778b6f5dbe0abc98246421,31bc3802-8380-485c-bb18-e993af3b4204,Stand-Up India,https://www.standupmitra.in/,Tamil Nadu,Growth,Small,Agri,TEXT:,Bank Statement,True
69778b6f5dbe0abc98246422,1196a9ac-a39f-421c-8fbd-8003a9269af1,Stand-Up India,https://www.standupmitra.in/,Tamil Nadu,Growth,Small,Agri,StandupIndia Login Applicaunt Login Applicaant Registration Other Users Home About Us Stand-Up India Scheme facilitate...,GST Certificate,True
69778b6f5dbe0abc98246423,33184cb7-5298-4956-93a2-9be903deb14c,Stand-Up India,https://www.standupmitra.in/,Tamil Nadu,Growth,Small,Agri,StandupIndia Login Applicaunt Login Applicaant Registration Other Users Home About Us Stand-Up India Scheme facilitate...,Udyam Certificate,True
69778b6f5dbe0abc98246424,0d48c3a7-5c17-48e3-aa46-48864bad1a6c,Stand-Up India,https://www.standupmitra.in/,Tamil Nadu,Growth,Small,Agri,StandupIndia Login Applicaunt Login Applicaant Registration Other Users Home About Us Stand-Up India Scheme facilitate...,Bank Statement,True
69778b6f5dbe0abc98246425,7547056d-f448-4234-8616-f7b89fc14587,Stand-Up India,https://www.standupmitra.in/,Tamil Nadu,Growth,Small,Agri,,GST Certificate,True
69778b6f5dbe0abc98246426,6443cd00-1582-4685-b253-6ae440ce471d,Stand-Up India,https://www.standupmitra.in/,Tamil Nadu,Growth,Small,Agri,,Udyam Certificate,True
69778b6f5dbe0abc98246427,8fdeba42-7b74-4636-b176-0c6cf2d00848,Stand-Up India,https://www.standupmitra.in/,Tamil Nadu,Growth,Small,Agri,,Bank Statement,True
69778b6f5dbe0abc98246428,4d1dbf3a-4b4a-403d-8190-29664e383c84,Stand-Up India,https://www.standupmitra.in/,Tamil Nadu,Growth,Small,Agri,"Communities Stand-up India Scheme facilitates bank loan between ₹10 lakhs and ₹1 crore for Applicants to establish a greenfield enterprise. The Borrower Type Loans to SC/ST and Women Entrepreneurs with at least 51% of the shareholding and controlling stake, either an SC/ST or woman entrepreneur. Salient Features:",GST Certificate,True
69778b6f5dbe0abc98246429,d5ab56fc-c523-4c81-9b51-c8967b0707fd,Stand-Up India,https://www.standupmitra.in/,Tamil Nadu,Growth,Small,Agri,"Communities Stand-up India Scheme facilitates bank loan between ₹10 lakhs and ₹1 crore for Applicants to establish a greenfield enterprise. The Borrower Type Loans to SC/ST and Women Entrepreneurs with at least 51% of the shareholding and controlling stake, either an SC/ST or woman entrepreneur. Salient Features:",Udyam Certificate,True
69778b6f5dbe0abc9824642a,562c247f-720b-4495-9067-8c6240187b4e,Stand-Up India,https://www.standupmitra.in/,Tamil Nadu,Growth,Small,Agri,"Communities Stand-up India Scheme facilitates bank loan between ₹10 lakhs and ₹1 crore for Applicants to establish a greenfield enterprise. The Borrower Type Loans to SC/ST and Women Entrepreneurs with at least 51% of the shareholding and controlling stake, either an SC/ST or woman entrepreneur. Salient Features:",Bank Statement,True
69778b6f5dbe0abc9824642b,5bf16e3d-0ea1-471c-b938-d5de2932dc60,Stand-Up India,https://www.standupmitra.in/,Tamil Nadu,Growth,Small,Agri,- Loans of between ₹10 lakhs to ₹1 crore for Applicants.,GST Certificate,True
69778b6f5dbe0abc9824642c,cb711429-2473-48d2-84bb-3d8875b72fe4,Stand-Up India,https://www.standupmitra.in/,Tamil Nadu,Growth,Small,Agri,- Loans of between ₹10 lakhs to ₹1 crore for Applicants.,Udyam Certificate,True
69778b6f5dbe0abc9824642d,5ea5a0bf-0071-48f7-8040-0434e68af47b,Stand-Up India,https://www.standupmitra.in/,Tamil Nadu,Growth,Small,Agri,- Loans of between ₹10 lakhs to ₹1 crore for Applicants.,Bank Statement,True
69778b6f5dbe0abc9824642e,160959b7-16b0-4e8b-b16a-e126be5e7086,Stand-Up India,https://www.standupmitra.in/,Tamil Nadu,Growth,Small,Agri,- Enterprise loans for setting up a greenfield enterprise.,GST Certificate,True
69778b6f5dbe0abc9824642f,bfd1a1c2-cfac-4182-b880-694ede5c7d56,Stand-Up India,https://www.standupmitra.in/,Tamil Nadu,Growth,Small,Agri,- Enterprise loans for setting up a greenfield enterprise.,Udyam Certificate,True
69778b6f5dbe0abc98246430,b848199b-d23f-4532-a27e-a44f8f8e1f9c,Stand-Up India,https://www.standupmitra.in/,Tamil Nadu,Growth,Small,Agri,- Enterprise loans for setting up a greenfield enterprise.,Bank Statement,True
69778b6f5dbe0abc98246431,d2b9d775-fd01-4b88-b4aa-5f682bd885aa,Stand-Up India,https://www.standupmitra.in/,Tamil Nadu,Growth,Small,Agri,- Loan size is from ₹10 lakhs to ₹1 crore.,GST Certificate,True
69778b6f5dbe0abc98246432,0616eb0b-4864-45d4-9c36-7b4c7619ff78,Stand-Up India,https://www.standupmitra.in/,Tamil Nadu,Growth,Small,Agri,- Loan size is from ₹10 lakhs to ₹1 crore.,Udyam Certificate,True
69778b6f5dbe0abc98246433,5095418e-afa9-46d9-8f1d-d9a7a0302e48,Stand-Up India,https://www.standupmitra.in/,Tamil Nadu,Growth,Small,Agri,- Loan size is from ₹10 lakhs to ₹1 crore.,Bank Statement,True
69778b6f5dbe0abc98246434,2f30f79b-878f-466f-a82c-1d44546dee4f,Stand-Up India,https://www.standupmitra.in/,Tamil Nadu,Growth,Small,Agri,- Comprises a composite loan (including Term Loan and Working Capital).,GST Certificate,True
69778b6f5dbe0abc98246435,12ebcb7a-2222-4223-a1f7-2b67af4536df,Stand-Up India,https://www.standupmitra.in/,Tamil Nadu,Growth,Small,Agri,- Comprises a composite loan (including Term Loan and Working Capital).,Udyam Certificate,True
69778b6f5dbe0abc98246436,2c283508-2ff9-4802-9acd-39aa8a44b685,Stand-Up India,https://www.standupmitra.in/,Tamil Nadu,Growth,Small,Agri,- Comprises a composite loan (including Term Loan and Working Capital).,Bank Statement,True
69778b6f5dbe0abc98246437,f74e1fd4-1f1e-4a86-baf6-628faddd3f99,Stand-Up India,https://www.standupmitra.in/,Tamil Nadu,Growth,Small,Agri,"- Key Elements: Stand-Up India Ecosystem, Promoter Contribution of 15%, Marginal Money security cover under Credit Guarantee Fund Scheme for Stand-Up India Loans (CGFSIL). Impact Stories:",GST Certificate,True
69778b6f5dbe0abc98246438,2341b565-2a30-452b-94c0-15531705da35,Stand-Up India,https://www.standupmitra.in/,Tamil Nadu,Growth,Small,Agri,"- Key Elements: Stand-Up India Ecosystem, Promoter Contribution of 15%, Marginal Money security cover under Credit Guarantee Fund Scheme for Stand-Up India Loans (CGFSIL). Impact Stories:",Udyam Certificate,True
69778b6f5dbe0abc98246439,d523a8e9-3602-4a65-8b11-aa31c854258c,Stand-Up India,https://www.standupmitra.in/,Tamil Nadu,Growth,Small,Agri,"- Key Elements: Stand-Up India Ecosystem, Promoter Contribution of 15%, Marginal Money security cover under Credit Guarantee Fund Scheme for Stand-Up India Loans (CGFSIL). Impact Stories:",Bank Statement,True
69778b6f5dbe0abc9824643a,58a89f57-65d5-48bf-9946-ba9af93967f0,Stand-Up India,https://www.standupmitra.in/,Tamil Nadu,Growth,Small,Agri,"- Prometheus is the beneficiary under STAND UP INDIA loan scheme. She has been given a loan for setting up of an Optometric clinic with vision therapy as she is a low vision therapist. As per the promoteur, she can earn Rs.1 lakhs per month from the Optical Gallery cum Optometric Clinic, which has vision therapy - as a low vision specialist, and has been granted loan sanction by PNB, Anna Nagar Branch, Chennai.",GST Certificate,True
69778b6f5dbe0abc9824643b,6e81f238-5f46-4175-a53c-2565702da5fe,Stand-Up India,https://www.standupmitra.in/,Tamil Nadu,Growth,Small,Agri,"- Prometheus is the beneficiary under STAND UP INDIA loan scheme. She has been given a loan for setting up of an Optometric clinic with vision therapy as she is a low vision therapist. As per the promoteur, she can earn Rs.1 lakhs per month from the Optical Gallery cum Optometric Clinic, which has vision therapy - as a low vision specialist, and has been granted loan sanction by PNB, Anna Nagar Branch, Chennai.",Udyam Certificate,True
69778b6f5dbe0abc9824643c,60e61f0c-d900-461c-ada5-28f27cbe1392,Stand-Up India,https://www.standupmitra.in/,Tamil Nadu,Growth,Small,Agri,"- Prometheus is the beneficiary under STAND UP INDIA loan scheme. She has been given a loan for setting up of an Optometric clinic with vision therapy as she is a low vision therapist. As per the promoteur, she can earn Rs.1 lakhs per month from the Optical Gallery cum Optometric Clinic, which has vision therapy - as a low vision specialist, and has been granted loan sanction by PNB, Anna Nagar Branch, Chennai.",Bank Statement,True
69778b6f5dbe0abc9824643d,25b7fad6-4867-4dc5-a790-c53d6fdcbf02,Stand-Up India,https://www.standupmitra.in/,Tamil Nadu,Growth,Small,Agri,"- Gaining experience from her father in law, the promoteur is able to stand alone as an optometrist after gaining experience from him. She has seen the website and learnt about the Anna Nagar branch extending STAND UP INDIA scheme and approached directly. According to the promoteur, she never dreamt of getting loan sanctioned in shortest time, which is why she is very happy and able to earn Rs.1 lakhs per month from the Optical Gallery cum Optometric Clinic, which has vision therapy - as a low v",GST Certificate,True
69778b6f5dbe0abc9824643e,8a080e38-cdf8-4a51-9f09-fa73553655f5,Stand-Up India,https://www.standupmitra.in/,Tamil Nadu,Growth,Small,Agri,"- Gaining experience from her father in law, the promoteur is able to stand alone as an optometrist after gaining experience from him. She has seen the website and learnt about the Anna Nagar branch extending STAND UP INDIA scheme and approached directly. According to the promoteur, she never dreamt of getting loan sanctioned in shortest time, which is why she is very happy and able to earn Rs.1 lakhs per month from the Optical Gallery cum Optometric Clinic, which has vision therapy - as a low v",Udyam Certificate,True
69778b6f5dbe0abc9824643f,c5d08845-874a-404d-8932-d07579620de3,Stand-Up India,https://www.standupmitra.in/,Tamil Nadu,Growth,Small,Agri,"- Gaining experience from her father in law, the promoteur is able to stand alone as an optometrist after gaining experience from him. She has seen the website and learnt about the Anna Nagar branch extending STAND UP INDIA scheme and approached directly. According to the promoteur, she never dreamt of getting loan sanctioned in shortest time, which is why she is very happy and able to earn Rs.1 lakhs per month from the Optical Gallery cum Optometric Clinic, which has vision therapy - as a low v",Bank Statement,True
69778b6f5dbe0abc98246440,34cddc91-5673-41ef-8c28-d24d78d5745e,Stand-Up India,https://www.standupmitra.in/,Tamil Nadu,Growth,Small,Agri,,GST Certificate,True
69778b6f5dbe0abc98246441,176fd8fa-0a3d-4d1c-968e-7d2d495735ff,Stand-Up India,https://www.standupmitra.in/,Tamil Nadu,Growth,Small,Agri,,Udyam Certificate,True
69778b6f5dbe0abc98246442,00f8f93d-2710-4355-9708-c284f25cbcf7,Stand-Up India,https://www.standupmitra.in/,Tamil Nadu,Growth,Small,Agri,,Bank Statement,True
69778b6f5dbe0abc98246443,68c26f62-73c7-4331-b322-287a192da364,Stand-Up India,https://www.standupmitra.in/,Tamil Nadu,Growth,Small,Agri,,GST Certificate,True
69778b6f5dbe0abc98246444,e0061806-cf64-4dcb-8e96-3e3a225567ce,Stand-Up India,https://www.standupmitra.in/,Tamil Nadu,Growth,Small,Agri,,Udyam Certificate,True
69778b6f5dbe0abc98246445,ff3de534-87a9-4d78-81de-e325a38cf6f6,Stand-Up India,https://www.standupmitra.in/,Tamil Nadu,Growth,Small,Agri,,Bank Statement,True
69778b6f5dbe0abc98246446,ac323186-1587-4861-85e7-509c9ee738f1,Stand-Up India,https://www.standupmitra.in/,Tamil Nadu,Growth,Medium,Manufacturing,Extract:,GST Certificate,True
69778b6f5dbe0abc98246447,32725a81-18ee-4e14-8ebd-7fecc8c3f984,Stand-Up India,https://www.standupmitra.in/,Tamil Nadu,Growth,Medium,Manufacturing,Extract:,Udyam Certificate,True
69778b6f5dbe0abc98246448,8581aed2-bb86-42d6-96c8-9b484091ced0,Stand-Up India,https://www.standupmitra.in/,Tamil Nadu,Growth,Medium,Manufacturing,Extract:,Bank Statement,True
69778b6f5dbe0abc98246449,ea77b18c-21aa-49d7-a738-8806d7e70d79,Stand-Up India,https://www.standupmitra.in/,Tamil Nadu,Growth,Medium,Manufacturing,- Eligibility criteria,GST Certificate,True
69778b6f5dbe0abc9824644a,2cffef09-2ef4-4b3f-b912-ebf7eda81049,Stand-Up India,https://www.standupmitra.in/,Tamil Nadu,Growth,Medium,Manufacturing,- Eligibility criteria,Udyam Certificate,True
69778b6f5dbe0abc9824644b,7ccddd96-37a4-45b0-a955-7f51f3327c96,Stand-Up India,https://www.standupmitra.in/,Tamil Nadu,Growth,Medium,Manufacturing,- Eligibility criteria,Bank Statement,True
69778b6f5dbe0abc9824644c,75302038-91a5-4f76-9aff-d5849a0f8394,Stand-Up India,https://www.standupmitra.in/,Tamil Nadu,Growth,Medium,Manufacturing,- Required documents,GST Certificate,True
69778b6f5dbe0abc9824644d,833c00d0-811a-4d8e-bce1-4f8bfae8947f,Stand-Up India,https://www.standupmitra.in/,Tamil Nadu,Growth,Medium,Manufacturing,- Required documents,Udyam Certificate,True
69778b6f5dbe0abc9824644e,da74976a-97c5-4d9a-bd61-39d4440e0d82,Stand-Up India,https://www.standupmitra.in/,Tamil Nadu,Growth,Medium,Manufacturing,- Required documents,Bank Statement,True
69778b6f5dbe0abc9824644f,d6a6cdb5-d5e5-4b93-948a-f53f5d4538d5,Stand-Up India,https://www.standupmitra.in/,Tamil Nadu,Growth,Medium,Manufacturing,Return as bullet points.,GST Certificate,True
69778b6f5dbe0abc98246450,568272e1-458a-4a02-b16c-91f7c2038e1c,Stand-Up India,https://www.standupmitra.in/,Tamil Nadu,Growth,Medium,Manufacturing,Return as bullet points.,Udyam Certificate,True
69778b6f5dbe0abc98246451,ca34075e-004b-4202-98cf-0adca15ddd2b,Stand-Up India,https://www.standupmitra.in/,Tamil Nadu,Growth,Medium,Manufacturing,Return as bullet points.,Bank Statement,True
69778b6f5dbe0abc98246452,91c21fe1-b902-46b9-807c-8438a8f2dac1,Stand-Up India,https://www.standupmitra.in/,Tamil Nadu,Growth,Medium,Manufacturing,,GST Certificate,True
69778b6f5dbe0abc98246453,2b0d017a-1b16-4105-8ee8-7caa0665113f,Stand-Up India,https://www.standupmitra.in/,Tamil Nadu,Growth,Medium,Manufacturing,,Udyam Certificate,True
69778b6f5dbe0abc98246454,92828c0e-4c5a-4e73-a5df-2190a15d16ad,Stand-Up India,https://www.standupmitra.in/,Tamil Nadu,Growth,Medium,Manufacturing,,Bank Statement,True
69778b6f5dbe0abc98246455,7b08f352-dabd-46ab-8b27-1431fc49c04c,Stand-Up India,https://www.standupmitra.in/,Tamil Nadu,Growth,Medium,Manufacturing,TEXT:,GST Certificate,True
69778b6f5dbe0abc98246456,702165a2-6ca5-4808-82c9-e8febe490b1e,Stand-Up India,https://www.standupmitra.in/,Tamil Nadu,Growth,Medium,Manufacturing,TEXT:,Udyam Certificate,True
69778b6f5dbe0abc98246457,5837f2a7-4f2a-41ac-ba78-d63b138e8536,Stand-Up India,https://www.standupmitra.in/,Tamil Nadu,Growth,Medium,Manufacturing,TEXT:,Bank Statement,True
69778b6f5dbe0abc98246458,bed84c39-8bdd-496d-9054-06421bbc7079,Stand-Up India,https://www.standupmitra.in/,Tamil Nadu,Growth,Medium,Manufacturing,StandupIndia Login Applicaunt Login Applicaant Registration Other Users Home About Us Stand-Up India Scheme facilitate...,GST Certificate,True
69778b6f5dbe0abc98246459,d9509b15-f462-4bff-aeba-cb36b009ab63,Stand-Up India,https://www.standupmitra.in/,Tamil Nadu,Growth,Medium,Manufacturing,StandupIndia Login Applicaunt Login Applicaant Registration Other Users Home About Us Stand-Up India Scheme facilitate...,Udyam Certificate,True
69778b6f5dbe0abc9824645a,813a6017-d5e9-49dc-a295-efeb18af0d9c,Stand-Up India,https://www.standupmitra.in/,Tamil Nadu,Growth,Medium,Manufacturing,StandupIndia Login Applicaunt Login Applicaant Registration Other Users Home About Us Stand-Up India Scheme facilitate...,Bank Statement,True
69778b6f5dbe0abc9824645b,4c01be66-b0ae-43df-af48-b759d90650f2,Stand-Up India,https://www.standupmitra.in/,Tamil Nadu,Growth,Medium,Manufacturing,,GST Certificate,True
69778b6f5dbe0abc9824645c,4faff4a1-9fd2-4e2e-ae48-498261f1e902,Stand-Up India,https://www.standupmitra.in/,Tamil Nadu,Growth,Medium,Manufacturing,,Udyam Certificate,True
69778b6f5dbe0abc9824645d,517e88cf-9342-42ae-a286-6a56d858b54c,Stand-Up India,https://www.standupmitra.in/,Tamil Nadu,Growth,Medium,Manufacturing,,Bank Statement,True
69778b6f5dbe0abc9824645e,5e6041ed-bfbe-4a2a-8caf-9b4eb8ef9266,Stand-Up India,https://www.standupmitra.in/,Tamil Nadu,Growth,Medium,Manufacturing,"Communities Stand-up India Scheme facilitates bank loan between ₹10 lakhs and ₹1 crore for Applicants to establish a greenfield enterprise. The Borrower Type Loans to SC/ST and Women Entrepreneurs with at least 51% of the shareholding and controlling stake, either an SC/ST or woman entrepreneur. Salient Features:",GST Certificate,True
69778b6f5dbe0abc9824645f,4691036a-fa9a-4b31-a904-497e1d32c7fa,Stand-Up India,https://www.standupmitra.in/,Tamil Nadu,Growth,Medium,Manufacturing,"Communities Stand-up India Scheme facilitates bank loan between ₹10 lakhs and ₹1 crore for Applicants to establish a greenfield enterprise. The Borrower Type Loans to SC/ST and Women Entrepreneurs with at least 51% of the shareholding and controlling stake, either an SC/ST or woman entrepreneur. Salient Features:",Udyam Certificate,True
69778b6f5dbe0abc98246460,39ed260a-b866-4396-96ff-7258879eea49,Stand-Up India,https://www.standupmitra.in/,Tamil Nadu,Growth,Medium,Manufacturing,"Communities Stand-up India Scheme facilitates bank loan between ₹10 lakhs and ₹1 crore for Applicants to establish a greenfield enterprise. The Borrower Type Loans to SC/ST and Women Entrepreneurs with at least 51% of the shareholding and controlling stake, either an SC/ST or woman entrepreneur. Salient Features:",Bank Statement,True
69778b6f5dbe0abc98246461,123c7308-c19c-4a0d-a606-c09900115917,Stand-Up India,https://www.standupmitra.in/,Tamil Nadu,Growth,Medium,Manufacturing,- Loans of between ₹10 lakhs to ₹1 crore for Applicants.,GST Certificate,True
69778b6f5dbe0abc98246462,7c0b6805-5971-46dd-a77a-7fe0e8473da0,Stand-Up India,https://www.standupmitra.in/,Tamil Nadu,Growth,Medium,Manufacturing,- Loans of between ₹10 lakhs to ₹1 crore for Applicants.,Udyam Certificate,True
69778b6f5dbe0abc98246463,7d77f7ea-78a5-4f43-a3a2-52942d1b623a,Stand-Up India,https://www.standupmitra.in/,Tamil Nadu,Growth,Medium,Manufacturing,- Loans of between ₹10 lakhs to ₹1 crore for Applicants.,Bank Statement,True
69778b6f5dbe0abc98246464,7197e60b-3976-4d83-aeb6-f4b92370fd40,Stand-Up India,https://www.standupmitra.in/,Tamil Nadu,Growth,Medium,Manufacturing,- Enterprise loans for setting up a greenfield enterprise.,GST Certificate,True
69778b6f5dbe0abc98246465,1f550d30-cd00-4e39-a11d-977474420cf3,Stand-Up India,https://www.standupmitra.in/,Tamil Nadu,Growth,Medium,Manufacturing,- Enterprise loans for setting up a greenfield enterprise.,Udyam Certificate,True
69778b6f5dbe0abc98246466,d9ec3bd5-cec3-4cfd-9c75-5ec81b8dbc57,Stand-Up India,https://www.standupmitra.in/,Tamil Nadu,Growth,Medium,Manufacturing,- Enterprise loans for setting up a greenfield enterprise.,Bank Statement,True
69778b6f5dbe0abc98246467,50fb0893-ea32-481f-a698-f93a22e63b6d,Stand-Up India,https://www.standupmitra.in/,Tamil Nadu,Growth,Medium,Manufacturing,- Loan size is from ₹10 lakhs to ₹1 crore.,GST Certificate,True
69778b6f5dbe0abc98246468,3ba3f2a6-294b-4013-8ae2-99826c63d297,Stand-Up India,https://www.standupmitra.in/,Tamil Nadu,Growth,Medium,Manufacturing,- Loan size is from ₹10 lakhs to ₹1 crore.,Udyam Certificate,True
69778b6f5dbe0abc98246469,c0520259-d624-452d-a5d9-9bb9cc6a148c,Stand-Up India,https://www.standupmitra.in/,Tamil Nadu,Growth,Medium,Manufacturing,- Loan size is from ₹10 lakhs to ₹1 crore.,Bank Statement,True
69778b6f5dbe0abc9824646a,ec7e6e37-8eb8-41d8-b2d5-4c9af0bc29bc,Stand-Up India,https://www.standupmitra.in/,Tamil Nadu,Growth,Medium,Manufacturing,- Comprises a composite loan (including Term Loan and Working Capital).,GST Certificate,True
69778b6f5dbe0abc9824646b,cc77a96f-4ec9-4e26-8bcb-be80c337f5c7,Stand-Up India,https://www.standupmitra.in/,Tamil Nadu,Growth,Medium,Manufacturing,- Comprises a composite loan (including Term Loan and Working Capital).,Udyam Certificate,True
69778b6f5dbe0abc9824646c,da9117b9-0fed-4b3f-9f2c-89f89f47f5b2,Stand-Up India,https://www.standupmitra.in/,Tamil Nadu,Growth,Medium,Manufacturing,- Comprises a composite loan (including Term Loan and Working Capital).,Bank Statement,True
69778b6f5dbe0abc9824646d,486c861d-f54a-4bac-84b7-baa6d3b14aa4,Stand-Up India,https://www.standupmitra.in/,Tamil Nadu,Growth,Medium,Manufacturing,"- Key Elements: Stand-Up India Ecosystem, Promoter Contribution of 15%, Marginal Money security cover under Credit Guarantee Fund Scheme for Stand-Up India Loans (CGFSIL). Impact Stories:",GST Certificate,True
69778b6f5dbe0abc9824646e,6b5f7b82-1c1e-49f4-b428-6b01615b2e17,Stand-Up India,https://www.standupmitra.in/,Tamil Nadu,Growth,Medium,Manufacturing,"- Key Elements: Stand-Up India Ecosystem, Promoter Contribution of 15%, Marginal Money security cover under Credit Guarantee Fund Scheme for Stand-Up India Loans (CGFSIL). Impact Stories:",Udyam Certificate,True
69778b6f5dbe0abc9824646f,833cb2ec-def6-4e6c-92bf-dfe8cbfdfac9,Stand-Up India,https://www.standupmitra.in/,Tamil Nadu,Growth,Medium,Manufacturing,"- Key Elements: Stand-Up India Ecosystem, Promoter Contribution of 15%, Marginal Money security cover under Credit Guarantee Fund Scheme for Stand-Up India Loans (CGFSIL). Impact Stories:",Bank Statement,True
69778b6f5dbe0abc98246470,932e83e2-251d-4d50-8e05-030ecd2dd1a3,Stand-Up India,https://www.standupmitra.in/,Tamil Nadu,Growth,Medium,Manufacturing,"- Prometheus is the beneficiary under STAND UP INDIA loan scheme. She has been given a loan for setting up of an Optometric clinic with vision therapy as she is a low vision therapist. As per the promoteur, she can earn Rs.1 lakhs per month from the Optical Gallery cum Optometric Clinic, which has vision therapy - as a low vision specialist, and has been granted loan sanction by PNB, Anna Nagar Branch, Chennai.",GST Certificate,True
69778b6f5dbe0abc98246471,c0549525-624e-44ed-bdf2-3475d0caf2a0,Stand-Up India,https://www.standupmitra.in/,Tamil Nadu,Growth,Medium,Manufacturing,"- Prometheus is the beneficiary under STAND UP INDIA loan scheme. She has been given a loan for setting up of an Optometric clinic with vision therapy as she is a low vision therapist. As per the promoteur, she can earn Rs.1 lakhs per month from the Optical Gallery cum Optometric Clinic, which has vision therapy - as a low vision specialist, and has been granted loan sanction by PNB, Anna Nagar Branch, Chennai.",Udyam Certificate,True
69778b6f5dbe0abc98246472,d0bb1b85-8b35-4fee-ad0a-8e2daaeffd10,Stand-Up India,https://www.standupmitra.in/,Tamil Nadu,Growth,Medium,Manufacturing,"- Prometheus is the beneficiary under STAND UP INDIA loan scheme. She has been given a loan for setting up of an Optometric clinic with vision therapy as she is a low vision therapist. As per the promoteur, she can earn Rs.1 lakhs per month from the Optical Gallery cum Optometric Clinic, which has vision therapy - as a low vision specialist, and has been granted loan sanction by PNB, Anna Nagar Branch, Chennai.",Bank Statement,True
69778b6f5dbe0abc98246473,61c402e4-4232-4261-b3f5-cfb2ae2bc3fe,Stand-Up India,https://www.standupmitra.in/,Tamil Nadu,Growth,Medium,Manufacturing,"- Gaining experience from her father in law, the promoteur is able to stand alone as an optometrist after gaining experience from him. She has seen the website and learnt about the Anna Nagar branch extending STAND UP INDIA scheme and approached directly. According to the promoteur, she never dreamt of getting loan sanctioned in shortest time, which is why she is very happy and able to earn Rs.1 lakhs per month from the Optical Gallery cum Optometric Clinic, which has vision therapy - as a low v",GST Certificate,True
69778b6f5dbe0abc98246474,523c49b9-91a3-4b0a-856f-dfb86282126b,Stand-Up India,https://www.standupmitra.in/,Tamil Nadu,Growth,Medium,Manufacturing,"- Gaining experience from her father in law, the promoteur is able to stand alone as an optometrist after gaining experience from him. She has seen the website and learnt about the Anna Nagar branch extending STAND UP INDIA scheme and approached directly. According to the promoteur, she never dreamt of getting loan sanctioned in shortest time, which is why she is very happy and able to earn Rs.1 lakhs per month from the Optical Gallery cum Optometric Clinic, which has vision therapy - as a low v",Udyam Certificate,True
69778b6f5dbe0abc98246475,75460bea-c1f3-419f-94b6-9bef90393894,Stand-Up India,https://www.standupmitra.in/,Tamil Nadu,Growth,Medium,Manufacturing,"- Gaining experience from her father in law, the promoteur is able to stand alone as an optometrist after gaining experience from him. She has seen the website and learnt about the Anna Nagar branch extending STAND UP INDIA scheme and approached directly. According to the promoteur, she never dreamt of getting loan sanctioned in shortest time, which is why she is very happy and able to earn Rs.1 lakhs per month from the Optical Gallery cum Optometric Clinic, which has vision therapy - as a low v",Bank Statement,True
69778b6f5dbe0abc98246476,eb462065-d587-4194-8c36-e54214093290,Stand-Up India,https://www.standupmitra.in/,Tamil Nadu,Growth,Medium,Manufacturing,,GST Certificate,True
69778b6f5dbe0abc98246477,fc62b01d-f77f-47ee-8955-9bf8f83ab9c4,Stand-Up India,https://www.standupmitra.in/,Tamil Nadu,Growth,Medium,Manufacturing,,Udyam Certificate,True
69778b6f5dbe0abc98246478,9ce6e271-1fd2-4672-a1b1-0cf0cd1eb268,Stand-Up India,https://www.standupmitra.in/,Tamil Nadu,Growth,Medium,Manufacturing,,Bank Statement,True
69778b6f5dbe0abc98246479,185c8552-c373-4ba9-b0f5-c52c0ad04548,Stand-Up India,https://www.standupmitra.in/,Tamil Nadu,Growth,Medium,Manufacturing,,GST Certificate,True
69778b6f5dbe0abc9824647a,59650153-5250-4c78-9d60-0470d70dec12,Stand-Up India,https://www.standupmitra.in/,Tamil Nadu,Growth,Medium,Manufacturing,,Udyam Certificate,True
69778b6f5dbe0abc9824647b,5d90af85-3b3e-492b-b285-1d67a2f76f91,Stand-Up India,https://www.standupmitra.in/,Tamil Nadu,Growth,Medium,Manufacturing,,Bank Statement,True
69778b6f5dbe0abc9824647c,1cc941fa-50af-4a8a-a35a-0909c2952e7b,Stand-Up India,https://www.standupmitra.in/,Tamil Nadu,Growth,Medium,Service,Extract:,GST Certificate,True
69778b6f5dbe0abc9824647d,bdc1e269-c3a6-4231-b514-5f47d06b4bb7,Stand-Up India,https://www.standupmitra.in/,Tamil Nadu,Growth,Medium,Service,Extract:,Udyam Certificate,True
69778b6f5dbe0abc9824647e,df283251-8294-4b80-9204-45398087fbac,Stand-Up India,https://www.standupmitra.in/,Tamil Nadu,Growth,Medium,Service,Extract:,Bank Statement,True
69778b6f5dbe0abc9824647f,a16bbedc-89b5-4b17-81f4-c2e026ccfc09,Stand-Up India,https://www.standupmitra.in/,Tamil Nadu,Growth,Medium,Service,- Eligibility criteria,GST Certificate,True
69778b6f5dbe0abc98246480,da3fbbb7-b020-4357-981f-ead1c2677b6a,Stand-Up India,https://www.standupmitra.in/,Tamil Nadu,Growth,Medium,Service,- Eligibility criteria,Udyam Certificate,True
69778b6f5dbe0abc98246481,66f4323e-94bb-4327-9794-bfbbaa97f345,Stand-Up India,https://www.standupmitra.in/,Tamil Nadu,Growth,Medium,Service,- Eligibility criteria,Bank Statement,True
69778b6f5dbe0abc98246482,366ceaad-31af-4167-95de-6529c2b94b4f,Stand-Up India,https://www.standupmitra.in/,Tamil Nadu,Growth,Medium,Service,- Required documents,GST Certificate,True
69778b6f5dbe0abc98246483,b5e91e4b-f554-44bb-a7cb-25e95e6edbe1,Stand-Up India,https://www.standupmitra.in/,Tamil Nadu,Growth,Medium,Service,- Required documents,Udyam Certificate,True
69778b6f5dbe0abc98246484,2a84c087-1d38-4db0-831a-1b9ab25aaf98,Stand-Up India,https://www.standupmitra.in/,Tamil Nadu,Growth,Medium,Service,- Required documents,Bank Statement,True
69778b6f5dbe0abc98246485,84e9e23a-5d33-490e-a26e-b2eeb13d94a2,Stand-Up India,https://www.standupmitra.in/,Tamil Nadu,Growth,Medium,Service,Return as bullet points.,GST Certificate,True
69778b6f5dbe0abc98246486,55605668-675e-44c2-a009-f61611ac621e,Stand-Up India,https://www.standupmitra.in/,Tamil Nadu,Growth,Medium,Service,Return as bullet points.,Udyam Certificate,True
69778b6f5dbe0abc98246487,30c8060c-55fd-4b63-8014-e335212da4e4,Stand-Up India,https://www.standupmitra.in/,Tamil Nadu,Growth,Medium,Service,Return as bullet points.,Bank Statement,True
69778b6f5dbe0abc98246488,203670e2-4a04-49f7-88cd-5b32d128293b,Stand-Up India,https://www.standupmitra.in/,Tamil Nadu,Growth,Medium,Service,,GST Certificate,True
69778b6f5dbe0abc98246489,848aa3da-c554-4cb0-b75a-bec1c57c82fd,Stand-Up India,https://www.standupmitra.in/,Tamil Nadu,Growth,Medium,Service,,Udyam Certificate,True
69778b6f5dbe0abc9824648a,4cda5f82-cacd-4118-840d-5f3e23b7a7ac,Stand-Up India,https://www.standupmitra.in/,Tamil Nadu,Growth,Medium,Service,,Bank Statement,True
69778b6f5dbe0abc9824648b,ec0935b0-bd09-4a74-a72b-555fff3d0fbd,Stand-Up India,https://www.standupmitra.in/,Tamil Nadu,Growth,Medium,Service,TEXT:,GST Certificate,True
69778b6f5dbe0abc9824648c,26fe0da5-ca41-491c-988a-2402377d1e50,Stand-Up India,https://www.standupmitra.in/,Tamil Nadu,Growth,Medium,Service,TEXT:,Udyam Certificate,True
69778b6f5dbe0abc9824648d,0a61a437-95e0-4ce0-b14c-cf64cea3bfb4,Stand-Up India,https://www.standupmitra.in/,Tamil Nadu,Growth,Medium,Service,TEXT:,Bank Statement,True
69778b6f5dbe0abc9824648e,0bbe3a0f-63df-42dc-a7cd-7193cf9de8d2,Stand-Up India,https://www.standupmitra.in/,Tamil Nadu,Growth,Medium,Service,StandupIndia Login Applicaunt Login Applicaant Registration Other Users Home About Us Stand-Up India Scheme facilitate...,GST Certificate,True
69778b6f5dbe0abc9824648f,75f7b58f-e2f0-4538-a5b0-45d234cfb044,Stand-Up India,https://www.standupmitra.in/,Tamil Nadu,Growth,Medium,Service,StandupIndia Login Applicaunt Login Applicaant Registration Other Users Home About Us Stand-Up India Scheme facilitate...,Udyam Certificate,True
69778b6f5dbe0abc98246490,1fac60b8-f217-455d-a292-1fd019b6cdf9,Stand-Up India,https://www.standupmitra.in/,Tamil Nadu,Growth,Medium,Service,StandupIndia Login Applicaunt Login Applicaant Registration Other Users Home About Us Stand-Up India Scheme facilitate...,Bank Statement,True
69778b6f5dbe0abc98246491,135f4f76-d53f-4b7b-ac61-bc26c0c8c0f0,Stand-Up India,https://www.standupmitra.in/,Tamil Nadu,Growth,Medium,Service,,GST Certificate,True
69778b6f5dbe0abc98246492,5904a460-4973-4513-9589-e96718bc60d8,Stand-Up India,https://www.standupmitra.in/,Tamil Nadu,Growth,Medium,Service,,Udyam Certificate,True
69778b6f5dbe0abc98246493,56429aec-85fa-482c-81da-0eda328dfe41,Stand-Up India,https://www.standupmitra.in/,Tamil Nadu,Growth,Medium,Service,,Bank Statement,True
69778b6f5dbe0abc98246494,4f502b1a-4016-437f-af8d-a3018492d521,Stand-Up India,https://www.standupmitra.in/,Tamil Nadu,Growth,Medium,Service,"Communities Stand-up India Scheme facilitates bank loan between ₹10 lakhs and ₹1 crore for Applicants to establish a greenfield enterprise. The Borrower Type Loans to SC/ST and Women Entrepreneurs with at least 51% of the shareholding and controlling stake, either an SC/ST or woman entrepreneur. Salient Features:",GST Certificate,True
69778b6f5dbe0abc98246495,6156ab04-8774-4ec8-b98b-764e938df665,Stand-Up India,https://www.standupmitra.in/,Tamil Nadu,Growth,Medium,Service,"Communities Stand-up India Scheme facilitates bank loan between ₹10 lakhs and ₹1 crore for Applicants to establish a greenfield enterprise. The Borrower Type Loans to SC/ST and Women Entrepreneurs with at least 51% of the shareholding and controlling stake, either an SC/ST or woman entrepreneur. Salient Features:",Udyam Certificate,True
69778b6f5dbe0abc98246496,5ccaafb0-bb07-4f63-b3d9-5ad71a5b50e0,Stand-Up India,https://www.standupmitra.in/,Tamil Nadu,Growth,Medium,Service,"Communities Stand-up India Scheme facilitates bank loan between ₹10 lakhs and ₹1 crore for Applicants to establish a greenfield enterprise. The Borrower Type Loans to SC/ST and Women Entrepreneurs with at least 51% of the shareholding and controlling stake, either an SC/ST or woman entrepreneur. Salient Features:",Bank Statement,True
69778b6f5dbe0abc98246497,5aa8b95f-930a-4763-af47-65fd94de16f1,Stand-Up India,https://www.standupmitra.in/,Tamil Nadu,Growth,Medium,Service,- Loans of between ₹10 lakhs to ₹1 crore for Applicants.,GST Certificate,True
69778b6f5dbe0abc98246498,1f91ef29-8689-4c6f-b041-3f47b4908256,Stand-Up India,https://www.standupmitra.in/,Tamil Nadu,Growth,Medium,Service,- Loans of between ₹10 lakhs to ₹1 crore for Applicants.,Udyam Certificate,True
69778b6f5dbe0abc98246499,1dca225f-bed9-4530-9e52-841848bd33ba,Stand-Up India,https://www.standupmitra.in/,Tamil Nadu,Growth,Medium,Service,- Loans of between ₹10 lakhs to ₹1 crore for Applicants.,Bank Statement,True
69778b6f5dbe0abc9824649a,ddc610bf-a0b7-4706-af70-6b738bee1f1a,Stand-Up India,https://www.standupmitra.in/,Tamil Nadu,Growth,Medium,Service,- Enterprise loans for setting up a greenfield enterprise.,GST Certificate,True
69778b6f5dbe0abc9824649b,562a5786-6a16-46bb-abe7-2462f9f8b1f5,Stand-Up India,https://www.standupmitra.in/,Tamil Nadu,Growth,Medium,Service,- Enterprise loans for setting up a greenfield enterprise.,Udyam Certificate,True
69778b6f5dbe0abc9824649c,9ea4b235-9abd-4a0e-8f4d-a5a3603c22ac,Stand-Up India,https://www.standupmitra.in/,Tamil Nadu,Growth,Medium,Service,- Enterprise loans for setting up a greenfield enterprise.,Bank Statement,True
69778b6f5dbe0abc9824649d,97603b9a-127f-4ffb-996c-2f7d2fe63c6f,Stand-Up India,https://www.standupmitra.in/,Tamil Nadu,Growth,Medium,Service,- Loan size is from ₹10 lakhs to ₹1 crore.,GST Certificate,True
69778b6f5dbe0abc9824649e,14e9f067-a3f2-420a-a3c0-64a356719aa9,Stand-Up India,https://www.standupmitra.in/,Tamil Nadu,Growth,Medium,Service,- Loan size is from ₹10 lakhs to ₹1 crore.,Udyam Certificate,True
69778b6f5dbe0abc9824649f,f1d0cd8c-16b0-41e0-85c1-655281161ffc,Stand-Up India,https://www.standupmitra.in/,Tamil Nadu,Growth,Medium,Service,- Loan size is from ₹10 lakhs to ₹1 crore.,Bank Statement,True
69778b6f5dbe0abc982464a0,b7937ccf-d778-461d-8c0e-f8b5d7aeb341,Stand-Up India,https://www.standupmitra.in/,Tamil Nadu,Growth,Medium,Service,- Comprises a composite loan (including Term Loan and Working Capital).,GST Certificate,True
69778b6f5dbe0abc982464a1,0c593886-9b89-4067-b39d-2046e4564d6b,Stand-Up India,https://www.standupmitra.in/,Tamil Nadu,Growth,Medium,Service,- Comprises a composite loan (including Term Loan and Working Capital).,Udyam Certificate,True
69778b6f5dbe0abc982464a2,bb80f096-a05e-4006-9418-9da604b431dc,Stand-Up India,https://www.standupmitra.in/,Tamil Nadu,Growth,Medium,Service,- Comprises a composite loan (including Term Loan and Working Capital).,Bank Statement,True
69778b6f5dbe0abc982464a3,8b9fe360-3ccc-4ab9-ad8a-363558dee487,Stand-Up India,https://www.standupmitra.in/,Tamil Nadu,Growth,Medium,Service,"- Key Elements: Stand-Up India Ecosystem, Promoter Contribution of 15%, Marginal Money security cover under Credit Guarantee Fund Scheme for Stand-Up India Loans (CGFSIL). Impact Stories:",GST Certificate,True
69778b6f5dbe0abc982464a4,f9ce9672-a892-4d7c-9ab7-bfc83a1d6c45,Stand-Up India,https://www.standupmitra.in/,Tamil Nadu,Growth,Medium,Service,"- Key Elements: Stand-Up India Ecosystem, Promoter Contribution of 15%, Marginal Money security cover under Credit Guarantee Fund Scheme for Stand-Up India Loans (CGFSIL). Impact Stories:",Udyam Certificate,True
69778b6f5dbe0abc982464a5,c6e211d0-2c63-4fc9-a161-a786975bfdb5,Stand-Up India,https://www.standupmitra.in/,Tamil Nadu,Growth,Medium,Service,"- Key Elements: Stand-Up India Ecosystem, Promoter Contribution of 15%, Marginal Money security cover under Credit Guarantee Fund Scheme for Stand-Up India Loans (CGFSIL). Impact Stories:",Bank Statement,True
69778b6f5dbe0abc982464a6,5a05bb46-d945-44da-9f12-8d62bd61b096,Stand-Up India,https://www.standupmitra.in/,Tamil Nadu,Growth,Medium,Service,"- Prometheus is the beneficiary under STAND UP INDIA loan scheme. She has been given a loan for setting up of an Optometric clinic with vision therapy as she is a low vision therapist. As per the promoteur, she can earn Rs.1 lakhs per month from the Optical Gallery cum Optometric Clinic, which has vision therapy - as a low vision specialist, and has been granted loan sanction by PNB, Anna Nagar Branch, Chennai.",GST Certificate,True
69778b6f5dbe0abc982464a7,ee469875-1bf1-40b7-b6b3-63777bab6b2e,Stand-Up India,https://www.standupmitra.in/,Tamil Nadu,Growth,Medium,Service,"- Prometheus is the beneficiary under STAND UP INDIA loan scheme. She has been given a loan for setting up of an Optometric clinic with vision therapy as she is a low vision therapist. As per the promoteur, she can earn Rs.1 lakhs per month from the Optical Gallery cum Optometric Clinic, which has vision therapy - as a low vision specialist, and has been granted loan sanction by PNB, Anna Nagar Branch, Chennai.",Udyam Certificate,True
69778b6f5dbe0abc982464a8,cd46df27-290d-4188-be0a-881d05ceb90c,Stand-Up India,https://www.standupmitra.in/,Tamil Nadu,Growth,Medium,Service,"- Prometheus is the beneficiary under STAND UP INDIA loan scheme. She has been given a loan for setting up of an Optometric clinic with vision therapy as she is a low vision therapist. As per the promoteur, she can earn Rs.1 lakhs per month from the Optical Gallery cum Optometric Clinic, which has vision therapy - as a low vision specialist, and has been granted loan sanction by PNB, Anna Nagar Branch, Chennai.",Bank Statement,True
69778b6f5dbe0abc982464a9,77c067f4-7bf1-4312-9220-835454a7ba5e,Stand-Up India,https://www.standupmitra.in/,Tamil Nadu,Growth,Medium,Service,"- Gaining experience from her father in law, the promoteur is able to stand alone as an optometrist after gaining experience from him. She has seen the website and learnt about the Anna Nagar branch extending STAND UP INDIA scheme and approached directly. According to the promoteur, she never dreamt of getting loan sanctioned in shortest time, which is why she is very happy and able to earn Rs.1 lakhs per month from the Optical Gallery cum Optometric Clinic, which has vision therapy - as a low v",GST Certificate,True
69778b6f5dbe0abc982464aa,8a587c1d-6a79-442c-8d41-a5a8017cf0f2,Stand-Up India,https://www.standupmitra.in/,Tamil Nadu,Growth,Medium,Service,"- Gaining experience from her father in law, the promoteur is able to stand alone as an optometrist after gaining experience from him. She has seen the website and learnt about the Anna Nagar branch extending STAND UP INDIA scheme and approached directly. According to the promoteur, she never dreamt of getting loan sanctioned in shortest time, which is why she is very happy and able to earn Rs.1 lakhs per month from the Optical Gallery cum Optometric Clinic, which has vision therapy - as a low v",Udyam Certificate,True
69778b6f5dbe0abc982464ab,4c613d0b-da2e-45cf-b414-d2d660b1c120,Stand-Up India,https://www.standupmitra.in/,Tamil Nadu,Growth,Medium,Service,"- Gaining experience from her father in law, the promoteur is able to stand alone as an optometrist after gaining experience from him. She has seen the website and learnt about the Anna Nagar branch extending STAND UP INDIA scheme and approached directly. According to the promoteur, she never dreamt of getting loan sanctioned in shortest time, which is why she is very happy and able to earn Rs.1 lakhs per month from the Optical Gallery cum Optometric Clinic, which has vision therapy - as a low v",Bank Statement,True
69778b6f5dbe0abc982464ac,380bf4a9-03a5-449b-bb46-34a54e5a27eb,Stand-Up India,https://www.standupmitra.in/,Tamil Nadu,Growth,Medium,Service,,GST Certificate,True
69778b6f5dbe0abc982464ad,9be118f5-e3d1-44a4-b04c-897e35f59e29,Stand-Up India,https://www.standupmitra.in/,Tamil Nadu,Growth,Medium,Service,,Udyam Certificate,True
69778b6f5dbe0abc982464ae,33ba0cee-d40e-460e-ab56-057277ce9cba,Stand-Up India,https://www.standupmitra.in/,Tamil Nadu,Growth,Medium,Service,,Bank Statement,True
69778b6f5dbe0abc982464af,fba7095c-9b36-4191-9910-0a68a4858363,Stand-Up India,https://www.standupmitra.in/,Tamil Nadu,Growth,Medium,Service,,GST Certificate,True
69778b6f5dbe0abc982464b0,cb7eaa17-d044-427f-a20a-37fa549d3e0f,Stand-Up India,https://www.standupmitra.in/,Tamil Nadu,Growth,Medium,Service,,Udyam Certificate,True
69778b6f5dbe0abc982464b1,f4f9bd9e-424f-480a-99ab-a5bbc93c857b,Stand-Up India,https://www.standupmitra.in/,Tamil Nadu,Growth,Medium,Service,,Bank Statement,True
69778b6f5dbe0abc982464b2,411d2749-3fec-4a14-8a44-2a1d19e89a16,Stand-Up India,https://www.standupmitra.in/,Tamil Nadu,Growth,Medium,Tech,Extract:,GST Certificate,True
69778b6f5dbe0abc982464b3,26e1c708-d858-45fb-969b-7aedaf107a8a,Stand-Up India,https://www.standupmitra.in/,Tamil Nadu,Growth,Medium,Tech,Extract:,Udyam Certificate,True
69778b6f5dbe0abc982464b4,9b971583-ca24-4334-8411-ae018606b9c2,Stand-Up India,https://www.standupmitra.in/,Tamil Nadu,Growth,Medium,Tech,Extract:,Bank Statement,True
69778b6f5dbe0abc982464b5,acb85cc4-f7f5-40aa-b413-5cdf68e4567d,Stand-Up India,https://www.standupmitra.in/,Tamil Nadu,Growth,Medium,Tech,- Eligibility criteria,GST Certificate,True
69778b6f5dbe0abc982464b6,7ab509cd-270c-4231-b249-e4aa0a5f5922,Stand-Up India,https://www.standupmitra.in/,Tamil Nadu,Growth,Medium,Tech,- Eligibility criteria,Udyam Certificate,True
69778b6f5dbe0abc982464b7,d3af02de-6124-4357-a3a1-9f239f171509,Stand-Up India,https://www.standupmitra.in/,Tamil Nadu,Growth,Medium,Tech,- Eligibility criteria,Bank Statement,True
69778b6f5dbe0abc982464b8,5b88a9ff-2c4f-45c2-936b-d39c8e3624ac,Stand-Up India,https://www.standupmitra.in/,Tamil Nadu,Growth,Medium,Tech,- Required documents,GST Certificate,True
69778b6f5dbe0abc982464b9,582f37e7-6544-464b-bc7b-a4a9273d3219,Stand-Up India,https://www.standupmitra.in/,Tamil Nadu,Growth,Medium,Tech,- Required documents,Udyam Certificate,True
69778b6f5dbe0abc982464ba,d9c056cb-c6c6-41d4-95b2-1ed368600053,Stand-Up India,https://www.standupmitra.in/,Tamil Nadu,Growth,Medium,Tech,- Required documents,Bank Statement,True
69778b6f5dbe0abc982464bb,11088b1b-dde2-4335-b846-11b8ba6e5200,Stand-Up India,https://www.standupmitra.in/,Tamil Nadu,Growth,Medium,Tech,Return as bullet points.,GST Certificate,True
69778b6f5dbe0abc982464bc,2185012e-3387-4dc4-8ba5-61039074b659,Stand-Up India,https://www.standupmitra.in/,Tamil Nadu,Growth,Medium,Tech,Return as bullet points.,Udyam Certificate,True
69778b6f5dbe0abc982464bd,4721677c-9a01-437e-b193-08119f66f3a3,Stand-Up India,https://www.standupmitra.in/,Tamil Nadu,Growth,Medium,Tech,Return as bullet points.,Bank Statement,True
69778b6f5dbe0abc982464be,ae2df80c-69e9-4c06-860d-707dbd7d47d2,Stand-Up India,https://www.standupmitra.in/,Tamil Nadu,Growth,Medium,Tech,,GST Certificate,True
69778b6f5dbe0abc982464bf,3dfa5aa3-9035-412d-9160-deb4fb7c32af,Stand-Up India,https://www.standupmitra.in/,Tamil Nadu,Growth,Medium,Tech,,Udyam Certificate,True
69778b6f5dbe0abc982464c0,de005688-da7f-4fb1-a5a3-82e17a28830b,Stand-Up India,https://www.standupmitra.in/,Tamil Nadu,Growth,Medium,Tech,,Bank Statement,True
69778b6f5dbe0abc982464c1,1043ee32-a5b8-4285-bbd0-a53e1c349af5,Stand-Up India,https://www.standupmitra.in/,Tamil Nadu,Growth,Medium,Tech,TEXT:,GST Certificate,True
69778b6f5dbe0abc982464c2,b8141e95-637e-496b-a1ad-c42688547da4,Stand-Up India,https://www.standupmitra.in/,Tamil Nadu,Growth,Medium,Tech,TEXT:,Udyam Certificate,True
69778b6f5dbe0abc982464c3,49f53c97-8ac2-4e06-969c-1e9721f07594,Stand-Up India,https://www.standupmitra.in/,Tamil Nadu,Growth,Medium,Tech,TEXT:,Bank Statement,True
69778b6f5dbe0abc982464c4,be6175b6-48f9-46db-93a6-cc4c611cb554,Stand-Up India,https://www.standupmitra.in/,Tamil Nadu,Growth,Medium,Tech,StandupIndia Login Applicaunt Login Applicaant Registration Other Users Home About Us Stand-Up India Scheme facilitate...,GST Certificate,True
69778b6f5dbe0abc982464c5,42c44cfb-09af-4391-99ce-092190b92566,Stand-Up India,https://www.standupmitra.in/,Tamil Nadu,Growth,Medium,Tech,StandupIndia Login Applicaunt Login Applicaant Registration Other Users Home About Us Stand-Up India Scheme facilitate...,Udyam Certificate,True
69778b6f5dbe0abc982464c6,0aabb7e7-03ed-418b-804c-eb26be413396,Stand-Up India,https://www.standupmitra.in/,Tamil Nadu,Growth,Medium,Tech,StandupIndia Login Applicaunt Login Applicaant Registration Other Users Home About Us Stand-Up India Scheme facilitate...,Bank Statement,True
69778b6f5dbe0abc982464c7,dd281aa1-2877-4c6e-9de8-a369a2ca1790,Stand-Up India,https://www.standupmitra.in/,Tamil Nadu,Growth,Medium,Tech,,GST Certificate,True
69778b6f5dbe0abc982464c8,78f5ffa2-495b-4d4e-8f04-847555c9adf5,Stand-Up India,https://www.standupmitra.in/,Tamil Nadu,Growth,Medium,Tech,,Udyam Certificate,True
69778b6f5dbe0abc982464c9,fe54927f-0a35-4831-9195-fc17c47b5ff7,Stand-Up India,https://www.standupmitra.in/,Tamil Nadu,Growth,Medium,Tech,,Bank Statement,True
69778b6f5dbe0abc982464ca,e4bcbda5-f37b-4920-96d4-5772a8c5fa78,Stand-Up India,https://www.standupmitra.in/,Tamil Nadu,Growth,Medium,Tech,"Communities Stand-up India Scheme facilitates bank loan between ₹10 lakhs and ₹1 crore for Applicants to establish a greenfield enterprise. The Borrower Type Loans to SC/ST and Women Entrepreneurs with at least 51% of the shareholding and controlling stake, either an SC/ST or woman entrepreneur. Salient Features:",GST Certificate,True
69778b6f5dbe0abc982464cb,5c6e8a5d-7b21-4db8-a631-3995dbaef0f7,Stand-Up India,https://www.standupmitra.in/,Tamil Nadu,Growth,Medium,Tech,"Communities Stand-up India Scheme facilitates bank loan between ₹10 lakhs and ₹1 crore for Applicants to establish a greenfield enterprise. The Borrower Type Loans to SC/ST and Women Entrepreneurs with at least 51% of the shareholding and controlling stake, either an SC/ST or woman entrepreneur. Salient Features:",Udyam Certificate,True
69778b6f5dbe0abc982464cc,048a192a-0389-4a0a-9e2d-d912c628b4cd,Stand-Up India,https://www.standupmitra.in/,Tamil Nadu,Growth,Medium,Tech,"Communities Stand-up India Scheme facilitates bank loan between ₹10 lakhs and ₹1 crore for Applicants to establish a greenfield enterprise. The Borrower Type Loans to SC/ST and Women Entrepreneurs with at least 51% of the shareholding and controlling stake, either an SC/ST or woman entrepreneur. Salient Features:",Bank Statement,True
69778b6f5dbe0abc982464cd,c85cc311-c6b8-455c-99d2-c134a6441eb0,Stand-Up India,https://www.standupmitra.in/,Tamil Nadu,Growth,Medium,Tech,- Loans of between ₹10 lakhs to ₹1 crore for Applicants.,GST Certificate,True
69778b6f5dbe0abc982464ce,1564f3c4-f1ed-44a0-aefb-334222da776e,Stand-Up India,https://www.standupmitra.in/,Tamil Nadu,Growth,Medium,Tech,- Loans of between ₹10 lakhs to ₹1 crore for Applicants.,Udyam Certificate,True
69778b6f5dbe0abc982464cf,d0f1a914-0ff2-42b3-bc1e-3c61fea3507e,Stand-Up India,https://www.standupmitra.in/,Tamil Nadu,Growth,Medium,Tech,- Loans of between ₹10 lakhs to ₹1 crore for Applicants.,Bank Statement,True
69778b6f5dbe0abc982464d0,01914948-2391-418a-a964-42207c8ee04a,Stand-Up India,https://www.standupmitra.in/,Tamil Nadu,Growth,Medium,Tech,- Enterprise loans for setting up a greenfield enterprise.,GST Certificate,True
69778b6f5dbe0abc982464d1,2210a666-8ec7-41f8-bb1b-ca70e2d1605e,Stand-Up India,https://www.standupmitra.in/,Tamil Nadu,Growth,Medium,Tech,- Enterprise loans for setting up a greenfield enterprise.,Udyam Certificate,True
69778b6f5dbe0abc982464d2,19758e1e-fbe1-42cc-99dd-2f51157b6027,Stand-Up India,https://www.standupmitra.in/,Tamil Nadu,Growth,Medium,Tech,- Enterprise loans for setting up a greenfield enterprise.,Bank Statement,True
69778b6f5dbe0abc982464d3,89abf2c8-5be4-4df1-8cf1-b2f7230ec157,Stand-Up India,https://www.standupmitra.in/,Tamil Nadu,Growth,Medium,Tech,- Loan size is from ₹10 lakhs to ₹1 crore.,GST Certificate,True
69778b6f5dbe0abc982464d4,a35435b9-0d2c-4514-a65b-1ed382ccb8b2,Stand-Up India,https://www.standupmitra.in/,Tamil Nadu,Growth,Medium,Tech,- Loan size is from ₹10 lakhs to ₹1 crore.,Udyam Certificate,True
69778b6f5dbe0abc982464d5,e5603a7a-ef3a-4f05-a540-09f8159610be,Stand-Up India,https://www.standupmitra.in/,Tamil Nadu,Growth,Medium,Tech,- Loan size is from ₹10 lakhs to ₹1 crore.,Bank Statement,True
69778b6f5dbe0abc982464d6,4ecb41e3-ea6c-4c8b-9a61-a53f48d0a20b,Stand-Up India,https://www.standupmitra.in/,Tamil Nadu,Growth,Medium,Tech,- Comprises a composite loan (including Term Loan and Working Capital).,GST Certificate,True
69778b6f5dbe0abc982464d7,6a5d5e2f-368a-40b5-8438-d3e4acabcb21,Stand-Up India,https://www.standupmitra.in/,Tamil Nadu,Growth,Medium,Tech,- Comprises a composite loan (including Term Loan and Working Capital).,Udyam Certificate,True
69778b6f5dbe0abc982464d8,87d7194d-f9e4-4c16-a554-16699bb6c3c4,Stand-Up India,https://www.standupmitra.in/,Tamil Nadu,Growth,Medium,Tech,- Comprises a composite loan (including Term Loan and Working Capital).,Bank Statement,True
69778b6f5dbe0abc982464d9,169fdd50-a04d-4a3e-962d-5736a9c11956,Stand-Up India,https://www.standupmitra.in/,Tamil Nadu,Growth,Medium,Tech,"- Key Elements: Stand-Up India Ecosystem, Promoter Contribution of 15%, Marginal Money security cover under Credit Guarantee Fund Scheme for Stand-Up India Loans (CGFSIL). Impact Stories:",GST Certificate,True
69778b6f5dbe0abc982464da,dec7daeb-1f24-441d-9d4c-1864a8dba2bf,Stand-Up India,https://www.standupmitra.in/,Tamil Nadu,Growth,Medium,Tech,"- Key Elements: Stand-Up India Ecosystem, Promoter Contribution of 15%, Marginal Money security cover under Credit Guarantee Fund Scheme for Stand-Up India Loans (CGFSIL). Impact Stories:",Udyam Certificate,True
69778b6f5dbe0abc982464db,2f2d69d3-17bd-4262-bdeb-c331f8c30dd8,Stand-Up India,https://www.standupmitra.in/,Tamil Nadu,Growth,Medium,Tech,"- Key Elements: Stand-Up India Ecosystem, Promoter Contribution of 15%, Marginal Money security cover under Credit Guarantee Fund Scheme for Stand-Up India Loans (CGFSIL). Impact Stories:",Bank Statement,True
69778b6f5dbe0abc982464dc,4a10a7e9-47ca-44b3-a93d-38a04ee3c2d0,Stand-Up India,https://www.standupmitra.in/,Tamil Nadu,Growth,Medium,Tech,"- Prometheus is the beneficiary under STAND UP INDIA loan scheme. She has been given a loan for setting up of an Optometric clinic with vision therapy as she is a low vision therapist. As per the promoteur, she can earn Rs.1 lakhs per month from the Optical Gallery cum Optometric Clinic, which has vision therapy - as a low vision specialist, and has been granted loan sanction by PNB, Anna Nagar Branch, Chennai.",GST Certificate,True
69778b6f5dbe0abc982464dd,241901fa-09be-4b69-bbb2-4b9691da76fd,Stand-Up India,https://www.standupmitra.in/,Tamil Nadu,Growth,Medium,Tech,"- Prometheus is the beneficiary under STAND UP INDIA loan scheme. She has been given a loan for setting up of an Optometric clinic with vision therapy as she is a low vision therapist. As per the promoteur, she can earn Rs.1 lakhs per month from the Optical Gallery cum Optometric Clinic, which has vision therapy - as a low vision specialist, and has been granted loan sanction by PNB, Anna Nagar Branch, Chennai.",Udyam Certificate,True
69778b6f5dbe0abc982464de,1d926b20-6d50-4bf3-a0a8-a2223edc906f,Stand-Up India,https://www.standupmitra.in/,Tamil Nadu,Growth,Medium,Tech,"- Prometheus is the beneficiary under STAND UP INDIA loan scheme. She has been given a loan for setting up of an Optometric clinic with vision therapy as she is a low vision therapist. As per the promoteur, she can earn Rs.1 lakhs per month from the Optical Gallery cum Optometric Clinic, which has vision therapy - as a low vision specialist, and has been granted loan sanction by PNB, Anna Nagar Branch, Chennai.",Bank Statement,True
69778b6f5dbe0abc982464df,5429d85d-a861-4217-8b2c-293e8da85ffb,Stand-Up India,https://www.standupmitra.in/,Tamil Nadu,Growth,Medium,Tech,"- Gaining experience from her father in law, the promoteur is able to stand alone as an optometrist after gaining experience from him. She has seen the website and learnt about the Anna Nagar branch extending STAND UP INDIA scheme and approached directly. According to the promoteur, she never dreamt of getting loan sanctioned in shortest time, which is why she is very happy and able to earn Rs.1 lakhs per month from the Optical Gallery cum Optometric Clinic, which has vision therapy - as a low v",GST Certificate,True
69778b6f5dbe0abc982464e0,1c927c32-7a84-4049-aa41-88296a795128,Stand-Up India,https://www.standupmitra.in/,Tamil Nadu,Growth,Medium,Tech,"- Gaining experience from her father in law, the promoteur is able to stand alone as an optometrist after gaining experience from him. She has seen the website and learnt about the Anna Nagar branch extending STAND UP INDIA scheme and approached directly. According to the promoteur, she never dreamt of getting loan sanctioned in shortest time, which is why she is very happy and able to earn Rs.1 lakhs per month from the Optical Gallery cum Optometric Clinic, which has vision therapy - as a low v",Udyam Certificate,True
69778b6f5dbe0abc982464e1,9d4f35ca-5c57-4a8d-9ae1-ba6148f4d2c8,Stand-Up India,https://www.standupmitra.in/,Tamil Nadu,Growth,Medium,Tech,"- Gaining experience from her father in law, the promoteur is able to stand alone as an optometrist after gaining experience from him. She has seen the website and learnt about the Anna Nagar branch extending STAND UP INDIA scheme and approached directly. According to the promoteur, she never dreamt of getting loan sanctioned in shortest time, which is why she is very happy and able to earn Rs.1 lakhs per month from the Optical Gallery cum Optometric Clinic, which has vision therapy - as a low v",Bank Statement,True
69778b6f5dbe0abc982464e2,67882a37-2409-4129-9f05-aaa48aa04435,Stand-Up India,https://www.standupmitra.in/,Tamil Nadu,Growth,Medium,Tech,,GST Certificate,True
69778b6f5dbe0abc982464e3,138aad0e-d1c8-41b5-ad23-d6d4a927fdb2,Stand-Up India,https://www.standupmitra.in/,Tamil Nadu,Growth,Medium,Tech,,Udyam Certificate,True
69778b6f5dbe0abc982464e4,fb510441-923d-4a0b-bec0-6305680fa630,Stand-Up India,https://www.standupmitra.in/,Tamil Nadu,Growth,Medium,Tech,,Bank Statement,True
69778b6f5dbe0abc982464e5,c3eec744-4c76-4490-adc8-ca30f50f90e2,Stand-Up India,https://www.standupmitra.in/,Tamil Nadu,Growth,Medium,Tech,,GST Certificate,True
69778b6f5dbe0abc982464e6,28392a03-8b14-46c0-960b-20ac74945676,Stand-Up India,https://www.standupmitra.in/,Tamil Nadu,Growth,Medium,Tech,,Udyam Certificate,True
69778b6f5dbe0abc982464e7,c9221594-11ba-4fc3-829e-89eb912bf048,Stand-Up India,https://www.standupmitra.in/,Tamil Nadu,Growth,Medium,Tech,,Bank Statement,True
69778b6f5dbe0abc982464e8,23917aa1-6179-41ce-b6f8-d2088dc587f7,Stand-Up India,https://www.standupmitra.in/,Tamil Nadu,Growth,Medium,Agri,Extract:,GST Certificate,True
69778b6f5dbe0abc982464e9,3316a3a3-e7aa-49b7-b934-5037702b5860,Stand-Up India,https://www.standupmitra.in/,Tamil Nadu,Growth,Medium,Agri,Extract:,Udyam Certificate,True
69778b6f5dbe0abc982464ea,bf115fd4-4d12-46e6-a152-e01f97ec679d,Stand-Up India,https://www.standupmitra.in/,Tamil Nadu,Growth,Medium,Agri,Extract:,Bank Statement,True
69778b6f5dbe0abc982464eb,02f6e3f3-2d88-4fa6-906a-0b104cb566aa,Stand-Up India,https://www.standupmitra.in/,Tamil Nadu,Growth,Medium,Agri,- Eligibility criteria,GST Certificate,True
69778b6f5dbe0abc982464ec,1aa4aa50-e8c3-480c-8044-db6dc5406192,Stand-Up India,https://www.standupmitra.in/,Tamil Nadu,Growth,Medium,Agri,- Eligibility criteria,Udyam Certificate,True
69778b6f5dbe0abc982464ed,55673320-3894-4c93-82d9-6b73617a74a1,Stand-Up India,https://www.standupmitra.in/,Tamil Nadu,Growth,Medium,Agri,- Eligibility criteria,Bank Statement,True
69778b6f5dbe0abc982464ee,7611bf19-c166-4970-a134-2af80950e8b5,Stand-Up India,https://www.standupmitra.in/,Tamil Nadu,Growth,Medium,Agri,- Required documents,GST Certificate,True
69778b6f5dbe0abc982464ef,8e9dc438-d4de-4688-a1f1-c8e79463c680,Stand-Up India,https://www.standupmitra.in/,Tamil Nadu,Growth,Medium,Agri,- Required documents,Udyam Certificate,True
69778b6f5dbe0abc982464f0,737e388a-b0e2-4aea-ad60-31ccf801aedf,Stand-Up India,https://www.standupmitra.in/,Tamil Nadu,Growth,Medium,Agri,- Required documents,Bank Statement,True
69778b6f5dbe0abc982464f1,3438181e-d566-4c6d-93f8-21b24220a962,Stand-Up India,https://www.standupmitra.in/,Tamil Nadu,Growth,Medium,Agri,Return as bullet points.,GST Certificate,True
69778b6f5dbe0abc982464f2,1645d4c2-62eb-4892-8b71-2708e184c7b5,Stand-Up India,https://www.standupmitra.in/,Tamil Nadu,Growth,Medium,Agri,Return as bullet points.,Udyam Certificate,True
69778b6f5dbe0abc982464f3,292d1944-764b-4450-b0f4-721f88cd158a,Stand-Up India,https://www.standupmitra.in/,Tamil Nadu,Growth,Medium,Agri,Return as bullet points.,Bank Statement,True
69778b6f5dbe0abc982464f4,bca318f0-09f8-466a-bb8d-bb05bec1b838,Stand-Up India,https://www.standupmitra.in/,Tamil Nadu,Growth,Medium,Agri,,GST Certificate,True
69778b6f5dbe0abc982464f5,1c87e2dd-b372-44c1-ab84-649648af1673,Stand-Up India,https://www.standupmitra.in/,Tamil Nadu,Growth,Medium,Agri,,Udyam Certificate,True
69778b6f5dbe0abc982464f6,47bc09df-61d2-4f52-a52e-53122619ee58,Stand-Up India,https://www.standupmitra.in/,Tamil Nadu,Growth,Medium,Agri,,Bank Statement,True
69778b6f5dbe0abc982464f7,39f8849b-ff18-4b62-8cc5-e3be63162ddd,Stand-Up India,https://www.standupmitra.in/,Tamil Nadu,Growth,Medium,Agri,TEXT:,GST Certificate,True
69778b6f5dbe0abc982464f8,c9ca5d03-f7ef-44a9-94f9-221ee4d1c6df,Stand-Up India,https://www.standupmitra.in/,Tamil Nadu,Growth,Medium,Agri,TEXT:,Udyam Certificate,True
69778b6f5dbe0abc982464f9,2ba714a2-7bfb-4ab8-8e13-fb2e4329e12a,Stand-Up India,https://www.standupmitra.in/,Tamil Nadu,Growth,Medium,Agri,TEXT:,Bank Statement,True
69778b6f5dbe0abc982464fa,be0de1c9-a1fd-4ec1-a85e-823390c7c12b,Stand-Up India,https://www.standupmitra.in/,Tamil Nadu,Growth,Medium,Agri,StandupIndia Login Applicaunt Login Applicaant Registration Other Users Home About Us Stand-Up India Scheme facilitate...,GST Certificate,True
69778b6f5dbe0abc982464fb,fbaaf709-7b03-4cce-8878-c5a001d6c5b8,Stand-Up India,https://www.standupmitra.in/,Tamil Nadu,Growth,Medium,Agri,StandupIndia Login Applicaunt Login Applicaant Registration Other Users Home About Us Stand-Up India Scheme facilitate...,Udyam Certificate,True
69778b6f5dbe0abc982464fc,c693036e-a9e5-4fab-9fd9-a06e2c522f3d,Stand-Up India,https://www.standupmitra.in/,Tamil Nadu,Growth,Medium,Agri,StandupIndia Login Applicaunt Login Applicaant Registration Other Users Home About Us Stand-Up India Scheme facilitate...,Bank Statement,True
69778b6f5dbe0abc982464fd,6e2468ac-5f19-458c-aef0-0a9351a24881,Stand-Up India,https://www.standupmitra.in/,Tamil Nadu,Growth,Medium,Agri,,GST Certificate,True
69778b6f5dbe0abc982464fe,0f4c03fb-ef19-46a0-a52e-eb5e7481a359,Stand-Up India,https://www.standupmitra.in/,Tamil Nadu,Growth,Medium,Agri,,Udyam Certificate,True
69778b6f5dbe0abc982464ff,3b20d5d4-fe41-4ee6-9e72-5ff76f882914,Stand-Up India,https://www.standupmitra.in/,Tamil Nadu,Growth,Medium,Agri,,Bank Statement,True
69778b6f5dbe0abc98246500,1b8e9d8f-c471-4665-a62d-a256b2eb44c8,Stand-Up India,https://www.standupmitra.in/,Tamil Nadu,Growth,Medium,Agri,"Communities Stand-up India Scheme facilitates bank loan between ₹10 lakhs and ₹1 crore for Applicants to establish a greenfield enterprise. The Borrower Type Loans to SC/ST and Women Entrepreneurs with at least 51% of the shareholding and controlling stake, either an SC/ST or woman entrepreneur. Salient Features:",GST Certificate,True
69778b6f5dbe0abc98246501,2d27931a-5df3-4efe-aa03-d815a11cd0f6,Stand-Up India,https://www.standupmitra.in/,Tamil Nadu,Growth,Medium,Agri,"Communities Stand-up India Scheme facilitates bank loan between ₹10 lakhs and ₹1 crore for Applicants to establish a greenfield enterprise. The Borrower Type Loans to SC/ST and Women Entrepreneurs with at least 51% of the shareholding and controlling stake, either an SC/ST or woman entrepreneur. Salient Features:",Udyam Certificate,True
69778b6f5dbe0abc98246502,011992f2-d332-45ae-8a05-e6e7961faf26,Stand-Up India,https://www.standupmitra.in/,Tamil Nadu,Growth,Medium,Agri,"Communities Stand-up India Scheme facilitates bank loan between ₹10 lakhs and ₹1 crore for Applicants to establish a greenfield enterprise. The Borrower Type Loans to SC/ST and Women Entrepreneurs with at least 51% of the shareholding and controlling stake, either an SC/ST or woman entrepreneur. Salient Features:",Bank Statement,True
69778b6f5dbe0abc98246503,86fcc1e7-9d06-4f12-adbe-847a7ca926bc,Stand-Up India,https://www.standupmitra.in/,Tamil Nadu,Growth,Medium,Agri,- Loans of between ₹10 lakhs to ₹1 crore for Applicants.,GST Certificate,True
69778b6f5dbe0abc98246504,0e9d016f-4246-45ff-b25b-8699c604bded,Stand-Up India,https://www.standupmitra.in/,Tamil Nadu,Growth,Medium,Agri,- Loans of between ₹10 lakhs to ₹1 crore for Applicants.,Udyam Certificate,True
69778b6f5dbe0abc98246505,cbd2c843-cbb5-4f7e-96de-bb8004070532,Stand-Up India,https://www.standupmitra.in/,Tamil Nadu,Growth,Medium,Agri,- Loans of between ₹10 lakhs to ₹1 crore for Applicants.,Bank Statement,True
69778b6f5dbe0abc98246506,56538f5c-2d33-4cb5-8d68-99d63697837e,Stand-Up India,https://www.standupmitra.in/,Tamil Nadu,Growth,Medium,Agri,- Enterprise loans for setting up a greenfield enterprise.,GST Certificate,True
69778b6f5dbe0abc98246507,3876c492-42db-4b02-86f1-cc68398ddd3a,Stand-Up India,https://www.standupmitra.in/,Tamil Nadu,Growth,Medium,Agri,- Enterprise loans for setting up a greenfield enterprise.,Udyam Certificate,True
69778b6f5dbe0abc98246508,1c5012a9-7277-4e70-ac47-d2998930fd7a,Stand-Up India,https://www.standupmitra.in/,Tamil Nadu,Growth,Medium,Agri,- Enterprise loans for setting up a greenfield enterprise.,Bank Statement,True
69778b6f5dbe0abc98246509,f71a224d-59eb-4acb-b438-a996577ba318,Stand-Up India,https://www.standupmitra.in/,Tamil Nadu,Growth,Medium,Agri,- Loan size is from ₹10 lakhs to ₹1 crore.,GST Certificate,True
69778b6f5dbe0abc9824650a,50bf05aa-6d31-4125-9769-2f18a04b2e94,Stand-Up India,https://www.standupmitra.in/,Tamil Nadu,Growth,Medium,Agri,- Loan size is from ₹10 lakhs to ₹1 crore.,Udyam Certificate,True
69778b6f5dbe0abc9824650b,2ad92aa0-4055-484c-8f22-98d2f98d2ab4,Stand-Up India,https://www.standupmitra.in/,Tamil Nadu,Growth,Medium,Agri,- Loan size is from ₹10 lakhs to ₹1 crore.,Bank Statement,True
69778b6f5dbe0abc9824650c,73a46c3d-71f6-4505-aec1-b55ccc967331,Stand-Up India,https://www.standupmitra.in/,Tamil Nadu,Growth,Medium,Agri,- Comprises a composite loan (including Term Loan and Working Capital).,GST Certificate,True
69778b6f5dbe0abc9824650d,5c28d851-b673-4297-9ea9-23df1045bf67,Stand-Up India,https://www.standupmitra.in/,Tamil Nadu,Growth,Medium,Agri,- Comprises a composite loan (including Term Loan and Working Capital).,Udyam Certificate,True
69778b6f5dbe0abc9824650e,26b00c39-2225-4f1b-808e-28bfaf9fef5b,Stand-Up India,https://www.standupmitra.in/,Tamil Nadu,Growth,Medium,Agri,- Comprises a composite loan (including Term Loan and Working Capital).,Bank Statement,True
69778b6f5dbe0abc9824650f,a5d0a6d4-9936-407a-930a-187ff13a49e5,Stand-Up India,https://www.standupmitra.in/,Tamil Nadu,Growth,Medium,Agri,"- Key Elements: Stand-Up India Ecosystem, Promoter Contribution of 15%, Marginal Money security cover under Credit Guarantee Fund Scheme for Stand-Up India Loans (CGFSIL). Impact Stories:",GST Certificate,True
69778b6f5dbe0abc98246510,55b01a51-0df1-4051-8378-9b7b58db4bbf,Stand-Up India,https://www.standupmitra.in/,Tamil Nadu,Growth,Medium,Agri,"- Key Elements: Stand-Up India Ecosystem, Promoter Contribution of 15%, Marginal Money security cover under Credit Guarantee Fund Scheme for Stand-Up India Loans (CGFSIL). Impact Stories:",Udyam Certificate,True
69778b6f5dbe0abc98246511,48641432-0f59-43b4-8dd5-81d92a27c300,Stand-Up India,https://www.standupmitra.in/,Tamil Nadu,Growth,Medium,Agri,"- Key Elements: Stand-Up India Ecosystem, Promoter Contribution of 15%, Marginal Money security cover under Credit Guarantee Fund Scheme for Stand-Up India Loans (CGFSIL). Impact Stories:",Bank Statement,True
69778b6f5dbe0abc98246512,0626ddaf-28b1-4150-bc2c-36bc6df30b98,Stand-Up India,https://www.standupmitra.in/,Tamil Nadu,Growth,Medium,Agri,"- Prometheus is the beneficiary under STAND UP INDIA loan scheme. She has been given a loan for setting up of an Optometric clinic with vision therapy as she is a low vision therapist. As per the promoteur, she can earn Rs.1 lakhs per month from the Optical Gallery cum Optometric Clinic, which has vision therapy - as a low vision specialist, and has been granted loan sanction by PNB, Anna Nagar Branch, Chennai.",GST Certificate,True
69778b6f5dbe0abc98246513,406300c3-af7d-4793-85c2-7b3363658b59,Stand-Up India,https://www.standupmitra.in/,Tamil Nadu,Growth,Medium,Agri,"- Prometheus is the beneficiary under STAND UP INDIA loan scheme. She has been given a loan for setting up of an Optometric clinic with vision therapy as she is a low vision therapist. As per the promoteur, she can earn Rs.1 lakhs per month from the Optical Gallery cum Optometric Clinic, which has vision therapy - as a low vision specialist, and has been granted loan sanction by PNB, Anna Nagar Branch, Chennai.",Udyam Certificate,True
69778b6f5dbe0abc98246514,76ced836-0f8a-4822-a719-b4e540502e89,Stand-Up India,https://www.standupmitra.in/,Tamil Nadu,Growth,Medium,Agri,"- Prometheus is the beneficiary under STAND UP INDIA loan scheme. She has been given a loan for setting up of an Optometric clinic with vision therapy as she is a low vision therapist. As per the promoteur, she can earn Rs.1 lakhs per month from the Optical Gallery cum Optometric Clinic, which has vision therapy - as a low vision specialist, and has been granted loan sanction by PNB, Anna Nagar Branch, Chennai.",Bank Statement,True
69778b6f5dbe0abc98246515,f4ecff97-c8f7-4c13-b50a-fca1194de6b8,Stand-Up India,https://www.standupmitra.in/,Tamil Nadu,Growth,Medium,Agri,"- Gaining experience from her father in law, the promoteur is able to stand alone as an optometrist after gaining experience from him. She has seen the website and learnt about the Anna Nagar branch extending STAND UP INDIA scheme and approached directly. According to the promoteur, she never dreamt of getting loan sanctioned in shortest time, which is why she is very happy and able to earn Rs.1 lakhs per month from the Optical Gallery cum Optometric Clinic, which has vision therapy - as a low v",GST Certificate,True
69778b6f5dbe0abc98246516,29d401cb-e5f2-41c9-aac3-786cf137ad62,Stand-Up India,https://www.standupmitra.in/,Tamil Nadu,Growth,Medium,Agri,"- Gaining experience from her father in law, the promoteur is able to stand alone as an optometrist after gaining experience from him. She has seen the website and learnt about the Anna Nagar branch extending STAND UP INDIA scheme and approached directly. According to the promoteur, she never dreamt of getting loan sanctioned in shortest time, which is why she is very happy and able to earn Rs.1 lakhs per month from the Optical Gallery cum Optometric Clinic, which has vision therapy - as a low v",Udyam Certificate,True
69778b6f5dbe0abc98246517,f52a1aed-ed3f-4d2b-83fe-61ae3d62cc55,Stand-Up India,https://www.standupmitra.in/,Tamil Nadu,Growth,Medium,Agri,"- Gaining experience from her father in law, the promoteur is able to stand alone as an optometrist after gaining experience from him. She has seen the website and learnt about the Anna Nagar branch extending STAND UP INDIA scheme and approached directly. According to the promoteur, she never dreamt of getting loan sanctioned in shortest time, which is why she is very happy and able to earn Rs.1 lakhs per month from the Optical Gallery cum Optometric Clinic, which has vision therapy - as a low v",Bank Statement,True
69778b6f5dbe0abc98246518,cf620813-d2a3-453f-be1e-567468dd7c42,Stand-Up India,https://www.standupmitra.in/,Tamil Nadu,Growth,Medium,Agri,,GST Certificate,True
69778b6f5dbe0abc98246519,a0b9cff9-8605-4cc5-950f-16c7aba125b7,Stand-Up India,https://www.standupmitra.in/,Tamil Nadu,Growth,Medium,Agri,,Udyam Certificate,True
69778b6f5dbe0abc9824651a,e12c3298-b004-4d6a-9d93-331de2047044,Stand-Up India,https://www.standupmitra.in/,Tamil Nadu,Growth,Medium,Agri,,Bank Statement,True
69778b6f5dbe0abc9824651b,4cb7e25a-fadb-452f-ab92-cb811be5ffed,Stand-Up India,https://www.standupmitra.in/,Tamil Nadu,Growth,Medium,Agri,,GST Certificate,True
69778b6f5dbe0abc9824651c,092be719-38b4-4076-a208-4b346d1d131d,Stand-Up India,https://www.standupmitra.in/,Tamil Nadu,Growth,Medium,Agri,,Udyam Certificate,True
69778b6f5dbe0abc9824651d,1612eeba-8a11-4a99-8f3f-aec724de73aa,Stand-Up India,https://www.standupmitra.in/,Tamil Nadu,Growth,Medium,Agri,,Bank Statement,True
69778b6f5dbe0abc9824651e,f491e124-4c53-4001-8efd-e45a310ace6a,Stand-Up India,https://www.standupmitra.in/,Karnataka,Idea,Micro,Manufacturing,Extract:,GST Certificate,True
69778b6f5dbe0abc9824651f,87b9106f-f87e-4116-88b6-729cf6585b68,Stand-Up India,https://www.standupmitra.in/,Karnataka,Idea,Micro,Manufacturing,Extract:,Udyam Certificate,True
69778b6f5dbe0abc98246520,9fda8615-feaf-4029-ba02-7d766340bf7f,Stand-Up India,https://www.standupmitra.in/,Karnataka,Idea,Micro,Manufacturing,Extract:,Bank Statement,True
69778b6f5dbe0abc98246521,0a7ec424-884d-475f-8150-c1261fb78a6d,Stand-Up India,https://www.standupmitra.in/,Karnataka,Idea,Micro,Manufacturing,- Eligibility criteria,GST Certificate,True
69778b6f5dbe0abc98246522,bd04fda6-e890-4113-8250-f868bfba90f6,Stand-Up India,https://www.standupmitra.in/,Karnataka,Idea,Micro,Manufacturing,- Eligibility criteria,Udyam Certificate,True
69778b6f5dbe0abc98246523,81218d08-13d2-4dda-bf6c-358256b9cba2,Stand-Up India,https://www.standupmitra.in/,Karnataka,Idea,Micro,Manufacturing,- Eligibility criteria,Bank Statement,True
69778b6f5dbe0abc98246524,70880fbb-32fa-4d29-9127-1e6fc8205a50,Stand-Up India,https://www.standupmitra.in/,Karnataka,Idea,Micro,Manufacturing,- Required documents,GST Certificate,True
69778b6f5dbe0abc98246525,78454d2e-ace9-4c93-af7b-0eed0becfb24,Stand-Up India,https://www.standupmitra.in/,Karnataka,Idea,Micro,Manufacturing,- Required documents,Udyam Certificate,True
69778b6f5dbe0abc98246526,dc9634bf-86ba-4251-b7e2-dc69551c17af,Stand-Up India,https://www.standupmitra.in/,Karnataka,Idea,Micro,Manufacturing,- Required documents,Bank Statement,True
69778b6f5dbe0abc98246527,f2da1b02-212b-407b-930f-ec3e37831ced,Stand-Up India,https://www.standupmitra.in/,Karnataka,Idea,Micro,Manufacturing,Return as bullet points.,GST Certificate,True
69778b6f5dbe0abc98246528,08766f2a-2f70-49d0-a68a-6b67346b8f8b,Stand-Up India,https://www.standupmitra.in/,Karnataka,Idea,Micro,Manufacturing,Return as bullet points.,Udyam Certificate,True
69778b6f5dbe0abc98246529,8e8b3528-2d61-4402-87ff-11bf0f8b40d5,Stand-Up India,https://www.standupmitra.in/,Karnataka,Idea,Micro,Manufacturing,Return as bullet points.,Bank Statement,True
69778b6f5dbe0abc9824652a,d3e99c69-608a-483d-ad81-7ff71ff00bed,Stand-Up India,https://www.standupmitra.in/,Karnataka,Idea,Micro,Manufacturing,,GST Certificate,True
69778b6f5dbe0abc9824652b,f31c5061-7535-49ee-8cf6-e65cfe8e1bd3,Stand-Up India,https://www.standupmitra.in/,Karnataka,Idea,Micro,Manufacturing,,Udyam Certificate,True
69778b6f5dbe0abc9824652c,4971b9c5-d140-4f67-a84c-ff6d3f226c84,Stand-Up India,https://www.standupmitra.in/,Karnataka,Idea,Micro,Manufacturing,,Bank Statement,True
69778b6f5dbe0abc9824652d,66bab3d2-ecfe-4ca7-a5b7-0ac682432b1b,Stand-Up India,https://www.standupmitra.in/,Karnataka,Idea,Micro,Manufacturing,TEXT:,GST Certificate,True
69778b6f5dbe0abc9824652e,4149f7bd-1acf-4837-808a-629b25860aab,Stand-Up India,https://www.standupmitra.in/,Karnataka,Idea,Micro,Manufacturing,TEXT:,Udyam Certificate,True
69778b6f5dbe0abc9824652f,4c8291bb-fb82-4e0f-be18-33ec08cb6b8b,Stand-Up India,https://www.standupmitra.in/,Karnataka,Idea,Micro,Manufacturing,TEXT:,Bank Statement,True
69778b6f5dbe0abc98246530,7119ffda-3994-40f0-9b9f-85a13784ffd2,Stand-Up India,https://www.standupmitra.in/,Karnataka,Idea,Micro,Manufacturing,StandupIndia Login Applicaunt Login Applicaant Registration Other Users Home About Us Stand-Up India Scheme facilitate...,GST Certificate,True
69778b6f5dbe0abc98246531,69285988-91d9-406f-8c53-475455749e69,Stand-Up India,https://www.standupmitra.in/,Karnataka,Idea,Micro,Manufacturing,StandupIndia Login Applicaunt Login Applicaant Registration Other Users Home About Us Stand-Up India Scheme facilitate...,Udyam Certificate,True
69778b6f5dbe0abc98246532,1c418075-a893-4bf6-9d11-89048851448e,Stand-Up India,https://www.standupmitra.in/,Karnataka,Idea,Micro,Manufacturing,StandupIndia Login Applicaunt Login Applicaant Registration Other Users Home About Us Stand-Up India Scheme facilitate...,Bank Statement,True
69778b6f5dbe0abc98246533,3e1acb0d-241d-47be-acac-10515d9cae77,Stand-Up India,https://www.standupmitra.in/,Karnataka,Idea,Micro,Manufacturing,,GST Certificate,True
69778b6f5dbe0abc98246534,1ec96f12-ab34-43e5-a363-cb73bdc94cd8,Stand-Up India,https://www.standupmitra.in/,Karnataka,Idea,Micro,Manufacturing,,Udyam Certificate,True
69778b6f5dbe0abc98246535,5f492907-b0b1-4817-b90f-3fac3df4e80d,Stand-Up India,https://www.standupmitra.in/,Karnataka,Idea,Micro,Manufacturing,,Bank Statement,True
69778b6f5dbe0abc98246536,c999d4d3-30e0-45d8-8ccf-cde9aa12dfc9,Stand-Up India,https://www.standupmitra.in/,Karnataka,Idea,Micro,Manufacturing,"Communities Stand-up India Scheme facilitates bank loan between ₹10 lakhs and ₹1 crore for Applicants to establish a greenfield enterprise. The Borrower Type Loans to SC/ST and Women Entrepreneurs with at least 51% of the shareholding and controlling stake, either an SC/ST or woman entrepreneur. Salient Features:",GST Certificate,True
69778b6f5dbe0abc98246537,0fe599e2-e0ad-487c-a767-13908b05511d,Stand-Up India,https://www.standupmitra.in/,Karnataka,Idea,Micro,Manufacturing,"Communities Stand-up India Scheme facilitates bank loan between ₹10 lakhs and ₹1 crore for Applicants to establish a greenfield enterprise. The Borrower Type Loans to SC/ST and Women Entrepreneurs with at least 51% of the shareholding and controlling stake, either an SC/ST or woman entrepreneur. Salient Features:",Udyam Certificate,True
69778b6f5dbe0abc98246538,080a54c5-88f3-4ad8-9968-5c26fc52390b,Stand-Up India,https://www.standupmitra.in/,Karnataka,Idea,Micro,Manufacturing,"Communities Stand-up India Scheme facilitates bank loan between ₹10 lakhs and ₹1 crore for Applicants to establish a greenfield enterprise. The Borrower Type Loans to SC/ST and Women Entrepreneurs with at least 51% of the shareholding and controlling stake, either an SC/ST or woman entrepreneur. Salient Features:",Bank Statement,True
69778b6f5dbe0abc98246539,42fc34ef-5455-46b2-9680-16a233d63ff0,Stand-Up India,https://www.standupmitra.in/,Karnataka,Idea,Micro,Manufacturing,- Loans of between ₹10 lakhs to ₹1 crore for Applicants.,GST Certificate,True
69778b6f5dbe0abc9824653a,b2541bfb-b75c-4f5e-9dab-47be12ef3211,Stand-Up India,https://www.standupmitra.in/,Karnataka,Idea,Micro,Manufacturing,- Loans of between ₹10 lakhs to ₹1 crore for Applicants.,Udyam Certificate,True
69778b6f5dbe0abc9824653b,e6ca2eb3-022b-4158-803b-ca8a87809d0d,Stand-Up India,https://www.standupmitra.in/,Karnataka,Idea,Micro,Manufacturing,- Loans of between ₹10 lakhs to ₹1 crore for Applicants.,Bank Statement,True
69778b6f5dbe0abc9824653c,c78120ba-f556-441f-b843-9ff3910d5d1d,Stand-Up India,https://www.standupmitra.in/,Karnataka,Idea,Micro,Manufacturing,- Enterprise loans for setting up a greenfield enterprise.,GST Certificate,True
69778b6f5dbe0abc9824653d,55c5050f-4f0f-4765-b594-394a9278f7b3,Stand-Up India,https://www.standupmitra.in/,Karnataka,Idea,Micro,Manufacturing,- Enterprise loans for setting up a greenfield enterprise.,Udyam Certificate,True
69778b6f5dbe0abc9824653e,3c99002f-072f-4857-8e63-560e9320b205,Stand-Up India,https://www.standupmitra.in/,Karnataka,Idea,Micro,Manufacturing,- Enterprise loans for setting up a greenfield enterprise.,Bank Statement,True
69778b6f5dbe0abc9824653f,78fe4317-be0a-4451-aae4-3d4822120d59,Stand-Up India,https://www.standupmitra.in/,Karnataka,Idea,Micro,Manufacturing,- Loan size is from ₹10 lakhs to ₹1 crore.,GST Certificate,True
69778b6f5dbe0abc98246540,92bae2d1-9ade-4ea5-b2f7-6478dbe60a50,Stand-Up India,https://www.standupmitra.in/,Karnataka,Idea,Micro,Manufacturing,- Loan size is from ₹10 lakhs to ₹1 crore.,Udyam Certificate,True
69778b6f5dbe0abc98246541,9449d2e6-cd8a-4c00-aaff-7b97e01b4e75,Stand-Up India,https://www.standupmitra.in/,Karnataka,Idea,Micro,Manufacturing,- Loan size is from ₹10 lakhs to ₹1 crore.,Bank Statement,True
69778b6f5dbe0abc98246542,0c82d435-10e0-4e0d-aeda-979b87153567,Stand-Up India,https://www.standupmitra.in/,Karnataka,Idea,Micro,Manufacturing,- Comprises a composite loan (including Term Loan and Working Capital).,GST Certificate,True
69778b6f5dbe0abc98246543,34ec239b-8ed8-4d8c-83e8-eb40fb5df3cd,Stand-Up India,https://www.standupmitra.in/,Karnataka,Idea,Micro,Manufacturing,- Comprises a composite loan (including Term Loan and Working Capital).,Udyam Certificate,True
69778b6f5dbe0abc98246544,e19811a2-b3b2-4ae6-b0e2-08fe43ad31e3,Stand-Up India,https://www.standupmitra.in/,Karnataka,Idea,Micro,Manufacturing,- Comprises a composite loan (including Term Loan and Working Capital).,Bank Statement,True
69778b6f5dbe0abc98246545,d7fd7434-84d2-4ccc-ad91-34c3adedcfa2,Stand-Up India,https://www.standupmitra.in/,Karnataka,Idea,Micro,Manufacturing,"- Key Elements: Stand-Up India Ecosystem, Promoter Contribution of 15%, Marginal Money security cover under Credit Guarantee Fund Scheme for Stand-Up India Loans (CGFSIL). Impact Stories:",GST Certificate,True
69778b6f5dbe0abc98246546,ce3e5446-50eb-4261-a176-cab54da432d3,Stand-Up India,https://www.standupmitra.in/,Karnataka,Idea,Micro,Manufacturing,"- Key Elements: Stand-Up India Ecosystem, Promoter Contribution of 15%, Marginal Money security cover under Credit Guarantee Fund Scheme for Stand-Up India Loans (CGFSIL). Impact Stories:",Udyam Certificate,True
69778b6f5dbe0abc98246547,aeda989c-de52-4a07-8a93-600d4a083c4a,Stand-Up India,https://www.standupmitra.in/,Karnataka,Idea,Micro,Manufacturing,"- Key Elements: Stand-Up India Ecosystem, Promoter Contribution of 15%, Marginal Money security cover under Credit Guarantee Fund Scheme for Stand-Up India Loans (CGFSIL). Impact Stories:",Bank Statement,True
69778b6f5dbe0abc98246548,03043f6c-abcd-414e-a86b-e733bca16d2b,Stand-Up India,https://www.standupmitra.in/,Karnataka,Idea,Micro,Manufacturing,"- Prometheus is the beneficiary under STAND UP INDIA loan scheme. She has been given a loan for setting up of an Optometric clinic with vision therapy as she is a low vision therapist. As per the promoteur, she can earn Rs.1 lakhs per month from the Optical Gallery cum Optometric Clinic, which has vision therapy - as a low vision specialist, and has been granted loan sanction by PNB, Anna Nagar Branch, Chennai.",GST Certificate,True
69778b6f5dbe0abc98246549,0a12d4ac-00b7-4903-83a1-d0866169b630,Stand-Up India,https://www.standupmitra.in/,Karnataka,Idea,Micro,Manufacturing,"- Prometheus is the beneficiary under STAND UP INDIA loan scheme. She has been given a loan for setting up of an Optometric clinic with vision therapy as she is a low vision therapist. As per the promoteur, she can earn Rs.1 lakhs per month from the Optical Gallery cum Optometric Clinic, which has vision therapy - as a low vision specialist, and has been granted loan sanction by PNB, Anna Nagar Branch, Chennai.",Udyam Certificate,True
69778b6f5dbe0abc9824654a,bddfe18b-9a9c-4a78-85ec-e01545a33bda,Stand-Up India,https://www.standupmitra.in/,Karnataka,Idea,Micro,Manufacturing,"- Prometheus is the beneficiary under STAND UP INDIA loan scheme. She has been given a loan for setting up of an Optometric clinic with vision therapy as she is a low vision therapist. As per the promoteur, she can earn Rs.1 lakhs per month from the Optical Gallery cum Optometric Clinic, which has vision therapy - as a low vision specialist, and has been granted loan sanction by PNB, Anna Nagar Branch, Chennai.",Bank Statement,True
69778b6f5dbe0abc9824654b,e4155ccd-3914-412a-8aec-f6f41602b85c,Stand-Up India,https://www.standupmitra.in/,Karnataka,Idea,Micro,Manufacturing,"- Gaining experience from her father in law, the promoteur is able to stand alone as an optometrist after gaining experience from him. She has seen the website and learnt about the Anna Nagar branch extending STAND UP INDIA scheme and approached directly. According to the promoteur, she never dreamt of getting loan sanctioned in shortest time, which is why she is very happy and able to earn Rs.1 lakhs per month from the Optical Gallery cum Optometric Clinic, which has vision therapy - as a low v",GST Certificate,True
69778b6f5dbe0abc9824654c,2b2bc81e-f1de-4c03-ae39-1d8c6430da72,Stand-Up India,https://www.standupmitra.in/,Karnataka,Idea,Micro,Manufacturing,"- Gaining experience from her father in law, the promoteur is able to stand alone as an optometrist after gaining experience from him. She has seen the website and learnt about the Anna Nagar branch extending STAND UP INDIA scheme and approached directly. According to the promoteur, she never dreamt of getting loan sanctioned in shortest time, which is why she is very happy and able to earn Rs.1 lakhs per month from the Optical Gallery cum Optometric Clinic, which has vision therapy - as a low v",Udyam Certificate,True
69778b6f5dbe0abc9824654d,0c516cbe-6dac-4d54-9a8a-d965d9c29bce,Stand-Up India,https://www.standupmitra.in/,Karnataka,Idea,Micro,Manufacturing,"- Gaining experience from her father in law, the promoteur is able to stand alone as an optometrist after gaining experience from him. She has seen the website and learnt about the Anna Nagar branch extending STAND UP INDIA scheme and approached directly. According to the promoteur, she never dreamt of getting loan sanctioned in shortest time, which is why she is very happy and able to earn Rs.1 lakhs per month from the Optical Gallery cum Optometric Clinic, which has vision therapy - as a low v",Bank Statement,True
69778b6f5dbe0abc9824654e,92668dbd-d565-4ce6-abdd-233460491f9c,Stand-Up India,https://www.standupmitra.in/,Karnataka,Idea,Micro,Manufacturing,,GST Certificate,True
69778b6f5dbe0abc9824654f,417a3504-462d-4499-a801-fc544d434d6b,Stand-Up India,https://www.standupmitra.in/,Karnataka,Idea,Micro,Manufacturing,,Udyam Certificate,True
69778b6f5dbe0abc98246550,6617ff2c-98f4-4666-aad8-f871a0086255,Stand-Up India,https://www.standupmitra.in/,Karnataka,Idea,Micro,Manufacturing,,Bank Statement,True
69778b6f5dbe0abc98246551,cf6b298a-87da-4842-97e6-386e958a8c9c,Stand-Up India,https://www.standupmitra.in/,Karnataka,Idea,Micro,Manufacturing,,GST Certificate,True
69778b6f5dbe0abc98246552,f8042d5d-aba3-41f4-bef0-efcdc53ea32a,Stand-Up India,https://www.standupmitra.in/,Karnataka,Idea,Micro,Manufacturing,,Udyam Certificate,True
69778b6f5dbe0abc98246553,9bf7746c-d495-47b2-93a3-369652d62342,Stand-Up India,https://www.standupmitra.in/,Karnataka,Idea,Micro,Manufacturing,,Bank Statement,True
69778b6f5dbe0abc98246554,d0b0832a-db02-4079-bd6b-59908877f91f,Stand-Up India,https://www.standupmitra.in/,Karnataka,Idea,Micro,Service,Extract:,GST Certificate,True
69778b6f5dbe0abc98246555,20fd03a2-caa9-491a-ace9-b722a5c83fc1,Stand-Up India,https://www.standupmitra.in/,Karnataka,Idea,Micro,Service,Extract:,Udyam Certificate,True
69778b6f5dbe0abc98246556,3f16bb74-f1e5-4e3d-ae1d-d9fd456afb3e,Stand-Up India,https://www.standupmitra.in/,Karnataka,Idea,Micro,Service,Extract:,Bank Statement,True
69778b6f5dbe0abc98246557,fc1b7322-c553-45e4-8569-da9a722efb1c,Stand-Up India,https://www.standupmitra.in/,Karnataka,Idea,Micro,Service,- Eligibility criteria,GST Certificate,True
69778b6f5dbe0abc98246558,48d0a18d-b1f1-40c0-8ad1-c126bb59bd67,Stand-Up India,https://www.standupmitra.in/,Karnataka,Idea,Micro,Service,- Eligibility criteria,Udyam Certificate,True
69778b6f5dbe0abc98246559,d3357c8f-5d67-4201-be5e-04f33cb5c7c3,Stand-Up India,https://www.standupmitra.in/,Karnataka,Idea,Micro,Service,- Eligibility criteria,Bank Statement,True
69778b6f5dbe0abc9824655a,02a0fce1-daed-4bfa-bac2-c02aa8971d0a,Stand-Up India,https://www.standupmitra.in/,Karnataka,Idea,Micro,Service,- Required documents,GST Certificate,True
69778b6f5dbe0abc9824655b,73725a01-08e2-4132-919c-320d8111a91b,Stand-Up India,https://www.standupmitra.in/,Karnataka,Idea,Micro,Service,- Required documents,Udyam Certificate,True
69778b6f5dbe0abc9824655c,e669befb-59cf-4502-b5b4-1a0f381c8c46,Stand-Up India,https://www.standupmitra.in/,Karnataka,Idea,Micro,Service,- Required documents,Bank Statement,True
69778b6f5dbe0abc9824655d,7523c9ec-422b-41d9-8ee2-114345bd11cc,Stand-Up India,https://www.standupmitra.in/,Karnataka,Idea,Micro,Service,Return as bullet points.,GST Certificate,True
69778b6f5dbe0abc9824655e,17b86f6b-fb49-44ba-860c-54c51c6c006c,Stand-Up India,https://www.standupmitra.in/,Karnataka,Idea,Micro,Service,Return as bullet points.,Udyam Certificate,True
69778b6f5dbe0abc9824655f,4a01cb20-160b-42c2-9ec5-96ed959f948d,Stand-Up India,https://www.standupmitra.in/,Karnataka,Idea,Micro,Service,Return as bullet points.,Bank Statement,True
69778b6f5dbe0abc98246560,009ad43c-f12c-40a6-bab1-8729fec46d6e,Stand-Up India,https://www.standupmitra.in/,Karnataka,Idea,Micro,Service,,GST Certificate,True
69778b6f5dbe0abc98246561,6be1df58-aa10-4728-a9f3-89da150d4599,Stand-Up India,https://www.standupmitra.in/,Karnataka,Idea,Micro,Service,,Udyam Certificate,True
69778b6f5dbe0abc98246562,90ac5296-b7df-4807-beff-d264ba277f83,Stand-Up India,https://www.standupmitra.in/,Karnataka,Idea,Micro,Service,,Bank Statement,True
69778b6f5dbe0abc98246563,8bc54a37-761a-45f5-b15c-db0637cb7941,Stand-Up India,https://www.standupmitra.in/,Karnataka,Idea,Micro,Service,TEXT:,GST Certificate,True
69778b6f5dbe0abc98246564,37154a4f-a6b1-4a09-9b2f-6a6cc105e62a,Stand-Up India,https://www.standupmitra.in/,Karnataka,Idea,Micro,Service,TEXT:,Udyam Certificate,True
69778b6f5dbe0abc98246565,f4b41b96-00e0-4e3a-93d6-ebd5eca53107,Stand-Up India,https://www.standupmitra.in/,Karnataka,Idea,Micro,Service,TEXT:,Bank Statement,True
69778b6f5dbe0abc98246566,3facea93-2567-45d9-aa56-2773d095a01c,Stand-Up India,https://www.standupmitra.in/,Karnataka,Idea,Micro,Service,StandupIndia Login Applicaunt Login Applicaant Registration Other Users Home About Us Stand-Up India Scheme facilitate...,GST Certificate,True
69778b6f5dbe0abc98246567,c79470ff-b27f-453e-9d77-a98de6cd7bbd,Stand-Up India,https://www.standupmitra.in/,Karnataka,Idea,Micro,Service,StandupIndia Login Applicaunt Login Applicaant Registration Other Users Home About Us Stand-Up India Scheme facilitate...,Udyam Certificate,True
69778b6f5dbe0abc98246568,e577e18c-c555-4c9c-b17c-a60e36cfb498,Stand-Up India,https://www.standupmitra.in/,Karnataka,Idea,Micro,Service,StandupIndia Login Applicaunt Login Applicaant Registration Other Users Home About Us Stand-Up India Scheme facilitate...,Bank Statement,True
69778b6f5dbe0abc98246569,2a95bacc-0169-469a-a345-821305f02462,Stand-Up India,https://www.standupmitra.in/,Karnataka,Idea,Micro,Service,,GST Certificate,True
69778b6f5dbe0abc9824656a,d2ddb2e1-f690-492e-8b11-ab0755f8ee9b,Stand-Up India,https://www.standupmitra.in/,Karnataka,Idea,Micro,Service,,Udyam Certificate,True
69778b6f5dbe0abc9824656b,26ed578e-760e-4346-8409-4e0a295433b4,Stand-Up India,https://www.standupmitra.in/,Karnataka,Idea,Micro,Service,,Bank Statement,True
69778b6f5dbe0abc9824656c,d9166ee4-c889-4d7b-b573-93199e023397,Stand-Up India,https://www.standupmitra.in/,Karnataka,Idea,Micro,Service,"Communities Stand-up India Scheme facilitates bank loan between ₹10 lakhs and ₹1 crore for Applicants to establish a greenfield enterprise. The Borrower Type Loans to SC/ST and Women Entrepreneurs with at least 51% of the shareholding and controlling stake, either an SC/ST or woman entrepreneur. Salient Features:",GST Certificate,True
69778b6f5dbe0abc9824656d,7e494b7f-ae98-4581-902a-ecb63de9933f,Stand-Up India,https://www.standupmitra.in/,Karnataka,Idea,Micro,Service,"Communities Stand-up India Scheme facilitates bank loan between ₹10 lakhs and ₹1 crore for Applicants to establish a greenfield enterprise. The Borrower Type Loans to SC/ST and Women Entrepreneurs with at least 51% of the shareholding and controlling stake, either an SC/ST or woman entrepreneur. Salient Features:",Udyam Certificate,True
69778b6f5dbe0abc9824656e,6e95612b-ae35-4f2a-b8f5-751a252806b0,Stand-Up India,https://www.standupmitra.in/,Karnataka,Idea,Micro,Service,"Communities Stand-up India Scheme facilitates bank loan between ₹10 lakhs and ₹1 crore for Applicants to establish a greenfield enterprise. The Borrower Type Loans to SC/ST and Women Entrepreneurs with at least 51% of the shareholding and controlling stake, either an SC/ST or woman entrepreneur. Salient Features:",Bank Statement,True
69778b6f5dbe0abc9824656f,242f7fb8-6c47-4390-9201-be77682fbc14,Stand-Up India,https://www.standupmitra.in/,Karnataka,Idea,Micro,Service,- Loans of between ₹10 lakhs to ₹1 crore for Applicants.,GST Certificate,True
69778b6f5dbe0abc98246570,9f3a13f1-2dd1-44b1-b14b-db2bf6b849b5,Stand-Up India,https://www.standupmitra.in/,Karnataka,Idea,Micro,Service,- Loans of between ₹10 lakhs to ₹1 crore for Applicants.,Udyam Certificate,True
69778b6f5dbe0abc98246571,d58a68f4-686b-4f9c-819b-928698fdb28e,Stand-Up India,https://www.standupmitra.in/,Karnataka,Idea,Micro,Service,- Loans of between ₹10 lakhs to ₹1 crore for Applicants.,Bank Statement,True
69778b6f5dbe0abc98246572,b2385cac-fe89-4429-a8fe-746b57633147,Stand-Up India,https://www.standupmitra.in/,Karnataka,Idea,Micro,Service,- Enterprise loans for setting up a greenfield enterprise.,GST Certificate,True
69778b6f5dbe0abc98246573,62669554-e1dc-4b5f-bff9-aca55a540b32,Stand-Up India,https://www.standupmitra.in/,Karnataka,Idea,Micro,Service,- Enterprise loans for setting up a greenfield enterprise.,Udyam Certificate,True
69778b6f5dbe0abc98246574,47e2ef8d-3432-454d-b420-476cf08ae3fb,Stand-Up India,https://www.standupmitra.in/,Karnataka,Idea,Micro,Service,- Enterprise loans for setting up a greenfield enterprise.,Bank Statement,True
69778b6f5dbe0abc98246575,50f2d866-ea77-4962-ae90-c35ea6d128dd,Stand-Up India,https://www.standupmitra.in/,Karnataka,Idea,Micro,Service,- Loan size is from ₹10 lakhs to ₹1 crore.,GST Certificate,True
69778b6f5dbe0abc98246576,7409ab7c-3203-4643-a174-585d6147927c,Stand-Up India,https://www.standupmitra.in/,Karnataka,Idea,Micro,Service,- Loan size is from ₹10 lakhs to ₹1 crore.,Udyam Certificate,True
69778b6f5dbe0abc98246577,d238e099-4181-4a65-89d0-67c9a1e5bceb,Stand-Up India,https://www.standupmitra.in/,Karnataka,Idea,Micro,Service,- Loan size is from ₹10 lakhs to ₹1 crore.,Bank Statement,True
69778b6f5dbe0abc98246578,7982ac2b-57fa-4656-9c4a-657401020b59,Stand-Up India,https://www.standupmitra.in/,Karnataka,Idea,Micro,Service,- Comprises a composite loan (including Term Loan and Working Capital).,GST Certificate,True
69778b6f5dbe0abc98246579,7faaee85-88e3-4171-89ea-c63ec15b1988,Stand-Up India,https://www.standupmitra.in/,Karnataka,Idea,Micro,Service,- Comprises a composite loan (including Term Loan and Working Capital).,Udyam Certificate,True
69778b6f5dbe0abc9824657a,51720d2a-72a2-428d-a8bb-1b339d613dfc,Stand-Up India,https://www.standupmitra.in/,Karnataka,Idea,Micro,Service,- Comprises a composite loan (including Term Loan and Working Capital).,Bank Statement,True
69778b6f5dbe0abc9824657b,1d11403f-1c27-4106-80fe-8c8b20edc530,Stand-Up India,https://www.standupmitra.in/,Karnataka,Idea,Micro,Service,"- Key Elements: Stand-Up India Ecosystem, Promoter Contribution of 15%, Marginal Money security cover under Credit Guarantee Fund Scheme for Stand-Up India Loans (CGFSIL). Impact Stories:",GST Certificate,True
69778b6f5dbe0abc9824657c,2f93926c-0e59-4629-a43d-8401e97e0f8c,Stand-Up India,https://www.standupmitra.in/,Karnataka,Idea,Micro,Service,"- Key Elements: Stand-Up India Ecosystem, Promoter Contribution of 15%, Marginal Money security cover under Credit Guarantee Fund Scheme for Stand-Up India Loans (CGFSIL). Impact Stories:",Udyam Certificate,True
69778b6f5dbe0abc9824657d,a8bd1537-0338-44f9-b3bd-dc8f0f3bdb70,Stand-Up India,https://www.standupmitra.in/,Karnataka,Idea,Micro,Service,"- Key Elements: Stand-Up India Ecosystem, Promoter Contribution of 15%, Marginal Money security cover under Credit Guarantee Fund Scheme for Stand-Up India Loans (CGFSIL). Impact Stories:",Bank Statement,True
69778b6f5dbe0abc9824657e,b20a3fac-4a77-42b3-a8d0-d75f812aa7c8,Stand-Up India,https://www.standupmitra.in/,Karnataka,Idea,Micro,Service,"- Prometheus is the beneficiary under STAND UP INDIA loan scheme. She has been given a loan for setting up of an Optometric clinic with vision therapy as she is a low vision therapist. As per the promoteur, she can earn Rs.1 lakhs per month from the Optical Gallery cum Optometric Clinic, which has vision therapy - as a low vision specialist, and has been granted loan sanction by PNB, Anna Nagar Branch, Chennai.",GST Certificate,True
69778b6f5dbe0abc9824657f,9b657300-f474-4538-b92d-576cdd3f2067,Stand-Up India,https://www.standupmitra.in/,Karnataka,Idea,Micro,Service,"- Prometheus is the beneficiary under STAND UP INDIA loan scheme. She has been given a loan for setting up of an Optometric clinic with vision therapy as she is a low vision therapist. As per the promoteur, she can earn Rs.1 lakhs per month from the Optical Gallery cum Optometric Clinic, which has vision therapy - as a low vision specialist, and has been granted loan sanction by PNB, Anna Nagar Branch, Chennai.",Udyam Certificate,True
69778b6f5dbe0abc98246580,0da1b016-a685-4adf-b86b-31cd18ef58c1,Stand-Up India,https://www.standupmitra.in/,Karnataka,Idea,Micro,Service,"- Prometheus is the beneficiary under STAND UP INDIA loan scheme. She has been given a loan for setting up of an Optometric clinic with vision therapy as she is a low vision therapist. As per the promoteur, she can earn Rs.1 lakhs per month from the Optical Gallery cum Optometric Clinic, which has vision therapy - as a low vision specialist, and has been granted loan sanction by PNB, Anna Nagar Branch, Chennai.",Bank Statement,True
69778b6f5dbe0abc98246581,2bd2e95a-2ff6-4d35-95a4-14caaa638d00,Stand-Up India,https://www.standupmitra.in/,Karnataka,Idea,Micro,Service,"- Gaining experience from her father in law, the promoteur is able to stand alone as an optometrist after gaining experience from him. She has seen the website and learnt about the Anna Nagar branch extending STAND UP INDIA scheme and approached directly. According to the promoteur, she never dreamt of getting loan sanctioned in shortest time, which is why she is very happy and able to earn Rs.1 lakhs per month from the Optical Gallery cum Optometric Clinic, which has vision therapy - as a low v",GST Certificate,True
69778b6f5dbe0abc98246582,dc730b5b-c847-40c3-a378-7ab93ea7c4cb,Stand-Up India,https://www.standupmitra.in/,Karnataka,Idea,Micro,Service,"- Gaining experience from her father in law, the promoteur is able to stand alone as an optometrist after gaining experience from him. She has seen the website and learnt about the Anna Nagar branch extending STAND UP INDIA scheme and approached directly. According to the promoteur, she never dreamt of getting loan sanctioned in shortest time, which is why she is very happy and able to earn Rs.1 lakhs per month from the Optical Gallery cum Optometric Clinic, which has vision therapy - as a low v",Udyam Certificate,True
69778b6f5dbe0abc98246583,0ebc9dff-2400-43f5-9f47-c8eeb810962a,Stand-Up India,https://www.standupmitra.in/,Karnataka,Idea,Micro,Service,"- Gaining experience from her father in law, the promoteur is able to stand alone as an optometrist after gaining experience from him. She has seen the website and learnt about the Anna Nagar branch extending STAND UP INDIA scheme and approached directly. According to the promoteur, she never dreamt of getting loan sanctioned in shortest time, which is why she is very happy and able to earn Rs.1 lakhs per month from the Optical Gallery cum Optometric Clinic, which has vision therapy - as a low v",Bank Statement,True
69778b6f5dbe0abc98246584,5cc64c37-9471-4279-b458-d1da0062f1b5,Stand-Up India,https://www.standupmitra.in/,Karnataka,Idea,Micro,Service,,GST Certificate,True
69778b6f5dbe0abc98246585,d8990681-986b-4949-a610-276360b9075d,Stand-Up India,https://www.standupmitra.in/,Karnataka,Idea,Micro,Service,,Udyam Certificate,True
69778b6f5dbe0abc98246586,372aa78d-7584-4004-bcd0-30bb765358b0,Stand-Up India,https://www.standupmitra.in/,Karnataka,Idea,Micro,Service,,Bank Statement,True
69778b6f5dbe0abc98246587,434168a4-1556-4bd2-b5b4-66dcf06cbafe,Stand-Up India,https://www.standupmitra.in/,Karnataka,Idea,Micro,Service,,GST Certificate,True
69778b6f5dbe0abc98246588,d148692e-1aa1-4919-a5c8-cca535bb2170,Stand-Up India,https://www.standupmitra.in/,Karnataka,Idea,Micro,Service,,Udyam Certificate,True
69778b6f5dbe0abc98246589,3d3adbb8-6fd7-490e-9bbb-de4209380d81,Stand-Up India,https://www.standupmitra.in/,Karnataka,Idea,Micro,Service,,Bank Statement,True
69778b6f5dbe0abc9824658a,f53b42be-f09c-4065-a3f3-ea01058c645b,Stand-Up India,https://www.standupmitra.in/,Karnataka,Idea,Micro,Tech,Extract:,GST Certificate,True
69778b6f5dbe0abc9824658b,f9f1e95f-f5c9-4fcd-928f-1d4ee5ae684e,Stand-Up India,https://www.standupmitra.in/,Karnataka,Idea,Micro,Tech,Extract:,Udyam Certificate,True
69778b6f5dbe0abc9824658c,a0e18c67-639a-4a52-8a18-a52a0f61e59a,Stand-Up India,https://www.standupmitra.in/,Karnataka,Idea,Micro,Tech,Extract:,Bank Statement,True
69778b6f5dbe0abc9824658d,3e4e5206-3552-47b9-82c0-f1490aa8af34,Stand-Up India,https://www.standupmitra.in/,Karnataka,Idea,Micro,Tech,- Eligibility criteria,GST Certificate,True
69778b6f5dbe0abc9824658e,228f86f9-edc2-4888-86f1-e501da7e3cae,Stand-Up India,https://www.standupmitra.in/,Karnataka,Idea,Micro,Tech,- Eligibility criteria,Udyam Certificate,True
69778b6f5dbe0abc9824658f,821b4c09-f09f-4915-a3d1-7ff5a9cb935e,Stand-Up India,https://www.standupmitra.in/,Karnataka,Idea,Micro,Tech,- Eligibility criteria,Bank Statement,True
69778b6f5dbe0abc98246590,efd64919-8b19-4570-9043-bd82380c186b,Stand-Up India,https://www.standupmitra.in/,Karnataka,Idea,Micro,Tech,- Required documents,GST Certificate,True
69778b6f5dbe0abc98246591,c9cb0989-f86e-497a-ab08-278b925a7e93,Stand-Up India,https://www.standupmitra.in/,Karnataka,Idea,Micro,Tech,- Required documents,Udyam Certificate,True
69778b6f5dbe0abc98246592,2150e342-4454-4308-b2be-f6ce9ae62bd9,Stand-Up India,https://www.standupmitra.in/,Karnataka,Idea,Micro,Tech,- Required documents,Bank Statement,True
69778b6f5dbe0abc98246593,83af676d-1943-480c-8254-2bd378f5f7d6,Stand-Up India,https://www.standupmitra.in/,Karnataka,Idea,Micro,Tech,Return as bullet points.,GST Certificate,True
69778b6f5dbe0abc98246594,3e9cd0aa-8ee6-4cf9-8d8e-f27df882289a,Stand-Up India,https://www.standupmitra.in/,Karnataka,Idea,Micro,Tech,Return as bullet points.,Udyam Certificate,True
69778b6f5dbe0abc98246595,07670b91-013e-44a6-9865-0126e6a3a0b1,Stand-Up India,https://www.standupmitra.in/,Karnataka,Idea,Micro,Tech,Return as bullet points.,Bank Statement,True
69778b6f5dbe0abc98246596,3c25d1f0-972f-4771-bbd4-8925471f03cd,Stand-Up India,https://www.standupmitra.in/,Karnataka,Idea,Micro,Tech,,GST Certificate,True
69778b6f5dbe0abc98246597,828a523d-6124-4d28-9c17-b4484b2448a3,Stand-Up India,https://www.standupmitra.in/,Karnataka,Idea,Micro,Tech,,Udyam Certificate,True
69778b6f5dbe0abc98246598,32cc61c5-3481-4593-9ce5-a42bd05abb8f,Stand-Up India,https://www.standupmitra.in/,Karnataka,Idea,Micro,Tech,,Bank Statement,True
69778b6f5dbe0abc98246599,8bf489ba-de9e-4306-93a8-85b1223921d9,Stand-Up India,https://www.standupmitra.in/,Karnataka,Idea,Micro,Tech,TEXT:,GST Certificate,True
69778b6f5dbe0abc9824659a,3e9965c0-d7ff-42d3-bbeb-ad14bc01a7fb,Stand-Up India,https://www.standupmitra.in/,Karnataka,Idea,Micro,Tech,TEXT:,Udyam Certificate,True
69778b6f5dbe0abc9824659b,2fa0445e-8928-4184-a8a9-de52b3998abf,Stand-Up India,https://www.standupmitra.in/,Karnataka,Idea,Micro,Tech,TEXT:,Bank Statement,True
69778b6f5dbe0abc9824659c,a941a332-5d64-4679-8aec-5d4da40957c2,Stand-Up India,https://www.standupmitra.in/,Karnataka,Idea,Micro,Tech,StandupIndia Login Applicaunt Login Applicaant Registration Other Users Home About Us Stand-Up India Scheme facilitate...,GST Certificate,True
69778b6f5dbe0abc9824659d,f7eaea14-c8e6-4acb-8072-7239be7dd1f9,Stand-Up India,https://www.standupmitra.in/,Karnataka,Idea,Micro,Tech,StandupIndia Login Applicaunt Login Applicaant Registration Other Users Home About Us Stand-Up India Scheme facilitate...,Udyam Certificate,True
69778b6f5dbe0abc9824659e,d5a195b3-c73e-4a44-bd78-a70030ff455f,Stand-Up India,https://www.standupmitra.in/,Karnataka,Idea,Micro,Tech,StandupIndia Login Applicaunt Login Applicaant Registration Other Users Home About Us Stand-Up India Scheme facilitate...,Bank Statement,True
69778b6f5dbe0abc9824659f,3f56000c-35d8-4d37-8705-5d2d67e53557,Stand-Up India,https://www.standupmitra.in/,Karnataka,Idea,Micro,Tech,,GST Certificate,True
69778b6f5dbe0abc982465a0,8eb3a0ae-b606-41f9-8a04-5b8d0f4438b5,Stand-Up India,https://www.standupmitra.in/,Karnataka,Idea,Micro,Tech,,Udyam Certificate,True
69778b6f5dbe0abc982465a1,7380501c-ab2e-434c-a361-999bc1908b71,Stand-Up India,https://www.standupmitra.in/,Karnataka,Idea,Micro,Tech,,Bank Statement,True
69778b6f5dbe0abc982465a2,0434b526-1ac5-40f4-a41d-68b7620629fa,Stand-Up India,https://www.standupmitra.in/,Karnataka,Idea,Micro,Tech,"Communities Stand-up India Scheme facilitates bank loan between ₹10 lakhs and ₹1 crore for Applicants to establish a greenfield enterprise. The Borrower Type Loans to SC/ST and Women Entrepreneurs with at least 51% of the shareholding and controlling stake, either an SC/ST or woman entrepreneur. Salient Features:",GST Certificate,True
69778b6f5dbe0abc982465a3,3d7dcbf3-20b9-4ec5-b7ee-794788da70c9,Stand-Up India,https://www.standupmitra.in/,Karnataka,Idea,Micro,Tech,"Communities Stand-up India Scheme facilitates bank loan between ₹10 lakhs and ₹1 crore for Applicants to establish a greenfield enterprise. The Borrower Type Loans to SC/ST and Women Entrepreneurs with at least 51% of the shareholding and controlling stake, either an SC/ST or woman entrepreneur. Salient Features:",Udyam Certificate,True
69778b6f5dbe0abc982465a4,e4d94a06-d4ba-4bac-b7dc-6a22432a21b4,Stand-Up India,https://www.standupmitra.in/,Karnataka,Idea,Micro,Tech,"Communities Stand-up India Scheme facilitates bank loan between ₹10 lakhs and ₹1 crore for Applicants to establish a greenfield enterprise. The Borrower Type Loans to SC/ST and Women Entrepreneurs with at least 51% of the shareholding and controlling stake, either an SC/ST or woman entrepreneur. Salient Features:",Bank Statement,True
69778b6f5dbe0abc982465a5,4ecf7476-e5da-46a6-b66c-9d4398011be7,Stand-Up India,https://www.standupmitra.in/,Karnataka,Idea,Micro,Tech,- Loans of between ₹10 lakhs to ₹1 crore for Applicants.,GST Certificate,True
69778b6f5dbe0abc982465a6,e8f24643-93dc-47b4-8ee1-90a82b0eb264,Stand-Up India,https://www.standupmitra.in/,Karnataka,Idea,Micro,Tech,- Loans of between ₹10 lakhs to ₹1 crore for Applicants.,Udyam Certificate,True
69778b6f5dbe0abc982465a7,a71e0ee8-99d6-4f87-a6e1-a05a4a9e79e6,Stand-Up India,https://www.standupmitra.in/,Karnataka,Idea,Micro,Tech,- Loans of between ₹10 lakhs to ₹1 crore for Applicants.,Bank Statement,True
69778b6f5dbe0abc982465a8,8593922d-84b4-41fb-b827-35c2dcd5fbb4,Stand-Up India,https://www.standupmitra.in/,Karnataka,Idea,Micro,Tech,- Enterprise loans for setting up a greenfield enterprise.,GST Certificate,True
69778b6f5dbe0abc982465a9,f50eef3d-58fe-4631-9266-70b72045065c,Stand-Up India,https://www.standupmitra.in/,Karnataka,Idea,Micro,Tech,- Enterprise loans for setting up a greenfield enterprise.,Udyam Certificate,True
69778b6f5dbe0abc982465aa,eb364b65-02fb-413b-9428-368db27e8815,Stand-Up India,https://www.standupmitra.in/,Karnataka,Idea,Micro,Tech,- Enterprise loans for setting up a greenfield enterprise.,Bank Statement,True
69778b6f5dbe0abc982465ab,46930831-e640-4cdf-a66e-61bb70b768e7,Stand-Up India,https://www.standupmitra.in/,Karnataka,Idea,Micro,Tech,- Loan size is from ₹10 lakhs to ₹1 crore.,GST Certificate,True
69778b6f5dbe0abc982465ac,77ddd45e-590d-49b7-a72b-16f5c07b334d,Stand-Up India,https://www.standupmitra.in/,Karnataka,Idea,Micro,Tech,- Loan size is from ₹10 lakhs to ₹1 crore.,Udyam Certificate,True
69778b6f5dbe0abc982465ad,bfccad12-5b99-46a6-802e-ce13977edf11,Stand-Up India,https://www.standupmitra.in/,Karnataka,Idea,Micro,Tech,- Loan size is from ₹10 lakhs to ₹1 crore.,Bank Statement,True
69778b6f5dbe0abc982465ae,7f32a5c7-6ff3-44cb-b95f-137bb55c76a3,Stand-Up India,https://www.standupmitra.in/,Karnataka,Idea,Micro,Tech,- Comprises a composite loan (including Term Loan and Working Capital).,GST Certificate,True
69778b6f5dbe0abc982465af,a5ac7cf0-001e-4fb6-b98b-9648a2ddf482,Stand-Up India,https://www.standupmitra.in/,Karnataka,Idea,Micro,Tech,- Comprises a composite loan (including Term Loan and Working Capital).,Udyam Certificate,True
69778b6f5dbe0abc982465b0,b41dc6e9-e6f8-4d0f-a7a1-dd56a1264abe,Stand-Up India,https://www.standupmitra.in/,Karnataka,Idea,Micro,Tech,- Comprises a composite loan (including Term Loan and Working Capital).,Bank Statement,True
69778b6f5dbe0abc982465b1,b3674b6f-d51d-4687-ad33-ce1b69c68444,Stand-Up India,https://www.standupmitra.in/,Karnataka,Idea,Micro,Tech,"- Key Elements: Stand-Up India Ecosystem, Promoter Contribution of 15%, Marginal Money security cover under Credit Guarantee Fund Scheme for Stand-Up India Loans (CGFSIL). Impact Stories:",GST Certificate,True
69778b6f5dbe0abc982465b2,7ccb4a87-e095-4723-ad79-08fea5505122,Stand-Up India,https://www.standupmitra.in/,Karnataka,Idea,Micro,Tech,"- Key Elements: Stand-Up India Ecosystem, Promoter Contribution of 15%, Marginal Money security cover under Credit Guarantee Fund Scheme for Stand-Up India Loans (CGFSIL). Impact Stories:",Udyam Certificate,True
69778b6f5dbe0abc982465b3,273b3c70-a6bb-46ac-a588-daa1064ef6fd,Stand-Up India,https://www.standupmitra.in/,Karnataka,Idea,Micro,Tech,"- Key Elements: Stand-Up India Ecosystem, Promoter Contribution of 15%, Marginal Money security cover under Credit Guarantee Fund Scheme for Stand-Up India Loans (CGFSIL). Impact Stories:",Bank Statement,True
69778b6f5dbe0abc982465b4,d9e302dd-1f39-403e-9f17-bf5fd02ba54a,Stand-Up India,https://www.standupmitra.in/,Karnataka,Idea,Micro,Tech,"- Prometheus is the beneficiary under STAND UP INDIA loan scheme. She has been given a loan for setting up of an Optometric clinic with vision therapy as she is a low vision therapist. As per the promoteur, she can earn Rs.1 lakhs per month from the Optical Gallery cum Optometric Clinic, which has vision therapy - as a low vision specialist, and has been granted loan sanction by PNB, Anna Nagar Branch, Chennai.",GST Certificate,True
69778b6f5dbe0abc982465b5,50d96ea5-966b-4e0a-88b3-ea054de9f42e,Stand-Up India,https://www.standupmitra.in/,Karnataka,Idea,Micro,Tech,"- Prometheus is the beneficiary under STAND UP INDIA loan scheme. She has been given a loan for setting up of an Optometric clinic with vision therapy as she is a low vision therapist. As per the promoteur, she can earn Rs.1 lakhs per month from the Optical Gallery cum Optometric Clinic, which has vision therapy - as a low vision specialist, and has been granted loan sanction by PNB, Anna Nagar Branch, Chennai.",Udyam Certificate,True
69778b6f5dbe0abc982465b6,d3813680-ac1b-4863-b41e-9fe6f9cfa470,Stand-Up India,https://www.standupmitra.in/,Karnataka,Idea,Micro,Tech,"- Prometheus is the beneficiary under STAND UP INDIA loan scheme. She has been given a loan for setting up of an Optometric clinic with vision therapy as she is a low vision therapist. As per the promoteur, she can earn Rs.1 lakhs per month from the Optical Gallery cum Optometric Clinic, which has vision therapy - as a low vision specialist, and has been granted loan sanction by PNB, Anna Nagar Branch, Chennai.",Bank Statement,True
69778b6f5dbe0abc982465b7,92035313-1011-43f3-a7b9-8d25ceedc5ac,Stand-Up India,https://www.standupmitra.in/,Karnataka,Idea,Micro,Tech,"- Gaining experience from her father in law, the promoteur is able to stand alone as an optometrist after gaining experience from him. She has seen the website and learnt about the Anna Nagar branch extending STAND UP INDIA scheme and approached directly. According to the promoteur, she never dreamt of getting loan sanctioned in shortest time, which is why she is very happy and able to earn Rs.1 lakhs per month from the Optical Gallery cum Optometric Clinic, which has vision therapy - as a low v",GST Certificate,True
69778b6f5dbe0abc982465b8,66bc2a30-9fc6-439c-8ef0-6a64aa66dd44,Stand-Up India,https://www.standupmitra.in/,Karnataka,Idea,Micro,Tech,"- Gaining experience from her father in law, the promoteur is able to stand alone as an optometrist after gaining experience from him. She has seen the website and learnt about the Anna Nagar branch extending STAND UP INDIA scheme and approached directly. According to the promoteur, she never dreamt of getting loan sanctioned in shortest time, which is why she is very happy and able to earn Rs.1 lakhs per month from the Optical Gallery cum Optometric Clinic, which has vision therapy - as a low v",Udyam Certificate,True
69778b6f5dbe0abc982465b9,8e99310f-7487-4c5e-a899-54c44ba539b0,Stand-Up India,https://www.standupmitra.in/,Karnataka,Idea,Micro,Tech,"- Gaining experience from her father in law, the promoteur is able to stand alone as an optometrist after gaining experience from him. She has seen the website and learnt about the Anna Nagar branch extending STAND UP INDIA scheme and approached directly. According to the promoteur, she never dreamt of getting loan sanctioned in shortest time, which is why she is very happy and able to earn Rs.1 lakhs per month from the Optical Gallery cum Optometric Clinic, which has vision therapy - as a low v",Bank Statement,True
69778b6f5dbe0abc982465ba,dcd01297-2576-4183-bc6a-e9d55da6323e,Stand-Up India,https://www.standupmitra.in/,Karnataka,Idea,Micro,Tech,,GST Certificate,True
69778b6f5dbe0abc982465bb,2b147b7b-5e1b-4fda-9b6f-44c4b949782f,Stand-Up India,https://www.standupmitra.in/,Karnataka,Idea,Micro,Tech,,Udyam Certificate,True
69778b6f5dbe0abc982465bc,15d420b5-9662-4d8b-a0fb-0cf4f67c87f4,Stand-Up India,https://www.standupmitra.in/,Karnataka,Idea,Micro,Tech,,Bank Statement,True
69778b6f5dbe0abc982465bd,ecc38087-d86d-4bf0-9993-654458d52091,Stand-Up India,https://www.standupmitra.in/,Karnataka,Idea,Micro,Tech,,GST Certificate,True
69778b6f5dbe0abc982465be,d538af96-11e8-43b0-ac57-bac4fe897ebd,Stand-Up India,https://www.standupmitra.in/,Karnataka,Idea,Micro,Tech,,Udyam Certificate,True
69778b6f5dbe0abc982465bf,c75e85da-f8bb-48f1-b056-af179f2316e5,Stand-Up India,https://www.standupmitra.in/,Karnataka,Idea,Micro,Tech,,Bank Statement,True
69778b6f5dbe0abc982465c0,6337046a-a7e6-4fa4-8981-901b75473a21,Stand-Up India,https://www.standupmitra.in/,Karnataka,Idea,Micro,Agri,Extract:,GST Certificate,True
69778b6f5dbe0abc982465c1,9ca883d7-40f9-4762-80ce-5481000e508b,Stand-Up India,https://www.standupmitra.in/,Karnataka,Idea,Micro,Agri,Extract:,Udyam Certificate,True
69778b6f5dbe0abc982465c2,d91b3cb9-a079-470b-ac50-a7f0a6e6c06d,Stand-Up India,https://www.standupmitra.in/,Karnataka,Idea,Micro,Agri,Extract:,Bank Statement,True
69778b6f5dbe0abc982465c3,c2050c1d-c59a-4e8f-a3b5-244b3ac4b368,Stand-Up India,https://www.standupmitra.in/,Karnataka,Idea,Micro,Agri,- Eligibility criteria,GST Certificate,True
69778b6f5dbe0abc982465c4,1a3e3263-5ead-44fc-a49b-5236682bc916,Stand-Up India,https://www.standupmitra.in/,Karnataka,Idea,Micro,Agri,- Eligibility criteria,Udyam Certificate,True
69778b6f5dbe0abc982465c5,a2d8c747-803b-4a13-9a19-e5562f4be290,Stand-Up India,https://www.standupmitra.in/,Karnataka,Idea,Micro,Agri,- Eligibility criteria,Bank Statement,True
69778b6f5dbe0abc982465c6,3632d38b-3882-4d3b-9a5f-98ba34698fd2,Stand-Up India,https://www.standupmitra.in/,Karnataka,Idea,Micro,Agri,- Required documents,GST Certificate,True
69778b6f5dbe0abc982465c7,a33b5886-879e-46dd-8de8-6b1290389f91,Stand-Up India,https://www.standupmitra.in/,Karnataka,Idea,Micro,Agri,- Required documents,Udyam Certificate,True
69778b6f5dbe0abc982465c8,23d5ed12-9a1a-4cd5-820e-a8e38517931a,Stand-Up India,https://www.standupmitra.in/,Karnataka,Idea,Micro,Agri,- Required documents,Bank Statement,True
69778b6f5dbe0abc982465c9,a2ba582e-a913-488e-b040-8da5486f8edc,Stand-Up India,https://www.standupmitra.in/,Karnataka,Idea,Micro,Agri,Return as bullet points.,GST Certificate,True
69778b6f5dbe0abc982465ca,1ba8b3ba-4334-486a-9c98-8ee20fd8d1b7,Stand-Up India,https://www.standupmitra.in/,Karnataka,Idea,Micro,Agri,Return as bullet points.,Udyam Certificate,True
69778b6f5dbe0abc982465cb,7300006b-5853-419a-b57e-0279fab2e012,Stand-Up India,https://www.standupmitra.in/,Karnataka,Idea,Micro,Agri,Return as bullet points.,Bank Statement,True
69778b6f5dbe0abc982465cc,c23b28cc-afaf-4c23-b6d4-cbc0d25bcb99,Stand-Up India,https://www.standupmitra.in/,Karnataka,Idea,Micro,Agri,,GST Certificate,True
69778b6f5dbe0abc982465cd,92d3140d-404d-4ef6-b325-c39f0020be7b,Stand-Up India,https://www.standupmitra.in/,Karnataka,Idea,Micro,Agri,,Udyam Certificate,True
69778b6f5dbe0abc982465ce,b7312c3b-33df-4613-8b29-7862431738ef,Stand-Up India,https://www.standupmitra.in/,Karnataka,Idea,Micro,Agri,,Bank Statement,True
69778b6f5dbe0abc982465cf,57f7ed85-bbbe-4397-bf38-1da8dc4f65f3,Stand-Up India,https://www.standupmitra.in/,Karnataka,Idea,Micro,Agri,TEXT:,GST Certificate,True
69778b6f5dbe0abc982465d0,dacb0661-cf75-4330-b219-9a2d323f53ac,Stand-Up India,https://www.standupmitra.in/,Karnataka,Idea,Micro,Agri,TEXT:,Udyam Certificate,True
69778b6f5dbe0abc982465d1,996a7af0-87e0-4aa7-b344-b88b9fa52d9d,Stand-Up India,https://www.standupmitra.in/,Karnataka,Idea,Micro,Agri,TEXT:,Bank Statement,True
69778b6f5dbe0abc982465d2,c69de68c-311f-4817-a139-708aa02f79fa,Stand-Up India,https://www.standupmitra.in/,Karnataka,Idea,Micro,Agri,StandupIndia Login Applicaunt Login Applicaant Registration Other Users Home About Us Stand-Up India Scheme facilitate...,GST Certificate,True
69778b6f5dbe0abc982465d3,0618d72c-e6ca-43b9-b517-11fbc0ee3b71,Stand-Up India,https://www.standupmitra.in/,Karnataka,Idea,Micro,Agri,StandupIndia Login Applicaunt Login Applicaant Registration Other Users Home About Us Stand-Up India Scheme facilitate...,Udyam Certificate,True
69778b6f5dbe0abc982465d4,05b2dfe9-2b9c-403e-8b21-e65fa46d9de4,Stand-Up India,https://www.standupmitra.in/,Karnataka,Idea,Micro,Agri,StandupIndia Login Applicaunt Login Applicaant Registration Other Users Home About Us Stand-Up India Scheme facilitate...,Bank Statement,True
69778b6f5dbe0abc982465d5,ec40cbbd-1937-4783-b419-ae26884d6139,Stand-Up India,https://www.standupmitra.in/,Karnataka,Idea,Micro,Agri,,GST Certificate,True
69778b6f5dbe0abc982465d6,0bbc6f96-cdf5-4c2e-92b0-03567d109d1b,Stand-Up India,https://www.standupmitra.in/,Karnataka,Idea,Micro,Agri,,Udyam Certificate,True
69778b6f5dbe0abc982465d7,201eb371-8b3e-450a-83b9-25e8971cbf45,Stand-Up India,https://www.standupmitra.in/,Karnataka,Idea,Micro,Agri,,Bank Statement,True
69778b6f5dbe0abc982465d8,7eb9ab13-57b2-41b8-a843-9aaf22a04290,Stand-Up India,https://www.standupmitra.in/,Karnataka,Idea,Micro,Agri,"Communities Stand-up India Scheme facilitates bank loan between ₹10 lakhs and ₹1 crore for Applicants to establish a greenfield enterprise. The Borrower Type Loans to SC/ST and Women Entrepreneurs with at least 51% of the shareholding and controlling stake, either an SC/ST or woman entrepreneur. Salient Features:",GST Certificate,True
69778b6f5dbe0abc982465d9,b0bb53e2-98af-4a6a-9ac1-e93952ee6e9c,Stand-Up India,https://www.standupmitra.in/,Karnataka,Idea,Micro,Agri,"Communities Stand-up India Scheme facilitates bank loan between ₹10 lakhs and ₹1 crore for Applicants to establish a greenfield enterprise. The Borrower Type Loans to SC/ST and Women Entrepreneurs with at least 51% of the shareholding and controlling stake, either an SC/ST or woman entrepreneur. Salient Features:",Udyam Certificate,True
69778b6f5dbe0abc982465da,3d087036-2e3c-4f7c-bd44-afe0d4cea037,Stand-Up India,https://www.standupmitra.in/,Karnataka,Idea,Micro,Agri,"Communities Stand-up India Scheme facilitates bank loan between ₹10 lakhs and ₹1 crore for Applicants to establish a greenfield enterprise. The Borrower Type Loans to SC/ST and Women Entrepreneurs with at least 51% of the shareholding and controlling stake, either an SC/ST or woman entrepreneur. Salient Features:",Bank Statement,True
69778b6f5dbe0abc982465db,84731e5a-e1db-4353-b85d-03eb18b2a0e0,Stand-Up India,https://www.standupmitra.in/,Karnataka,Idea,Micro,Agri,- Loans of between ₹10 lakhs to ₹1 crore for Applicants.,GST Certificate,True
69778b6f5dbe0abc982465dc,a363c201-7484-4d62-a7ac-62708d1b500d,Stand-Up India,https://www.standupmitra.in/,Karnataka,Idea,Micro,Agri,- Loans of between ₹10 lakhs to ₹1 crore for Applicants.,Udyam Certificate,True
69778b6f5dbe0abc982465dd,78679e11-8772-445a-967f-3b5151b69d61,Stand-Up India,https://www.standupmitra.in/,Karnataka,Idea,Micro,Agri,- Loans of between ₹10 lakhs to ₹1 crore for Applicants.,Bank Statement,True
69778b6f5dbe0abc982465de,d93cb575-9560-42b7-ae50-768c76abb3e0,Stand-Up India,https://www.standupmitra.in/,Karnataka,Idea,Micro,Agri,- Enterprise loans for setting up a greenfield enterprise.,GST Certificate,True
69778b6f5dbe0abc982465df,f82e9b48-b1ea-4554-8162-051421599bd0,Stand-Up India,https://www.standupmitra.in/,Karnataka,Idea,Micro,Agri,- Enterprise loans for setting up a greenfield enterprise.,Udyam Certificate,True
69778b6f5dbe0abc982465e0,5aba9926-101d-424f-bced-d0199dce2b3f,Stand-Up India,https://www.standupmitra.in/,Karnataka,Idea,Micro,Agri,- Enterprise loans for setting up a greenfield enterprise.,Bank Statement,True
69778b6f5dbe0abc982465e1,88c44252-3af2-4b38-9fa6-6e81adda5abd,Stand-Up India,https://www.standupmitra.in/,Karnataka,Idea,Micro,Agri,- Loan size is from ₹10 lakhs to ₹1 crore.,GST Certificate,True
69778b6f5dbe0abc982465e2,ba0bc0a9-d79b-4e5b-b02e-5ad8d073208e,Stand-Up India,https://www.standupmitra.in/,Karnataka,Idea,Micro,Agri,- Loan size is from ₹10 lakhs to ₹1 crore.,Udyam Certificate,True
69778b6f5dbe0abc982465e3,79000ab5-094a-4913-be3d-920af109b43f,Stand-Up India,https://www.standupmitra.in/,Karnataka,Idea,Micro,Agri,- Loan size is from ₹10 lakhs to ₹1 crore.,Bank Statement,True
69778b6f5dbe0abc982465e4,7ba3f85b-35ce-44e7-8d87-d9245c31f342,Stand-Up India,https://www.standupmitra.in/,Karnataka,Idea,Micro,Agri,- Comprises a composite loan (including Term Loan and Working Capital).,GST Certificate,True
69778b6f5dbe0abc982465e5,c122ecce-c3c0-46ea-b5f4-3381e6049deb,Stand-Up India,https://www.standupmitra.in/,Karnataka,Idea,Micro,Agri,- Comprises a composite loan (including Term Loan and Working Capital).,Udyam Certificate,True
69778b6f5dbe0abc982465e6,97087b3b-e6c3-42c4-8e1e-e629fac95312,Stand-Up India,https://www.standupmitra.in/,Karnataka,Idea,Micro,Agri,- Comprises a composite loan (including Term Loan and Working Capital).,Bank Statement,True
69778b6f5dbe0abc982465e7,50db5682-e311-4b6e-93c5-0d1921c89a1e,Stand-Up India,https://www.standupmitra.in/,Karnataka,Idea,Micro,Agri,"- Key Elements: Stand-Up India Ecosystem, Promoter Contribution of 15%, Marginal Money security cover under Credit Guarantee Fund Scheme for Stand-Up India Loans (CGFSIL). Impact Stories:",GST Certificate,True
69778b6f5dbe0abc982465e8,f44fff5c-4b80-4bfa-a340-648eeb1dbeaa,Stand-Up India,https://www.standupmitra.in/,Karnataka,Idea,Micro,Agri,"- Key Elements: Stand-Up India Ecosystem, Promoter Contribution of 15%, Marginal Money security cover under Credit Guarantee Fund Scheme for Stand-Up India Loans (CGFSIL). Impact Stories:",Udyam Certificate,True
69778b6f5dbe0abc982465e9,4b53bde8-5f9e-4cde-99f5-18bfbdb0618e,Stand-Up India,https://www.standupmitra.in/,Karnataka,Idea,Micro,Agri,"- Key Elements: Stand-Up India Ecosystem, Promoter Contribution of 15%, Marginal Money security cover under Credit Guarantee Fund Scheme for Stand-Up India Loans (CGFSIL). Impact Stories:",Bank Statement,True
69778b6f5dbe0abc982465ea,1edfc8b0-de66-4aac-a10e-7dbe1080400d,Stand-Up India,https://www.standupmitra.in/,Karnataka,Idea,Micro,Agri,"- Prometheus is the beneficiary under STAND UP INDIA loan scheme. She has been given a loan for setting up of an Optometric clinic with vision therapy as she is a low vision therapist. As per the promoteur, she can earn Rs.1 lakhs per month from the Optical Gallery cum Optometric Clinic, which has vision therapy - as a low vision specialist, and has been granted loan sanction by PNB, Anna Nagar Branch, Chennai.",GST Certificate,True
69778b6f5dbe0abc982465eb,12c32238-0ab6-4d22-80a7-5aa0215fe404,Stand-Up India,https://www.standupmitra.in/,Karnataka,Idea,Micro,Agri,"- Prometheus is the beneficiary under STAND UP INDIA loan scheme. She has been given a loan for setting up of an Optometric clinic with vision therapy as she is a low vision therapist. As per the promoteur, she can earn Rs.1 lakhs per month from the Optical Gallery cum Optometric Clinic, which has vision therapy - as a low vision specialist, and has been granted loan sanction by PNB, Anna Nagar Branch, Chennai.",Udyam Certificate,True
69778b6f5dbe0abc982465ec,8dc8669a-79dd-473e-a327-0d64c10ca64d,Stand-Up India,https://www.standupmitra.in/,Karnataka,Idea,Micro,Agri,"- Prometheus is the beneficiary under STAND UP INDIA loan scheme. She has been given a loan for setting up of an Optometric clinic with vision therapy as she is a low vision therapist. As per the promoteur, she can earn Rs.1 lakhs per month from the Optical Gallery cum Optometric Clinic, which has vision therapy - as a low vision specialist, and has been granted loan sanction by PNB, Anna Nagar Branch, Chennai.",Bank Statement,True
69778b6f5dbe0abc982465ed,5ecb627b-cffe-4af4-a73f-52fb25303be0,Stand-Up India,https://www.standupmitra.in/,Karnataka,Idea,Micro,Agri,"- Gaining experience from her father in law, the promoteur is able to stand alone as an optometrist after gaining experience from him. She has seen the website and learnt about the Anna Nagar branch extending STAND UP INDIA scheme and approached directly. According to the promoteur, she never dreamt of getting loan sanctioned in shortest time, which is why she is very happy and able to earn Rs.1 lakhs per month from the Optical Gallery cum Optometric Clinic, which has vision therapy - as a low v",GST Certificate,True
69778b6f5dbe0abc982465ee,a5b6f082-73b1-4be3-aa77-54a710a0a6b5,Stand-Up India,https://www.standupmitra.in/,Karnataka,Idea,Micro,Agri,"- Gaining experience from her father in law, the promoteur is able to stand alone as an optometrist after gaining experience from him. She has seen the website and learnt about the Anna Nagar branch extending STAND UP INDIA scheme and approached directly. According to the promoteur, she never dreamt of getting loan sanctioned in shortest time, which is why she is very happy and able to earn Rs.1 lakhs per month from the Optical Gallery cum Optometric Clinic, which has vision therapy - as a low v",Udyam Certificate,True
69778b6f5dbe0abc982465ef,0ed069be-8ade-4fd0-93ca-15c95e2821a3,Stand-Up India,https://www.standupmitra.in/,Karnataka,Idea,Micro,Agri,"- Gaining experience from her father in law, the promoteur is able to stand alone as an optometrist after gaining experience from him. She has seen the website and learnt about the Anna Nagar branch extending STAND UP INDIA scheme and approached directly. According to the promoteur, she never dreamt of getting loan sanctioned in shortest time, which is why she is very happy and able to earn Rs.1 lakhs per month from the Optical Gallery cum Optometric Clinic, which has vision therapy - as a low v",Bank Statement,True
69778b6f5dbe0abc982465f0,67515a7d-162f-450f-b5a5-ee0d2185ad58,Stand-Up India,https://www.standupmitra.in/,Karnataka,Idea,Micro,Agri,,GST Certificate,True
69778b6f5dbe0abc982465f1,f149a9a8-c9d3-4f00-bf37-e99431f3e0a4,Stand-Up India,https://www.standupmitra.in/,Karnataka,Idea,Micro,Agri,,Udyam Certificate,True
69778b6f5dbe0abc982465f2,a03bc548-9aee-4fad-9f1f-3047b4c4f9a4,Stand-Up India,https://www.standupmitra.in/,Karnataka,Idea,Micro,Agri,,Bank Statement,True
69778b6f5dbe0abc982465f3,ceafb658-dad4-4b2c-a107-ca7eea0a7c3f,Stand-Up India,https://www.standupmitra.in/,Karnataka,Idea,Micro,Agri,,GST Certificate,True
69778b6f5dbe0abc982465f4,e4caee18-a6c5-43a2-92e5-0f4802ee1f49,Stand-Up India,https://www.standupmitra.in/,Karnataka,Idea,Micro,Agri,,Udyam Certificate,True
69778b6f5dbe0abc982465f5,b042c135-f7a2-4c2f-9de6-24ecb79c963c,Stand-Up India,https://www.standupmitra.in/,Karnataka,Idea,Micro,Agri,,Bank Statement,True
69778b6f5dbe0abc982465f6,1d6168cb-b17e-4b2c-8916-601f35e0e82b,Stand-Up India,https://www.standupmitra.in/,Karnataka,Idea,Small,Manufacturing,Extract:,GST Certificate,True
69778b6f5dbe0abc982465f7,5df2404f-4afd-497f-9977-35ef744ffed8,Stand-Up India,https://www.standupmitra.in/,Karnataka,Idea,Small,Manufacturing,Extract:,Udyam Certificate,True
69778b6f5dbe0abc982465f8,b05a1ff7-f5b3-42d8-b809-f025adc17095,Stand-Up India,https://www.standupmitra.in/,Karnataka,Idea,Small,Manufacturing,Extract:,Bank Statement,True
69778b6f5dbe0abc982465f9,492a6559-5359-4258-87e8-92c88226e6e4,Stand-Up India,https://www.standupmitra.in/,Karnataka,Idea,Small,Manufacturing,- Eligibility criteria,GST Certificate,True
69778b6f5dbe0abc982465fa,37ad91e5-ddd0-45fc-b7da-864f91ac8ea8,Stand-Up India,https://www.standupmitra.in/,Karnataka,Idea,Small,Manufacturing,- Eligibility criteria,Udyam Certificate,True
69778b6f5dbe0abc982465fb,3aa6d78e-409b-4009-9975-f7b8e4ac2233,Stand-Up India,https://www.standupmitra.in/,Karnataka,Idea,Small,Manufacturing,- Eligibility criteria,Bank Statement,True
69778b6f5dbe0abc982465fc,7a87f195-1b42-44ee-84b9-95685435dd83,Stand-Up India,https://www.standupmitra.in/,Karnataka,Idea,Small,Manufacturing,- Required documents,GST Certificate,True
69778b6f5dbe0abc982465fd,146770fb-c1f8-4ada-a6e6-babeb48b1c2a,Stand-Up India,https://www.standupmitra.in/,Karnataka,Idea,Small,Manufacturing,- Required documents,Udyam Certificate,True
69778b6f5dbe0abc982465fe,218e06fb-27d6-4267-8c1d-c7ced44d88b3,Stand-Up India,https://www.standupmitra.in/,Karnataka,Idea,Small,Manufacturing,- Required documents,Bank Statement,True
69778b6f5dbe0abc982465ff,b67cd9e8-df7c-4414-a0d6-e68d4e109328,Stand-Up India,https://www.standupmitra.in/,Karnataka,Idea,Small,Manufacturing,Return as bullet points.,GST Certificate,True
69778b6f5dbe0abc98246600,09307f22-268f-48af-a7a0-a01524cb10a8,Stand-Up India,https://www.standupmitra.in/,Karnataka,Idea,Small,Manufacturing,Return as bullet points.,Udyam Certificate,True
69778b6f5dbe0abc98246601,a495a4b6-af2f-4eee-a14a-c930dac3a105,Stand-Up India,https://www.standupmitra.in/,Karnataka,Idea,Small,Manufacturing,Return as bullet points.,Bank Statement,True
69778b6f5dbe0abc98246602,8901945a-651e-431d-9cd6-2366b6a45f61,Stand-Up India,https://www.standupmitra.in/,Karnataka,Idea,Small,Manufacturing,,GST Certificate,True
69778b6f5dbe0abc98246603,e8bd5f5e-7d1c-483e-bd28-9fcc1979663b,Stand-Up India,https://www.standupmitra.in/,Karnataka,Idea,Small,Manufacturing,,Udyam Certificate,True
69778b6f5dbe0abc98246604,f948bd58-647f-42cf-9b4b-fd82eb857dc7,Stand-Up India,https://www.standupmitra.in/,Karnataka,Idea,Small,Manufacturing,,Bank Statement,True
69778b6f5dbe0abc98246605,ec4455ea-d2ef-400a-a48c-7f244bc3f2bd,Stand-Up India,https://www.standupmitra.in/,Karnataka,Idea,Small,Manufacturing,TEXT:,GST Certificate,True
69778b6f5dbe0abc98246606,a5839550-9a45-4b05-8d58-2aeba1322668,Stand-Up India,https://www.standupmitra.in/,Karnataka,Idea,Small,Manufacturing,TEXT:,Udyam Certificate,True
69778b6f5dbe0abc98246607,034209a8-f9b9-4605-aad1-360c1a20987d,Stand-Up India,https://www.standupmitra.in/,Karnataka,Idea,Small,Manufacturing,TEXT:,Bank Statement,True
69778b6f5dbe0abc98246608,606aded0-4346-4b68-b51d-6f78f8319f1f,Stand-Up India,https://www.standupmitra.in/,Karnataka,Idea,Small,Manufacturing,StandupIndia Login Applicaunt Login Applicaant Registration Other Users Home About Us Stand-Up India Scheme facilitate...,GST Certificate,True
69778b6f5dbe0abc98246609,0bcaabaf-eb57-45e1-be00-0b8e4df08d38,Stand-Up India,https://www.standupmitra.in/,Karnataka,Idea,Small,Manufacturing,StandupIndia Login Applicaunt Login Applicaant Registration Other Users Home About Us Stand-Up India Scheme facilitate...,Udyam Certificate,True
69778b6f5dbe0abc9824660a,3119254a-a31c-4fd2-90bf-fcfe8e870abb,Stand-Up India,https://www.standupmitra.in/,Karnataka,Idea,Small,Manufacturing,StandupIndia Login Applicaunt Login Applicaant Registration Other Users Home About Us Stand-Up India Scheme facilitate...,Bank Statement,True
69778b6f5dbe0abc9824660b,b249c42e-2c8f-4d74-8836-cfd6d2baa212,Stand-Up India,https://www.standupmitra.in/,Karnataka,Idea,Small,Manufacturing,,GST Certificate,True
69778b6f5dbe0abc9824660c,94770243-e15f-49c7-8fe2-4f5f9591f89b,Stand-Up India,https://www.standupmitra.in/,Karnataka,Idea,Small,Manufacturing,,Udyam Certificate,True
69778b6f5dbe0abc9824660d,b57b865f-bf25-4206-bf31-f4dfc819ef45,Stand-Up India,https://www.standupmitra.in/,Karnataka,Idea,Small,Manufacturing,,Bank Statement,True
69778b6f5dbe0abc9824660e,b4c88112-874f-4f2c-97ed-9eab9f9a3394,Stand-Up India,https://www.standupmitra.in/,Karnataka,Idea,Small,Manufacturing,"Communities Stand-up India Scheme facilitates bank loan between ₹10 lakhs and ₹1 crore for Applicants to establish a greenfield enterprise. The Borrower Type Loans to SC/ST and Women Entrepreneurs with at least 51% of the shareholding and controlling stake, either an SC/ST or woman entrepreneur. Salient Features:",GST Certificate,True
69778b6f5dbe0abc9824660f,37c7f0de-478b-42f5-9186-7a2cea7240ad,Stand-Up India,https://www.standupmitra.in/,Karnataka,Idea,Small,Manufacturing,"Communities Stand-up India Scheme facilitates bank loan between ₹10 lakhs and ₹1 crore for Applicants to establish a greenfield enterprise. The Borrower Type Loans to SC/ST and Women Entrepreneurs with at least 51% of the shareholding and controlling stake, either an SC/ST or woman entrepreneur. Salient Features:",Udyam Certificate,True
69778b6f5dbe0abc98246610,94fe700a-f96c-4581-a5ef-72946ee5ccbf,Stand-Up India,https://www.standupmitra.in/,Karnataka,Idea,Small,Manufacturing,"Communities Stand-up India Scheme facilitates bank loan between ₹10 lakhs and ₹1 crore for Applicants to establish a greenfield enterprise. The Borrower Type Loans to SC/ST and Women Entrepreneurs with at least 51% of the shareholding and controlling stake, either an SC/ST or woman entrepreneur. Salient Features:",Bank Statement,True
69778b6f5dbe0abc98246611,5cd74793-db33-4ce9-aa3b-ec2f0548ee5f,Stand-Up India,https://www.standupmitra.in/,Karnataka,Idea,Small,Manufacturing,- Loans of between ₹10 lakhs to ₹1 crore for Applicants.,GST Certificate,True
69778b6f5dbe0abc98246612,323480f8-c215-4891-b041-fa240af23772,Stand-Up India,https://www.standupmitra.in/,Karnataka,Idea,Small,Manufacturing,- Loans of between ₹10 lakhs to ₹1 crore for Applicants.,Udyam Certificate,True
69778b6f5dbe0abc98246613,02614c7d-bc4c-4ea7-817d-9f1dc1451c60,Stand-Up India,https://www.standupmitra.in/,Karnataka,Idea,Small,Manufacturing,- Loans of between ₹10 lakhs to ₹1 crore for Applicants.,Bank Statement,True
69778b6f5dbe0abc98246614,462fb387-97a9-45a1-9b4d-807b3c6eff70,Stand-Up India,https://www.standupmitra.in/,Karnataka,Idea,Small,Manufacturing,- Enterprise loans for setting up a greenfield enterprise.,GST Certificate,True
69778b6f5dbe0abc98246615,cb673e2b-6670-4fd3-bbbf-5ddeb4b07604,Stand-Up India,https://www.standupmitra.in/,Karnataka,Idea,Small,Manufacturing,- Enterprise loans for setting up a greenfield enterprise.,Udyam Certificate,True
69778b6f5dbe0abc98246616,c9b58676-a3fe-4787-bc74-34d02ffc3c15,Stand-Up India,https://www.standupmitra.in/,Karnataka,Idea,Small,Manufacturing,- Enterprise loans for setting up a greenfield enterprise.,Bank Statement,True
69778b6f5dbe0abc98246617,395af9b5-8c75-4fa7-a075-f19b829f8e17,Stand-Up India,https://www.standupmitra.in/,Karnataka,Idea,Small,Manufacturing,- Loan size is from ₹10 lakhs to ₹1 crore.,GST Certificate,True
69778b6f5dbe0abc98246618,0d6c49ad-f798-4088-9147-d7af1a8bcc17,Stand-Up India,https://www.standupmitra.in/,Karnataka,Idea,Small,Manufacturing,- Loan size is from ₹10 lakhs to ₹1 crore.,Udyam Certificate,True
69778b6f5dbe0abc98246619,75e39068-da87-4da4-817a-309617b6f6a9,Stand-Up India,https://www.standupmitra.in/,Karnataka,Idea,Small,Manufacturing,- Loan size is from ₹10 lakhs to ₹1 crore.,Bank Statement,True
69778b6f5dbe0abc9824661a,4cd2928b-3fbf-4831-9e82-4999e1639de6,Stand-Up India,https://www.standupmitra.in/,Karnataka,Idea,Small,Manufacturing,- Comprises a composite loan (including Term Loan and Working Capital).,GST Certificate,True
69778b6f5dbe0abc9824661b,96f8940c-ed7d-4c3c-bd04-db7afa6fb603,Stand-Up India,https://www.standupmitra.in/,Karnataka,Idea,Small,Manufacturing,- Comprises a composite loan (including Term Loan and Working Capital).,Udyam Certificate,True
69778b6f5dbe0abc9824661c,10c9d478-e27c-486e-af63-7b286f5c52ff,Stand-Up India,https://www.standupmitra.in/,Karnataka,Idea,Small,Manufacturing,- Comprises a composite loan (including Term Loan and Working Capital).,Bank Statement,True
69778b6f5dbe0abc9824661d,4dcb0137-5066-47e2-bea1-c1db2949d89e,Stand-Up India,https://www.standupmitra.in/,Karnataka,Idea,Small,Manufacturing,"- Key Elements: Stand-Up India Ecosystem, Promoter Contribution of 15%, Marginal Money security cover under Credit Guarantee Fund Scheme for Stand-Up India Loans (CGFSIL). Impact Stories:",GST Certificate,True
69778b6f5dbe0abc9824661e,b92fa816-0e89-4cdc-88d7-6521d511e957,Stand-Up India,https://www.standupmitra.in/,Karnataka,Idea,Small,Manufacturing,"- Key Elements: Stand-Up India Ecosystem, Promoter Contribution of 15%, Marginal Money security cover under Credit Guarantee Fund Scheme for Stand-Up India Loans (CGFSIL). Impact Stories:",Udyam Certificate,True
69778b6f5dbe0abc9824661f,3541f5c7-bba8-4f3b-9979-4988aacf988f,Stand-Up India,https://www.standupmitra.in/,Karnataka,Idea,Small,Manufacturing,"- Key Elements: Stand-Up India Ecosystem, Promoter Contribution of 15%, Marginal Money security cover under Credit Guarantee Fund Scheme for Stand-Up India Loans (CGFSIL). Impact Stories:",Bank Statement,True
69778b6f5dbe0abc98246620,568ba648-5d0b-4f53-abf0-20f268ce8415,Stand-Up India,https://www.standupmitra.in/,Karnataka,Idea,Small,Manufacturing,"- Prometheus is the beneficiary under STAND UP INDIA loan scheme. She has been given a loan for setting up of an Optometric clinic with vision therapy as she is a low vision therapist. As per the promoteur, she can earn Rs.1 lakhs per month from the Optical Gallery cum Optometric Clinic, which has vision therapy - as a low vision specialist, and has been granted loan sanction by PNB, Anna Nagar Branch, Chennai.",GST Certificate,True
69778b6f5dbe0abc98246621,81448ec1-19fd-45bf-8633-8cada5194f3d,Stand-Up India,https://www.standupmitra.in/,Karnataka,Idea,Small,Manufacturing,"- Prometheus is the beneficiary under STAND UP INDIA loan scheme. She has been given a loan for setting up of an Optometric clinic with vision therapy as she is a low vision therapist. As per the promoteur, she can earn Rs.1 lakhs per month from the Optical Gallery cum Optometric Clinic, which has vision therapy - as a low vision specialist, and has been granted loan sanction by PNB, Anna Nagar Branch, Chennai.",Udyam Certificate,True
69778b6f5dbe0abc98246622,e4e41795-01f8-480f-9476-ebcad50e6421,Stand-Up India,https://www.standupmitra.in/,Karnataka,Idea,Small,Manufacturing,"- Prometheus is the beneficiary under STAND UP INDIA loan scheme. She has been given a loan for setting up of an Optometric clinic with vision therapy as she is a low vision therapist. As per the promoteur, she can earn Rs.1 lakhs per month from the Optical Gallery cum Optometric Clinic, which has vision therapy - as a low vision specialist, and has been granted loan sanction by PNB, Anna Nagar Branch, Chennai.",Bank Statement,True
69778b6f5dbe0abc98246623,bf1eceb8-8109-4516-ad25-ca444e0d398e,Stand-Up India,https://www.standupmitra.in/,Karnataka,Idea,Small,Manufacturing,"- Gaining experience from her father in law, the promoteur is able to stand alone as an optometrist after gaining experience from him. She has seen the website and learnt about the Anna Nagar branch extending STAND UP INDIA scheme and approached directly. According to the promoteur, she never dreamt of getting loan sanctioned in shortest time, which is why she is very happy and able to earn Rs.1 lakhs per month from the Optical Gallery cum Optometric Clinic, which has vision therapy - as a low v",GST Certificate,True
69778b6f5dbe0abc98246624,46aafc2f-61a1-4847-bdd1-06af784a9caa,Stand-Up India,https://www.standupmitra.in/,Karnataka,Idea,Small,Manufacturing,"- Gaining experience from her father in law, the promoteur is able to stand alone as an optometrist after gaining experience from him. She has seen the website and learnt about the Anna Nagar branch extending STAND UP INDIA scheme and approached directly. According to the promoteur, she never dreamt of getting loan sanctioned in shortest time, which is why she is very happy and able to earn Rs.1 lakhs per month from the Optical Gallery cum Optometric Clinic, which has vision therapy - as a low v",Udyam Certificate,True
69778b6f5dbe0abc98246625,ae17ab0e-36b1-4b1f-8360-f846227ec5f7,Stand-Up India,https://www.standupmitra.in/,Karnataka,Idea,Small,Manufacturing,"- Gaining experience from her father in law, the promoteur is able to stand alone as an optometrist after gaining experience from him. She has seen the website and learnt about the Anna Nagar branch extending STAND UP INDIA scheme and approached directly. According to the promoteur, she never dreamt of getting loan sanctioned in shortest time, which is why she is very happy and able to earn Rs.1 lakhs per month from the Optical Gallery cum Optometric Clinic, which has vision therapy - as a low v",Bank Statement,True
69778b6f5dbe0abc98246626,dac1f263-6177-41d7-a56f-a7f2b5178124,Stand-Up India,https://www.standupmitra.in/,Karnataka,Idea,Small,Manufacturing,,GST Certificate,True
69778b6f5dbe0abc98246627,8f64d7f3-b74e-45a9-a282-6b5994ef18a2,Stand-Up India,https://www.standupmitra.in/,Karnataka,Idea,Small,Manufacturing,,Udyam Certificate,True
69778b6f5dbe0abc98246628,d08af78c-ad90-4b36-bf19-fd2bd62d8343,Stand-Up India,https://www.standupmitra.in/,Karnataka,Idea,Small,Manufacturing,,Bank Statement,True
69778b6f5dbe0abc98246629,0b7310cc-1feb-445b-b835-74fc9fdd3ca8,Stand-Up India,https://www.standupmitra.in/,Karnataka,Idea,Small,Manufacturing,,GST Certificate,True
69778b6f5dbe0abc9824662a,51f5fd4f-e6bf-457d-b4dd-eac769e952a5,Stand-Up India,https://www.standupmitra.in/,Karnataka,Idea,Small,Manufacturing,,Udyam Certificate,True
69778b6f5dbe0abc9824662b,21dcc451-50bc-4cf9-9652-0b4de050eaf9,Stand-Up India,https://www.standupmitra.in/,Karnataka,Idea,Small,Manufacturing,,Bank Statement,True
69778b6f5dbe0abc9824662c,13d2346b-9577-4546-98dc-5896e5fabeb8,Stand-Up India,https://www.standupmitra.in/,Karnataka,Idea,Small,Service,Extract:,GST Certificate,True
69778b6f5dbe0abc9824662d,8c125beb-b437-45a5-b92c-8ca5ee352db1,Stand-Up India,https://www.standupmitra.in/,Karnataka,Idea,Small,Service,Extract:,Udyam Certificate,True
69778b6f5dbe0abc9824662e,1718a00e-81d2-42aa-a6b5-1504205d70ba,Stand-Up India,https://www.standupmitra.in/,Karnataka,Idea,Small,Service,Extract:,Bank Statement,True
69778b6f5dbe0abc9824662f,f9aa398c-702b-46f4-a2dc-f7baa6d6fd93,Stand-Up India,https://www.standupmitra.in/,Karnataka,Idea,Small,Service,- Eligibility criteria,GST Certificate,True
69778b6f5dbe0abc98246630,001c16fb-6478-4642-afd4-b4b07a63b049,Stand-Up India,https://www.standupmitra.in/,Karnataka,Idea,Small,Service,- Eligibility criteria,Udyam Certificate,True
69778b6f5dbe0abc98246631,85e8e3f1-a417-470e-99fc-566de960629d,Stand-Up India,https://www.standupmitra.in/,Karnataka,Idea,Small,Service,- Eligibility criteria,Bank Statement,True
69778b6f5dbe0abc98246632,980546a3-a2c0-451c-8371-adbd8e3d9bdd,Stand-Up India,https://www.standupmitra.in/,Karnataka,Idea,Small,Service,- Required documents,GST Certificate,True
69778b6f5dbe0abc98246633,4bbd4dd9-d320-4904-a6b0-59a909ce7e0a,Stand-Up India,https://www.standupmitra.in/,Karnataka,Idea,Small,Service,- Required documents,Udyam Certificate,True
69778b6f5dbe0abc98246634,7cb15a49-ded1-458b-b677-845160201eca,Stand-Up India,https://www.standupmitra.in/,Karnataka,Idea,Small,Service,- Required documents,Bank Statement,True
69778b6f5dbe0abc98246635,d3800463-2894-489c-ac0e-1984971daedf,Stand-Up India,https://www.standupmitra.in/,Karnataka,Idea,Small,Service,Return as bullet points.,GST Certificate,True
69778b6f5dbe0abc98246636,63fbde58-69e4-42e0-afe8-60f065541ae8,Stand-Up India,https://www.standupmitra.in/,Karnataka,Idea,Small,Service,Return as bullet points.,Udyam Certificate,True
69778b6f5dbe0abc98246637,20e1f01b-0c3a-41a4-b66a-5c97126efbd0,Stand-Up India,https://www.standupmitra.in/,Karnataka,Idea,Small,Service,Return as bullet points.,Bank Statement,True
69778b6f5dbe0abc98246638,2b870774-acc9-4455-930c-6a0d491dba6c,Stand-Up India,https://www.standupmitra.in/,Karnataka,Idea,Small,Service,,GST Certificate,True
69778b6f5dbe0abc98246639,904e2c4c-b8fc-4a7e-86bc-b2c4aab49edc,Stand-Up India,https://www.standupmitra.in/,Karnataka,Idea,Small,Service,,Udyam Certificate,True
69778b6f5dbe0abc9824663a,ca19c26c-cb31-4c59-b058-844b153d1968,Stand-Up India,https://www.standupmitra.in/,Karnataka,Idea,Small,Service,,Bank Statement,True
69778b6f5dbe0abc9824663b,c01f885b-b5a0-4554-b4c5-41e88c3e75ee,Stand-Up India,https://www.standupmitra.in/,Karnataka,Idea,Small,Service,TEXT:,GST Certificate,True
69778b6f5dbe0abc9824663c,ee2e3ce8-6072-4754-933c-55dfdbc5903e,Stand-Up India,https://www.standupmitra.in/,Karnataka,Idea,Small,Service,TEXT:,Udyam Certificate,True
69778b6f5dbe0abc9824663d,0d0e8238-deab-419e-94da-f9eaf2710a4e,Stand-Up India,https://www.standupmitra.in/,Karnataka,Idea,Small,Service,TEXT:,Bank Statement,True
69778b6f5dbe0abc9824663e,1e77cf1b-d850-47eb-8cae-8d8c588cf4a9,Stand-Up India,https://www.standupmitra.in/,Karnataka,Idea,Small,Service,StandupIndia Login Applicaunt Login Applicaant Registration Other Users Home About Us Stand-Up India Scheme facilitate...,GST Certificate,True
69778b6f5dbe0abc9824663f,cb1f8ab5-d2fc-4279-8357-92659a114dff,Stand-Up India,https://www.standupmitra.in/,Karnataka,Idea,Small,Service,StandupIndia Login Applicaunt Login Applicaant Registration Other Users Home About Us Stand-Up India Scheme facilitate...,Udyam Certificate,True
69778b6f5dbe0abc98246640,82d072df-80cf-417e-838d-35729247b5fb,Stand-Up India,https://www.standupmitra.in/,Karnataka,Idea,Small,Service,StandupIndia Login Applicaunt Login Applicaant Registration Other Users Home About Us Stand-Up India Scheme facilitate...,Bank Statement,True
69778b6f5dbe0abc98246641,3eef6c99-ef16-47dd-9652-4927794e768d,Stand-Up India,https://www.standupmitra.in/,Karnataka,Idea,Small,Service,,GST Certificate,True
69778b6f5dbe0abc98246642,008b7704-1088-4d2c-8656-e6dd16a71893,Stand-Up India,https://www.standupmitra.in/,Karnataka,Idea,Small,Service,,Udyam Certificate,True
69778b6f5dbe0abc98246643,b1876c08-6696-4c62-9ed8-e07355020056,Stand-Up India,https://www.standupmitra.in/,Karnataka,Idea,Small,Service,,Bank Statement,True
69778b6f5dbe0abc98246644,2789dd17-399f-4b64-941d-e639f9c330e5,Stand-Up India,https://www.standupmitra.in/,Karnataka,Idea,Small,Service,"Communities Stand-up India Scheme facilitates bank loan between ₹10 lakhs and ₹1 crore for Applicants to establish a greenfield enterprise. The Borrower Type Loans to SC/ST and Women Entrepreneurs with at least 51% of the shareholding and controlling stake, either an SC/ST or woman entrepreneur. Salient Features:",GST Certificate,True
69778b6f5dbe0abc98246645,4cd43f4d-55fe-4c79-9db9-4d119bcb67d7,Stand-Up India,https://www.standupmitra.in/,Karnataka,Idea,Small,Service,"Communities Stand-up India Scheme facilitates bank loan between ₹10 lakhs and ₹1 crore for Applicants to establish a greenfield enterprise. The Borrower Type Loans to SC/ST and Women Entrepreneurs with at least 51% of the shareholding and controlling stake, either an SC/ST or woman entrepreneur. Salient Features:",Udyam Certificate,True
69778b6f5dbe0abc98246646,141a29b8-537b-457c-9057-ec0391072b88,Stand-Up India,https://www.standupmitra.in/,Karnataka,Idea,Small,Service,"Communities Stand-up India Scheme facilitates bank loan between ₹10 lakhs and ₹1 crore for Applicants to establish a greenfield enterprise. The Borrower Type Loans to SC/ST and Women Entrepreneurs with at least 51% of the shareholding and controlling stake, either an SC/ST or woman entrepreneur. Salient Features:",Bank Statement,True
69778b6f5dbe0abc98246647,98daf6dd-6beb-44e9-8015-8a66f630d090,Stand-Up India,https://www.standupmitra.in/,Karnataka,Idea,Small,Service,- Loans of between ₹10 lakhs to ₹1 crore for Applicants.,GST Certificate,True
69778b6f5dbe0abc98246648,2f5352be-29f8-4600-bb45-02a45801998e,Stand-Up India,https://www.standupmitra.in/,Karnataka,Idea,Small,Service,- Loans of between ₹10 lakhs to ₹1 crore for Applicants.,Udyam Certificate,True
69778b6f5dbe0abc98246649,2db8f5d4-74ac-4f8e-8226-e5fddce2d582,Stand-Up India,https://www.standupmitra.in/,Karnataka,Idea,Small,Service,- Loans of between ₹10 lakhs to ₹1 crore for Applicants.,Bank Statement,True
69778b6f5dbe0abc9824664a,79cf176f-5e44-42b3-9e1c-cf9de92af44e,Stand-Up India,https://www.standupmitra.in/,Karnataka,Idea,Small,Service,- Enterprise loans for setting up a greenfield enterprise.,GST Certificate,True
69778b6f5dbe0abc9824664b,5a1e7938-866a-4a58-bca5-e7a1717e9ab7,Stand-Up India,https://www.standupmitra.in/,Karnataka,Idea,Small,Service,- Enterprise loans for setting up a greenfield enterprise.,Udyam Certificate,True
69778b6f5dbe0abc9824664c,8a9ba01a-6e38-434f-8529-0206b9ac60ba,Stand-Up India,https://www.standupmitra.in/,Karnataka,Idea,Small,Service,- Enterprise loans for setting up a greenfield enterprise.,Bank Statement,True
69778b6f5dbe0abc9824664d,a7b393a6-b75c-4653-a5f2-3067b9e1207a,Stand-Up India,https://www.standupmitra.in/,Karnataka,Idea,Small,Service,- Loan size is from ₹10 lakhs to ₹1 crore.,GST Certificate,True
69778b6f5dbe0abc9824664e,0c2830a3-97c0-4e73-888b-3043e09ebdec,Stand-Up India,https://www.standupmitra.in/,Karnataka,Idea,Small,Service,- Loan size is from ₹10 lakhs to ₹1 crore.,Udyam Certificate,True
69778b6f5dbe0abc9824664f,92f52fab-e6b9-4748-af28-1d7c2a8a78d2,Stand-Up India,https://www.standupmitra.in/,Karnataka,Idea,Small,Service,- Loan size is from ₹10 lakhs to ₹1 crore.,Bank Statement,True
69778b6f5dbe0abc98246650,79ef31a9-06a7-4868-9cc2-07392afa9ad3,Stand-Up India,https://www.standupmitra.in/,Karnataka,Idea,Small,Service,- Comprises a composite loan (including Term Loan and Working Capital).,GST Certificate,True
69778b6f5dbe0abc98246651,e543c58e-38ae-45ef-99b9-90429f4737eb,Stand-Up India,https://www.standupmitra.in/,Karnataka,Idea,Small,Service,- Comprises a composite loan (including Term Loan and Working Capital).,Udyam Certificate,True
69778b6f5dbe0abc98246652,4471d500-d61d-493f-bd92-63df9f1124f6,Stand-Up India,https://www.standupmitra.in/,Karnataka,Idea,Small,Service,- Comprises a composite loan (including Term Loan and Working Capital).,Bank Statement,True
69778b6f5dbe0abc98246653,86102158-aec0-48ad-a7f6-31c56b7ec019,Stand-Up India,https://www.standupmitra.in/,Karnataka,Idea,Small,Service,"- Key Elements: Stand-Up India Ecosystem, Promoter Contribution of 15%, Marginal Money security cover under Credit Guarantee Fund Scheme for Stand-Up India Loans (CGFSIL). Impact Stories:",GST Certificate,True
69778b6f5dbe0abc98246654,66f61384-e503-493a-9f44-7f4acb5be4ce,Stand-Up India,https://www.standupmitra.in/,Karnataka,Idea,Small,Service,"- Key Elements: Stand-Up India Ecosystem, Promoter Contribution of 15%, Marginal Money security cover under Credit Guarantee Fund Scheme for Stand-Up India Loans (CGFSIL). Impact Stories:",Udyam Certificate,True
69778b6f5dbe0abc98246655,aa31622f-096f-453d-885d-74fd70a0400f,Stand-Up India,https://www.standupmitra.in/,Karnataka,Idea,Small,Service,"- Key Elements: Stand-Up India Ecosystem, Promoter Contribution of 15%, Marginal Money security cover under Credit Guarantee Fund Scheme for Stand-Up India Loans (CGFSIL). Impact Stories:",Bank Statement,True
69778b6f5dbe0abc98246656,73118f9f-2867-473e-a431-f9890bec2cec,Stand-Up India,https://www.standupmitra.in/,Karnataka,Idea,Small,Service,"- Prometheus is the beneficiary under STAND UP INDIA loan scheme. She has been given a loan for setting up of an Optometric clinic with vision therapy as she is a low vision therapist. As per the promoteur, she can earn Rs.1 lakhs per month from the Optical Gallery cum Optometric Clinic, which has vision therapy - as a low vision specialist, and has been granted loan sanction by PNB, Anna Nagar Branch, Chennai.",GST Certificate,True
69778b6f5dbe0abc98246657,0893a92c-4b1b-44fa-9cb4-586b5c1e0a77,Stand-Up India,https://www.standupmitra.in/,Karnataka,Idea,Small,Service,"- Prometheus is the beneficiary under STAND UP INDIA loan scheme. She has been given a loan for setting up of an Optometric clinic with vision therapy as she is a low vision therapist. As per the promoteur, she can earn Rs.1 lakhs per month from the Optical Gallery cum Optometric Clinic, which has vision therapy - as a low vision specialist, and has been granted loan sanction by PNB, Anna Nagar Branch, Chennai.",Udyam Certificate,True
69778b6f5dbe0abc98246658,e7f60702-50cd-4ce8-b84f-4688b4a171fc,Stand-Up India,https://www.standupmitra.in/,Karnataka,Idea,Small,Service,"- Prometheus is the beneficiary under STAND UP INDIA loan scheme. She has been given a loan for setting up of an Optometric clinic with vision therapy as she is a low vision therapist. As per the promoteur, she can earn Rs.1 lakhs per month from the Optical Gallery cum Optometric Clinic, which has vision therapy - as a low vision specialist, and has been granted loan sanction by PNB, Anna Nagar Branch, Chennai.",Bank Statement,True
69778b6f5dbe0abc98246659,4c31d129-cd30-4ede-ad93-2bbe6e4cae8d,Stand-Up India,https://www.standupmitra.in/,Karnataka,Idea,Small,Service,"- Gaining experience from her father in law, the promoteur is able to stand alone as an optometrist after gaining experience from him. She has seen the website and learnt about the Anna Nagar branch extending STAND UP INDIA scheme and approached directly. According to the promoteur, she never dreamt of getting loan sanctioned in shortest time, which is why she is very happy and able to earn Rs.1 lakhs per month from the Optical Gallery cum Optometric Clinic, which has vision therapy - as a low v",GST Certificate,True
69778b6f5dbe0abc9824665a,51fdc3a5-accf-402e-adc6-a2ceb0042f76,Stand-Up India,https://www.standupmitra.in/,Karnataka,Idea,Small,Service,"- Gaining experience from her father in law, the promoteur is able to stand alone as an optometrist after gaining experience from him. She has seen the website and learnt about the Anna Nagar branch extending STAND UP INDIA scheme and approached directly. According to the promoteur, she never dreamt of getting loan sanctioned in shortest time, which is why she is very happy and able to earn Rs.1 lakhs per month from the Optical Gallery cum Optometric Clinic, which has vision therapy - as a low v",Udyam Certificate,True
69778b6f5dbe0abc9824665b,46d2c280-2cdb-4530-b558-1d63b425fe13,Stand-Up India,https://www.standupmitra.in/,Karnataka,Idea,Small,Service,"- Gaining experience from her father in law, the promoteur is able to stand alone as an optometrist after gaining experience from him. She has seen the website and learnt about the Anna Nagar branch extending STAND UP INDIA scheme and approached directly. According to the promoteur, she never dreamt of getting loan sanctioned in shortest time, which is why she is very happy and able to earn Rs.1 lakhs per month from the Optical Gallery cum Optometric Clinic, which has vision therapy - as a low v",Bank Statement,True
69778b6f5dbe0abc9824665c,0de41b3a-473d-4c5c-be44-3f351f25076f,Stand-Up India,https://www.standupmitra.in/,Karnataka,Idea,Small,Service,,GST Certificate,True
69778b6f5dbe0abc9824665d,f0e9e0ed-66ef-4eaf-9ce6-201ab2975691,Stand-Up India,https://www.standupmitra.in/,Karnataka,Idea,Small,Service,,Udyam Certificate,True
69778b6f5dbe0abc9824665e,487f909c-6b78-48c1-bdd1-7544de093528,Stand-Up India,https://www.standupmitra.in/,Karnataka,Idea,Small,Service,,Bank Statement,True
69778b6f5dbe0abc9824665f,83cddde0-f6ef-4c49-bd83-7c1e5d1eba8b,Stand-Up India,https://www.standupmitra.in/,Karnataka,Idea,Small,Service,,GST Certificate,True
69778b6f5dbe0abc98246660,f747d0a2-d56a-4985-9af4-0d6a041522ce,Stand-Up India,https://www.standupmitra.in/,Karnataka,Idea,Small,Service,,Udyam Certificate,True
69778b6f5dbe0abc98246661,3298b6a2-1c0f-4e60-b890-14504c72c536,Stand-Up India,https://www.standupmitra.in/,Karnataka,Idea,Small,Service,,Bank Statement,True
69778b6f5dbe0abc98246662,459a316f-62ab-496e-a331-11ddd8f8c035,Stand-Up India,https://www.standupmitra.in/,Karnataka,Idea,Small,Tech,Extract:,GST Certificate,True
69778b6f5dbe0abc98246663,dbf34c4d-b90a-4581-8ccf-9360419bbc3f,Stand-Up India,https://www.standupmitra.in/,Karnataka,Idea,Small,Tech,Extract:,Udyam Certificate,True
69778b6f5dbe0abc98246664,892b5e56-eec6-482e-80a9-ce51ffb77058,Stand-Up India,https://www.standupmitra.in/,Karnataka,Idea,Small,Tech,Extract:,Bank Statement,True
69778b6f5dbe0abc98246665,5681efe0-1c88-44bc-bad3-a2c8ebdacc23,Stand-Up India,https://www.standupmitra.in/,Karnataka,Idea,Small,Tech,- Eligibility criteria,GST Certificate,True
69778b6f5dbe0abc98246666,6352838d-63e2-445d-b20f-06b84d1a1d70,Stand-Up India,https://www.standupmitra.in/,Karnataka,Idea,Small,Tech,- Eligibility criteria,Udyam Certificate,True
69778b6f5dbe0abc98246667,7b8a787c-b513-4747-8b26-5d87636baf75,Stand-Up India,https://www.standupmitra.in/,Karnataka,Idea,Small,Tech,- Eligibility criteria,Bank Statement,True
69778b6f5dbe0abc98246668,91e9b043-0aaa-4e4e-9b47-8810d23d87cd,Stand-Up India,https://www.standupmitra.in/,Karnataka,Idea,Small,Tech,- Required documents,GST Certificate,True
69778b6f5dbe0abc98246669,f7c62e88-fd68-46ad-bb6d-b5b334d84c30,Stand-Up India,https://www.standupmitra.in/,Karnataka,Idea,Small,Tech,- Required documents,Udyam Certificate,True
69778b6f5dbe0abc9824666a,e18593e4-0d2f-439d-a751-b1e389b7458d,Stand-Up India,https://www.standupmitra.in/,Karnataka,Idea,Small,Tech,- Required documents,Bank Statement,True
69778b6f5dbe0abc9824666b,f8c78584-cfe3-443b-a725-75e17018c9c9,Stand-Up India,https://www.standupmitra.in/,Karnataka,Idea,Small,Tech,Return as bullet points.,GST Certificate,True
69778b6f5dbe0abc9824666c,9265cf30-8a4c-4464-97b8-909823acadc9,Stand-Up India,https://www.standupmitra.in/,Karnataka,Idea,Small,Tech,Return as bullet points.,Udyam Certificate,True
69778b6f5dbe0abc9824666d,0d846baa-4dc6-4844-8fa0-158a5393a278,Stand-Up India,https://www.standupmitra.in/,Karnataka,Idea,Small,Tech,Return as bullet points.,Bank Statement,True
69778b6f5dbe0abc9824666e,0b7903c6-9065-483e-b518-a7e1ab3e6d45,Stand-Up India,https://www.standupmitra.in/,Karnataka,Idea,Small,Tech,,GST Certificate,True
69778b6f5dbe0abc9824666f,034bbedc-d3b6-4446-8577-08533d8b2f2a,Stand-Up India,https://www.standupmitra.in/,Karnataka,Idea,Small,Tech,,Udyam Certificate,True
69778b6f5dbe0abc98246670,6dfb0533-b0d0-4484-949e-6923bac872d4,Stand-Up India,https://www.standupmitra.in/,Karnataka,Idea,Small,Tech,,Bank Statement,True
69778b6f5dbe0abc98246671,bd7507d5-cb26-4151-93bc-ab992a9ab2f3,Stand-Up India,https://www.standupmitra.in/,Karnataka,Idea,Small,Tech,TEXT:,GST Certificate,True
69778b6f5dbe0abc98246672,c76c81da-06e0-458e-8f59-50f461fd0b44,Stand-Up India,https://www.standupmitra.in/,Karnataka,Idea,Small,Tech,TEXT:,Udyam Certificate,True
69778b6f5dbe0abc98246673,6bf4d5df-cbe9-408a-8534-53ac855a23d1,Stand-Up India,https://www.standupmitra.in/,Karnataka,Idea,Small,Tech,TEXT:,Bank Statement,True
69778b6f5dbe0abc98246674,f90fb0f6-6a5c-4bfd-b51c-48c3785e45cb,Stand-Up India,https://www.standupmitra.in/,Karnataka,Idea,Small,Tech,StandupIndia Login Applicaunt Login Applicaant Registration Other Users Home About Us Stand-Up India Scheme facilitate...,GST Certificate,True
69778b6f5dbe0abc98246675,9d02e8e8-4032-4a07-80ec-e9dd06b584b4,Stand-Up India,https://www.standupmitra.in/,Karnataka,Idea,Small,Tech,StandupIndia Login Applicaunt Login Applicaant Registration Other Users Home About Us Stand-Up India Scheme facilitate...,Udyam Certificate,True
69778b6f5dbe0abc98246676,4857e7b6-d465-4c30-b180-cd8cadf3b9e7,Stand-Up India,https://www.standupmitra.in/,Karnataka,Idea,Small,Tech,StandupIndia Login Applicaunt Login Applicaant Registration Other Users Home About Us Stand-Up India Scheme facilitate...,Bank Statement,True
69778b6f5dbe0abc98246677,8d23326e-597b-4f9a-af67-ba51b1fa7015,Stand-Up India,https://www.standupmitra.in/,Karnataka,Idea,Small,Tech,,GST Certificate,True
69778b6f5dbe0abc98246678,d104d25c-7c8e-4223-8359-8ecc1c10aaaf,Stand-Up India,https://www.standupmitra.in/,Karnataka,Idea,Small,Tech,,Udyam Certificate,True
69778b6f5dbe0abc98246679,3cb59e5c-0e8e-48db-affe-743ddda1af19,Stand-Up India,https://www.standupmitra.in/,Karnataka,Idea,Small,Tech,,Bank Statement,True
69778b6f5dbe0abc9824667a,441a438b-947d-4dee-8837-5cbce324a036,Stand-Up India,https://www.standupmitra.in/,Karnataka,Idea,Small,Tech,"Communities Stand-up India Scheme facilitates bank loan between ₹10 lakhs and ₹1 crore for Applicants to establish a greenfield enterprise. The Borrower Type Loans to SC/ST and Women Entrepreneurs with at least 51% of the shareholding and controlling stake, either an SC/ST or woman entrepreneur. Salient Features:",GST Certificate,True
69778b6f5dbe0abc9824667b,d1965858-255c-4b7b-b7dd-7ef880fe4f31,Stand-Up India,https://www.standupmitra.in/,Karnataka,Idea,Small,Tech,"Communities Stand-up India Scheme facilitates bank loan between ₹10 lakhs and ₹1 crore for Applicants to establish a greenfield enterprise. The Borrower Type Loans to SC/ST and Women Entrepreneurs with at least 51% of the shareholding and controlling stake, either an SC/ST or woman entrepreneur. Salient Features:",Udyam Certificate,True
69778b6f5dbe0abc9824667c,70608081-fd48-4818-81b8-4b040a9f0953,Stand-Up India,https://www.standupmitra.in/,Karnataka,Idea,Small,Tech,"Communities Stand-up India Scheme facilitates bank loan between ₹10 lakhs and ₹1 crore for Applicants to establish a greenfield enterprise. The Borrower Type Loans to SC/ST and Women Entrepreneurs with at least 51% of the shareholding and controlling stake, either an SC/ST or woman entrepreneur. Salient Features:",Bank Statement,True
69778b6f5dbe0abc9824667d,a05fc4e3-3884-48bb-960f-e9eab5f47081,Stand-Up India,https://www.standupmitra.in/,Karnataka,Idea,Small,Tech,- Loans of between ₹10 lakhs to ₹1 crore for Applicants.,GST Certificate,True
69778b6f5dbe0abc9824667e,7648d256-35a5-4221-a922-18df8b9e3150,Stand-Up India,https://www.standupmitra.in/,Karnataka,Idea,Small,Tech,- Loans of between ₹10 lakhs to ₹1 crore for Applicants.,Udyam Certificate,True
69778b6f5dbe0abc9824667f,73811a6c-2987-4c3b-8425-e7e5283e2311,Stand-Up India,https://www.standupmitra.in/,Karnataka,Idea,Small,Tech,- Loans of between ₹10 lakhs to ₹1 crore for Applicants.,Bank Statement,True
69778b6f5dbe0abc98246680,538d7388-ff02-479c-bc95-336dfdb5468a,Stand-Up India,https://www.standupmitra.in/,Karnataka,Idea,Small,Tech,- Enterprise loans for setting up a greenfield enterprise.,GST Certificate,True
69778b6f5dbe0abc98246681,62a55c21-033b-4509-a57b-4a46a7714259,Stand-Up India,https://www.standupmitra.in/,Karnataka,Idea,Small,Tech,- Enterprise loans for setting up a greenfield enterprise.,Udyam Certificate,True
69778b6f5dbe0abc98246682,a17f2ccc-bec6-41db-a3e9-a24ef5a5acd0,Stand-Up India,https://www.standupmitra.in/,Karnataka,Idea,Small,Tech,- Enterprise loans for setting up a greenfield enterprise.,Bank Statement,True
69778b6f5dbe0abc98246683,6ac11df4-30ce-46d7-8da7-d9ca1b20553c,Stand-Up India,https://www.standupmitra.in/,Karnataka,Idea,Small,Tech,- Loan size is from ₹10 lakhs to ₹1 crore.,GST Certificate,True
69778b6f5dbe0abc98246684,e73603fc-b7a4-482a-be85-07c4d9e60e82,Stand-Up India,https://www.standupmitra.in/,Karnataka,Idea,Small,Tech,- Loan size is from ₹10 lakhs to ₹1 crore.,Udyam Certificate,True
69778b6f5dbe0abc98246685,36f9851d-4c0a-4ad2-9c64-40c3ac6f835d,Stand-Up India,https://www.standupmitra.in/,Karnataka,Idea,Small,Tech,- Loan size is from ₹10 lakhs to ₹1 crore.,Bank Statement,True
69778b6f5dbe0abc98246686,6fc5b286-9d58-4e00-82a7-779bde85fec5,Stand-Up India,https://www.standupmitra.in/,Karnataka,Idea,Small,Tech,- Comprises a composite loan (including Term Loan and Working Capital).,GST Certificate,True
69778b6f5dbe0abc98246687,33e8dd60-d04d-4883-b8e1-819c936165e9,Stand-Up India,https://www.standupmitra.in/,Karnataka,Idea,Small,Tech,- Comprises a composite loan (including Term Loan and Working Capital).,Udyam Certificate,True
69778b6f5dbe0abc98246688,b89afb5c-897e-46e4-afe6-e709542f0b5f,Stand-Up India,https://www.standupmitra.in/,Karnataka,Idea,Small,Tech,- Comprises a composite loan (including Term Loan and Working Capital).,Bank Statement,True
69778b6f5dbe0abc98246689,1998bb05-9f77-4743-be26-4fa80d486351,Stand-Up India,https://www.standupmitra.in/,Karnataka,Idea,Small,Tech,"- Key Elements: Stand-Up India Ecosystem, Promoter Contribution of 15%, Marginal Money security cover under Credit Guarantee Fund Scheme for Stand-Up India Loans (CGFSIL). Impact Stories:",GST Certificate,True
69778b6f5dbe0abc9824668a,3e87cb39-a8c9-4045-a85a-222b02414da5,Stand-Up India,https://www.standupmitra.in/,Karnataka,Idea,Small,Tech,"- Key Elements: Stand-Up India Ecosystem, Promoter Contribution of 15%, Marginal Money security cover under Credit Guarantee Fund Scheme for Stand-Up India Loans (CGFSIL). Impact Stories:",Udyam Certificate,True
69778b6f5dbe0abc9824668b,f95aa053-4b58-4ebe-bc74-2283041eb7df,Stand-Up India,https://www.standupmitra.in/,Karnataka,Idea,Small,Tech,"- Key Elements: Stand-Up India Ecosystem, Promoter Contribution of 15%, Marginal Money security cover under Credit Guarantee Fund Scheme for Stand-Up India Loans (CGFSIL). Impact Stories:",Bank Statement,True
69778b6f5dbe0abc9824668c,2650220a-4dd6-44c8-b872-9c4b76e528c0,Stand-Up India,https://www.standupmitra.in/,Karnataka,Idea,Small,Tech,"- Prometheus is the beneficiary under STAND UP INDIA loan scheme. She has been given a loan for setting up of an Optometric clinic with vision therapy as she is a low vision therapist. As per the promoteur, she can earn Rs.1 lakhs per month from the Optical Gallery cum Optometric Clinic, which has vision therapy - as a low vision specialist, and has been granted loan sanction by PNB, Anna Nagar Branch, Chennai.",GST Certificate,True
69778b6f5dbe0abc9824668d,cbbafe53-3644-4fa4-9142-4b571783a04b,Stand-Up India,https://www.standupmitra.in/,Karnataka,Idea,Small,Tech,"- Prometheus is the beneficiary under STAND UP INDIA loan scheme. She has been given a loan for setting up of an Optometric clinic with vision therapy as she is a low vision therapist. As per the promoteur, she can earn Rs.1 lakhs per month from the Optical Gallery cum Optometric Clinic, which has vision therapy - as a low vision specialist, and has been granted loan sanction by PNB, Anna Nagar Branch, Chennai.",Udyam Certificate,True
69778b6f5dbe0abc9824668e,5bc7b6b8-ecfd-4756-9062-a708ed3a6f57,Stand-Up India,https://www.standupmitra.in/,Karnataka,Idea,Small,Tech,"- Prometheus is the beneficiary under STAND UP INDIA loan scheme. She has been given a loan for setting up of an Optometric clinic with vision therapy as she is a low vision therapist. As per the promoteur, she can earn Rs.1 lakhs per month from the Optical Gallery cum Optometric Clinic, which has vision therapy - as a low vision specialist, and has been granted loan sanction by PNB, Anna Nagar Branch, Chennai.",Bank Statement,True
69778b6f5dbe0abc9824668f,721ba942-6654-48c5-893b-e5a800b59208,Stand-Up India,https://www.standupmitra.in/,Karnataka,Idea,Small,Tech,"- Gaining experience from her father in law, the promoteur is able to stand alone as an optometrist after gaining experience from him. She has seen the website and learnt about the Anna Nagar branch extending STAND UP INDIA scheme and approached directly. According to the promoteur, she never dreamt of getting loan sanctioned in shortest time, which is why she is very happy and able to earn Rs.1 lakhs per month from the Optical Gallery cum Optometric Clinic, which has vision therapy - as a low v",GST Certificate,True
69778b6f5dbe0abc98246690,1fdbd8fa-2827-41c3-af77-a08ae55fd8b1,Stand-Up India,https://www.standupmitra.in/,Karnataka,Idea,Small,Tech,"- Gaining experience from her father in law, the promoteur is able to stand alone as an optometrist after gaining experience from him. She has seen the website and learnt about the Anna Nagar branch extending STAND UP INDIA scheme and approached directly. According to the promoteur, she never dreamt of getting loan sanctioned in shortest time, which is why she is very happy and able to earn Rs.1 lakhs per month from the Optical Gallery cum Optometric Clinic, which has vision therapy - as a low v",Udyam Certificate,True
69778b6f5dbe0abc98246691,7b35baea-9362-4cd3-944f-a1e8ccc17961,Stand-Up India,https://www.standupmitra.in/,Karnataka,Idea,Small,Tech,"- Gaining experience from her father in law, the promoteur is able to stand alone as an optometrist after gaining experience from him. She has seen the website and learnt about the Anna Nagar branch extending STAND UP INDIA scheme and approached directly. According to the promoteur, she never dreamt of getting loan sanctioned in shortest time, which is why she is very happy and able to earn Rs.1 lakhs per month from the Optical Gallery cum Optometric Clinic, which has vision therapy - as a low v",Bank Statement,True
69778b6f5dbe0abc98246692,e6f69595-0374-49c8-8735-6b28403d6d6e,Stand-Up India,https://www.standupmitra.in/,Karnataka,Idea,Small,Tech,,GST Certificate,True
69778b6f5dbe0abc98246693,7e12acfe-9b5c-46ff-b6f4-bee7e041bebc,Stand-Up India,https://www.standupmitra.in/,Karnataka,Idea,Small,Tech,,Udyam Certificate,True
69778b6f5dbe0abc98246694,f556358e-ee08-401f-97b3-e69d7b91dcdc,Stand-Up India,https://www.standupmitra.in/,Karnataka,Idea,Small,Tech,,Bank Statement,True
69778b6f5dbe0abc98246695,62688934-9aae-400c-8e4a-0aa0481ed649,Stand-Up India,https://www.standupmitra.in/,Karnataka,Idea,Small,Tech,,GST Certificate,True
69778b6f5dbe0abc98246696,1b5abd4d-4f2a-403b-b97a-43bcf5c70313,Stand-Up India,https://www.standupmitra.in/,Karnataka,Idea,Small,Tech,,Udyam Certificate,True
69778b6f5dbe0abc98246697,2b444f2b-abb6-4c1a-a2be-7ebe867b1139,Stand-Up India,https://www.standupmitra.in/,Karnataka,Idea,Small,Tech,,Bank Statement,True
69778b6f5dbe0abc98246698,b73acfa1-5807-4d59-a48d-517ec24c3f84,Stand-Up India,https://www.standupmitra.in/,Karnataka,Idea,Small,Agri,Extract:,GST Certificate,True
69778b6f5dbe0abc98246699,90744492-cc49-4ec0-a5c3-43a21a5c3144,Stand-Up India,https://www.standupmitra.in/,Karnataka,Idea,Small,Agri,Extract:,Udyam Certificate,True
69778b6f5dbe0abc9824669a,0b881844-c7d9-4e42-83d6-e7d7c3e78c2c,Stand-Up India,https://www.standupmitra.in/,Karnataka,Idea,Small,Agri,Extract:,Bank Statement,True
69778b6f5dbe0abc9824669b,2f8c180c-fca6-46fb-af10-b0fc36814248,Stand-Up India,https://www.standupmitra.in/,Karnataka,Idea,Small,Agri,- Eligibility criteria,GST Certificate,True
69778b6f5dbe0abc9824669c,fe9b89f5-9f43-4053-af9b-7501a98fc259,Stand-Up India,https://www.standupmitra.in/,Karnataka,Idea,Small,Agri,- Eligibility criteria,Udyam Certificate,True
69778b6f5dbe0abc9824669d,2775c01d-ca1c-48e0-a129-ee96906dcf34,Stand-Up India,https://www.standupmitra.in/,Karnataka,Idea,Small,Agri,- Eligibility criteria,Bank Statement,True
69778b6f5dbe0abc9824669e,ef1fffec-bcdc-4527-a795-f58788a89bc9,Stand-Up India,https://www.standupmitra.in/,Karnataka,Idea,Small,Agri,- Required documents,GST Certificate,True
69778b6f5dbe0abc9824669f,72bb1bbc-b407-4e73-8b7a-62861905493b,Stand-Up India,https://www.standupmitra.in/,Karnataka,Idea,Small,Agri,- Required documents,Udyam Certificate,True
69778b6f5dbe0abc982466a0,da74c5da-27fb-42ce-956f-67e74c35e4a1,Stand-Up India,https://www.standupmitra.in/,Karnataka,Idea,Small,Agri,- Required documents,Bank Statement,True
69778b6f5dbe0abc982466a1,d3bec44d-ed14-4c36-b5d4-dc935b08c4ff,Stand-Up India,https://www.standupmitra.in/,Karnataka,Idea,Small,Agri,Return as bullet points.,GST Certificate,True
69778b6f5dbe0abc982466a2,f97f455e-db56-4653-9180-c75120bf7621,Stand-Up India,https://www.standupmitra.in/,Karnataka,Idea,Small,Agri,Return as bullet points.,Udyam Certificate,True
69778b6f5dbe0abc982466a3,211156f8-c379-4821-821d-f61c86fdbf81,Stand-Up India,https://www.standupmitra.in/,Karnataka,Idea,Small,Agri,Return as bullet points.,Bank Statement,True
69778b6f5dbe0abc982466a4,69f29759-2658-4a02-9747-6b6fd6f4c886,Stand-Up India,https://www.standupmitra.in/,Karnataka,Idea,Small,Agri,,GST Certificate,True
69778b6f5dbe0abc982466a5,b7f75a8f-0fb3-4f34-9828-89f57ab496ab,Stand-Up India,https://www.standupmitra.in/,Karnataka,Idea,Small,Agri,,Udyam Certificate,True
69778b6f5dbe0abc982466a6,42fa94f4-0b61-4f89-b8c7-a5c0f702b595,Stand-Up India,https://www.standupmitra.in/,Karnataka,Idea,Small,Agri,,Bank Statement,True
69778b6f5dbe0abc982466a7,ece2d80e-6588-4277-87a9-b87f1f32bb6a,Stand-Up India,https://www.standupmitra.in/,Karnataka,Idea,Small,Agri,TEXT:,GST Certificate,True
69778b6f5dbe0abc982466a8,8a6679cd-8ddd-47d6-8b6b-ba4888aba5cc,Stand-Up India,https://www.standupmitra.in/,Karnataka,Idea,Small,Agri,TEXT:,Udyam Certificate,True
69778b6f5dbe0abc982466a9,d4bb8408-791e-4d88-9545-f719bd4adbd9,Stand-Up India,https://www.standupmitra.in/,Karnataka,Idea,Small,Agri,TEXT:,Bank Statement,True
69778b6f5dbe0abc982466aa,69ef7cdf-2000-472b-bf4f-13fc6edbe1d7,Stand-Up India,https://www.standupmitra.in/,Karnataka,Idea,Small,Agri,StandupIndia Login Applicaunt Login Applicaant Registration Other Users Home About Us Stand-Up India Scheme facilitate...,GST Certificate,True
69778b6f5dbe0abc982466ab,685d27bd-7d81-4845-9c99-2cf503509136,Stand-Up India,https://www.standupmitra.in/,Karnataka,Idea,Small,Agri,StandupIndia Login Applicaunt Login Applicaant Registration Other Users Home About Us Stand-Up India Scheme facilitate...,Udyam Certificate,True
69778b6f5dbe0abc982466ac,c41333dd-7287-46cf-8a65-04636807bf2a,Stand-Up India,https://www.standupmitra.in/,Karnataka,Idea,Small,Agri,StandupIndia Login Applicaunt Login Applicaant Registration Other Users Home About Us Stand-Up India Scheme facilitate...,Bank Statement,True
69778b6f5dbe0abc982466ad,8a3ad4fe-2e4a-4c9b-991e-3f461aafd2ac,Stand-Up India,https://www.standupmitra.in/,Karnataka,Idea,Small,Agri,,GST Certificate,True
69778b6f5dbe0abc982466ae,5c06881f-934f-494d-80eb-ce833dbbb823,Stand-Up India,https://www.standupmitra.in/,Karnataka,Idea,Small,Agri,,Udyam Certificate,True
69778b6f5dbe0abc982466af,6dd16a8f-3e16-43bb-9efe-1de937c3f161,Stand-Up India,https://www.standupmitra.in/,Karnataka,Idea,Small,Agri,,Bank Statement,True
69778b6f5dbe0abc982466b0,c191331b-86d1-4297-b675-d26d1af7313e,Stand-Up India,https://www.standupmitra.in/,Karnataka,Idea,Small,Agri,"Communities Stand-up India Scheme facilitates bank loan between ₹10 lakhs and ₹1 crore for Applicants to establish a greenfield enterprise. The Borrower Type Loans to SC/ST and Women Entrepreneurs with at least 51% of the shareholding and controlling stake, either an SC/ST or woman entrepreneur. Salient Features:",GST Certificate,True
69778b6f5dbe0abc982466b1,c4c2aa0c-1e38-498d-aaae-ebb96eb6a5bb,Stand-Up India,https://www.standupmitra.in/,Karnataka,Idea,Small,Agri,"Communities Stand-up India Scheme facilitates bank loan between ₹10 lakhs and ₹1 crore for Applicants to establish a greenfield enterprise. The Borrower Type Loans to SC/ST and Women Entrepreneurs with at least 51% of the shareholding and controlling stake, either an SC/ST or woman entrepreneur. Salient Features:",Udyam Certificate,True
69778b6f5dbe0abc982466b2,0a605929-283e-405f-a35b-0035c7277f11,Stand-Up India,https://www.standupmitra.in/,Karnataka,Idea,Small,Agri,"Communities Stand-up India Scheme facilitates bank loan between ₹10 lakhs and ₹1 crore for Applicants to establish a greenfield enterprise. The Borrower Type Loans to SC/ST and Women Entrepreneurs with at least 51% of the shareholding and controlling stake, either an SC/ST or woman entrepreneur. Salient Features:",Bank Statement,True
69778b6f5dbe0abc982466b3,98076426-beed-43d2-818a-bd2322bae15e,Stand-Up India,https://www.standupmitra.in/,Karnataka,Idea,Small,Agri,- Loans of between ₹10 lakhs to ₹1 crore for Applicants.,GST Certificate,True
69778b6f5dbe0abc982466b4,6c025fd4-90b1-4b06-aafa-94ae3e700d8b,Stand-Up India,https://www.standupmitra.in/,Karnataka,Idea,Small,Agri,- Loans of between ₹10 lakhs to ₹1 crore for Applicants.,Udyam Certificate,True
69778b6f5dbe0abc982466b5,08977c2e-08d8-4961-9471-2663c37f3c45,Stand-Up India,https://www.standupmitra.in/,Karnataka,Idea,Small,Agri,- Loans of between ₹10 lakhs to ₹1 crore for Applicants.,Bank Statement,True
69778b6f5dbe0abc982466b6,3eb068bb-e492-4d3e-9e75-390688ef5cf8,Stand-Up India,https://www.standupmitra.in/,Karnataka,Idea,Small,Agri,- Enterprise loans for setting up a greenfield enterprise.,GST Certificate,True
69778b6f5dbe0abc982466b7,16658762-0e04-4270-b0b6-6988e13ec4bb,Stand-Up India,https://www.standupmitra.in/,Karnataka,Idea,Small,Agri,- Enterprise loans for setting up a greenfield enterprise.,Udyam Certificate,True
69778b6f5dbe0abc982466b8,1b6c7d2e-cafd-4cd0-8cbb-6a9f1afdd5dd,Stand-Up India,https://www.standupmitra.in/,Karnataka,Idea,Small,Agri,- Enterprise loans for setting up a greenfield enterprise.,Bank Statement,True
69778b6f5dbe0abc982466b9,73066ef4-3172-4758-a7cd-be6db1e6070e,Stand-Up India,https://www.standupmitra.in/,Karnataka,Idea,Small,Agri,- Loan size is from ₹10 lakhs to ₹1 crore.,GST Certificate,True
69778b6f5dbe0abc982466ba,df078ec2-3a97-452a-b223-ef3ca7bf3c87,Stand-Up India,https://www.standupmitra.in/,Karnataka,Idea,Small,Agri,- Loan size is from ₹10 lakhs to ₹1 crore.,Udyam Certificate,True
69778b6f5dbe0abc982466bb,4168ded8-3786-4384-92a7-653ea5bcacfe,Stand-Up India,https://www.standupmitra.in/,Karnataka,Idea,Small,Agri,- Loan size is from ₹10 lakhs to ₹1 crore.,Bank Statement,True
69778b6f5dbe0abc982466bc,70ee5a24-ef3a-4b85-a8a7-d6cd93af4f27,Stand-Up India,https://www.standupmitra.in/,Karnataka,Idea,Small,Agri,- Comprises a composite loan (including Term Loan and Working Capital).,GST Certificate,True
69778b6f5dbe0abc982466bd,8b8d1050-e232-4cc2-a4e1-c94be1fce8af,Stand-Up India,https://www.standupmitra.in/,Karnataka,Idea,Small,Agri,- Comprises a composite loan (including Term Loan and Working Capital).,Udyam Certificate,True
69778b6f5dbe0abc982466be,329a9823-ddec-4b50-8d57-6b5075206d9d,Stand-Up India,https://www.standupmitra.in/,Karnataka,Idea,Small,Agri,- Comprises a composite loan (including Term Loan and Working Capital).,Bank Statement,True
69778b6f5dbe0abc982466bf,6a3a6e91-e3d9-41a4-b377-1281c61dca57,Stand-Up India,https://www.standupmitra.in/,Karnataka,Idea,Small,Agri,"- Key Elements: Stand-Up India Ecosystem, Promoter Contribution of 15%, Marginal Money security cover under Credit Guarantee Fund Scheme for Stand-Up India Loans (CGFSIL). Impact Stories:",GST Certificate,True
69778b6f5dbe0abc982466c0,af23392c-29ff-45c3-8bd3-b113f36143b4,Stand-Up India,https://www.standupmitra.in/,Karnataka,Idea,Small,Agri,"- Key Elements: Stand-Up India Ecosystem, Promoter Contribution of 15%, Marginal Money security cover under Credit Guarantee Fund Scheme for Stand-Up India Loans (CGFSIL). Impact Stories:",Udyam Certificate,True
69778b6f5dbe0abc982466c1,fd66cda6-b5c9-4867-b77e-06cecebc50cc,Stand-Up India,https://www.standupmitra.in/,Karnataka,Idea,Small,Agri,"- Key Elements: Stand-Up India Ecosystem, Promoter Contribution of 15%, Marginal Money security cover under Credit Guarantee Fund Scheme for Stand-Up India Loans (CGFSIL). Impact Stories:",Bank Statement,True
69778b6f5dbe0abc982466c2,8638e5cb-0ecd-42cd-8c90-b2f6cff8ed47,Stand-Up India,https://www.standupmitra.in/,Karnataka,Idea,Small,Agri,"- Prometheus is the beneficiary under STAND UP INDIA loan scheme. She has been given a loan for setting up of an Optometric clinic with vision therapy as she is a low vision therapist. As per the promoteur, she can earn Rs.1 lakhs per month from the Optical Gallery cum Optometric Clinic, which has vision therapy - as a low vision specialist, and has been granted loan sanction by PNB, Anna Nagar Branch, Chennai.",GST Certificate,True
69778b6f5dbe0abc982466c3,be722064-ea49-4a59-9de2-b877570c8fed,Stand-Up India,https://www.standupmitra.in/,Karnataka,Idea,Small,Agri,"- Prometheus is the beneficiary under STAND UP INDIA loan scheme. She has been given a loan for setting up of an Optometric clinic with vision therapy as she is a low vision therapist. As per the promoteur, she can earn Rs.1 lakhs per month from the Optical Gallery cum Optometric Clinic, which has vision therapy - as a low vision specialist, and has been granted loan sanction by PNB, Anna Nagar Branch, Chennai.",Udyam Certificate,True
69778b6f5dbe0abc982466c4,c1138cb7-74cf-457f-b686-9c5e9e9da1e7,Stand-Up India,https://www.standupmitra.in/,Karnataka,Idea,Small,Agri,"- Prometheus is the beneficiary under STAND UP INDIA loan scheme. She has been given a loan for setting up of an Optometric clinic with vision therapy as she is a low vision therapist. As per the promoteur, she can earn Rs.1 lakhs per month from the Optical Gallery cum Optometric Clinic, which has vision therapy - as a low vision specialist, and has been granted loan sanction by PNB, Anna Nagar Branch, Chennai.",Bank Statement,True
69778b6f5dbe0abc982466c5,98ff5f5c-4d7d-40f4-b7cf-a43a6fa76904,Stand-Up India,https://www.standupmitra.in/,Karnataka,Idea,Small,Agri,"- Gaining experience from her father in law, the promoteur is able to stand alone as an optometrist after gaining experience from him. She has seen the website and learnt about the Anna Nagar branch extending STAND UP INDIA scheme and approached directly. According to the promoteur, she never dreamt of getting loan sanctioned in shortest time, which is why she is very happy and able to earn Rs.1 lakhs per month from the Optical Gallery cum Optometric Clinic, which has vision therapy - as a low v",GST Certificate,True
69778b6f5dbe0abc982466c6,5bbfc59d-b0ca-4824-a33a-808c598a492e,Stand-Up India,https://www.standupmitra.in/,Karnataka,Idea,Small,Agri,"- Gaining experience from her father in law, the promoteur is able to stand alone as an optometrist after gaining experience from him. She has seen the website and learnt about the Anna Nagar branch extending STAND UP INDIA scheme and approached directly. According to the promoteur, she never dreamt of getting loan sanctioned in shortest time, which is why she is very happy and able to earn Rs.1 lakhs per month from the Optical Gallery cum Optometric Clinic, which has vision therapy - as a low v",Udyam Certificate,True
69778b6f5dbe0abc982466c7,84d228e5-553a-4316-a51b-28dafdeaaff6,Stand-Up India,https://www.standupmitra.in/,Karnataka,Idea,Small,Agri,"- Gaining experience from her father in law, the promoteur is able to stand alone as an optometrist after gaining experience from him. She has seen the website and learnt about the Anna Nagar branch extending STAND UP INDIA scheme and approached directly. According to the promoteur, she never dreamt of getting loan sanctioned in shortest time, which is why she is very happy and able to earn Rs.1 lakhs per month from the Optical Gallery cum Optometric Clinic, which has vision therapy - as a low v",Bank Statement,True
69778b6f5dbe0abc982466c8,49478c92-89c0-4e95-8d8d-754d6e06b0de,Stand-Up India,https://www.standupmitra.in/,Karnataka,Idea,Small,Agri,,GST Certificate,True
69778b6f5dbe0abc982466c9,50da7f7c-bdaf-4009-a39c-1554d4761b14,Stand-Up India,https://www.standupmitra.in/,Karnataka,Idea,Small,Agri,,Udyam Certificate,True
69778b6f5dbe0abc982466ca,fe1405a9-6e7f-45f4-8986-194f2d3d2224,Stand-Up India,https://www.standupmitra.in/,Karnataka,Idea,Small,Agri,,Bank Statement,True
69778b6f5dbe0abc982466cb,4d4f29fe-5040-498a-a781-a3a60fc5263d,Stand-Up India,https://www.standupmitra.in/,Karnataka,Idea,Small,Agri,,GST Certificate,True
69778b6f5dbe0abc982466cc,a9a9a698-8c0f-458b-aaba-1de9a31b4eb1,Stand-Up India,https://www.standupmitra.in/,Karnataka,Idea,Small,Agri,,Udyam Certificate,True
69778b6f5dbe0abc982466cd,80f8a43b-90b8-4587-b055-fde68411aa58,Stand-Up India,https://www.standupmitra.in/,Karnataka,Idea,Small,Agri,,Bank Statement,True
69778b6f5dbe0abc982466ce,7e5e847a-5673-4a13-b16e-317f2089b441,Stand-Up India,https://www.standupmitra.in/,Karnataka,Idea,Medium,Manufacturing,Extract:,GST Certificate,True
69778b6f5dbe0abc982466cf,85daf31b-8ff2-4b83-b70d-d338cdf4a837,Stand-Up India,https://www.standupmitra.in/,Karnataka,Idea,Medium,Manufacturing,Extract:,Udyam Certificate,True
69778b6f5dbe0abc982466d0,2d7cc98b-aad4-4491-8875-dde0b9977176,Stand-Up India,https://www.standupmitra.in/,Karnataka,Idea,Medium,Manufacturing,Extract:,Bank Statement,True
69778b6f5dbe0abc982466d1,78dfee90-b5a9-4feb-98da-df3cb1382f83,Stand-Up India,https://www.standupmitra.in/,Karnataka,Idea,Medium,Manufacturing,- Eligibility criteria,GST Certificate,True
69778b6f5dbe0abc982466d2,2bc49283-072b-4c25-bddc-97196ac5e205,Stand-Up India,https://www.standupmitra.in/,Karnataka,Idea,Medium,Manufacturing,- Eligibility criteria,Udyam Certificate,True
69778b6f5dbe0abc982466d3,d307ad68-43e4-4bd4-b76c-2e3b75d1d43b,Stand-Up India,https://www.standupmitra.in/,Karnataka,Idea,Medium,Manufacturing,- Eligibility criteria,Bank Statement,True
69778b6f5dbe0abc982466d4,1e4dca38-ca89-459f-8885-8c520a5b3110,Stand-Up India,https://www.standupmitra.in/,Karnataka,Idea,Medium,Manufacturing,- Required documents,GST Certificate,True
69778b6f5dbe0abc982466d5,9877b65d-15bf-4421-9b16-73e5adc8cb91,Stand-Up India,https://www.standupmitra.in/,Karnataka,Idea,Medium,Manufacturing,- Required documents,Udyam Certificate,True
69778b6f5dbe0abc982466d6,a6f07b1c-284c-401c-b22f-a7523459eb8c,Stand-Up India,https://www.standupmitra.in/,Karnataka,Idea,Medium,Manufacturing,- Required documents,Bank Statement,True
69778b6f5dbe0abc982466d7,a7cf4bc8-e1b5-4ee6-9872-479ce3bf316f,Stand-Up India,https://www.standupmitra.in/,Karnataka,Idea,Medium,Manufacturing,Return as bullet points.,GST Certificate,True
69778b6f5dbe0abc982466d8,5f50b73b-fdf9-4f9b-86a9-c857987b7671,Stand-Up India,https://www.standupmitra.in/,Karnataka,Idea,Medium,Manufacturing,Return as bullet points.,Udyam Certificate,True
69778b6f5dbe0abc982466d9,671d6f11-fb5a-4305-bb7d-523e552feedb,Stand-Up India,https://www.standupmitra.in/,Karnataka,Idea,Medium,Manufacturing,Return as bullet points.,Bank Statement,True
69778b6f5dbe0abc982466da,bc7ec88b-1730-4668-9914-e9059e20014d,Stand-Up India,https://www.standupmitra.in/,Karnataka,Idea,Medium,Manufacturing,,GST Certificate,True
69778b6f5dbe0abc982466db,50ae5d99-266f-4aff-b23a-e7332d8bb7c1,Stand-Up India,https://www.standupmitra.in/,Karnataka,Idea,Medium,Manufacturing,,Udyam Certificate,True
69778b6f5dbe0abc982466dc,ff1f5ba9-5676-483b-8fc4-ef8a26438cbb,Stand-Up India,https://www.standupmitra.in/,Karnataka,Idea,Medium,Manufacturing,,Bank Statement,True
69778b6f5dbe0abc982466dd,362fd303-5874-4524-867d-bfd890b30e75,Stand-Up India,https://www.standupmitra.in/,Karnataka,Idea,Medium,Manufacturing,TEXT:,GST Certificate,True
69778b6f5dbe0abc982466de,8df81e1f-8c85-43b4-a883-a4ac62e673a9,Stand-Up India,https://www.standupmitra.in/,Karnataka,Idea,Medium,Manufacturing,TEXT:,Udyam Certificate,True
69778b6f5dbe0abc982466df,6629cdcc-ea62-4f76-ba03-d33393b8a06b,Stand-Up India,https://www.standupmitra.in/,Karnataka,Idea,Medium,Manufacturing,TEXT:,Bank Statement,True
69778b6f5dbe0abc982466e0,9c3f8961-d234-44de-8d25-9e804c91e108,Stand-Up India,https://www.standupmitra.in/,Karnataka,Idea,Medium,Manufacturing,StandupIndia Login Applicaunt Login Applicaant Registration Other Users Home About Us Stand-Up India Scheme facilitate...,GST Certificate,True
69778b6f5dbe0abc982466e1,8925c3f2-f9d4-4baa-aea5-3efbb5b1b029,Stand-Up India,https://www.standupmitra.in/,Karnataka,Idea,Medium,Manufacturing,StandupIndia Login Applicaunt Login Applicaant Registration Other Users Home About Us Stand-Up India Scheme facilitate...,Udyam Certificate,True
69778b6f5dbe0abc982466e2,6c5b1c70-98e9-488e-b51a-d56bfcb52f5e,Stand-Up India,https://www.standupmitra.in/,Karnataka,Idea,Medium,Manufacturing,StandupIndia Login Applicaunt Login Applicaant Registration Other Users Home About Us Stand-Up India Scheme facilitate...,Bank Statement,True
69778b6f5dbe0abc982466e3,4f4478ce-6d12-4b45-a6a3-6e524bdc3c5d,Stand-Up India,https://www.standupmitra.in/,Karnataka,Idea,Medium,Manufacturing,,GST Certificate,True
69778b6f5dbe0abc982466e4,98183670-30fb-404f-9ea1-056938a4ea43,Stand-Up India,https://www.standupmitra.in/,Karnataka,Idea,Medium,Manufacturing,,Udyam Certificate,True
69778b6f5dbe0abc982466e5,84180aba-4102-4206-b9a7-a7c49a65a832,Stand-Up India,https://www.standupmitra.in/,Karnataka,Idea,Medium,Manufacturing,,Bank Statement,True
69778b6f5dbe0abc982466e6,12dc297a-74e4-411b-9c2d-9cf3ae318046,Stand-Up India,https://www.standupmitra.in/,Karnataka,Idea,Medium,Manufacturing,"Communities Stand-up India Scheme facilitates bank loan between ₹10 lakhs and ₹1 crore for Applicants to establish a greenfield enterprise. The Borrower Type Loans to SC/ST and Women Entrepreneurs with at least 51% of the shareholding and controlling stake, either an SC/ST or woman entrepreneur. Salient Features:",GST Certificate,True
69778b6f5dbe0abc982466e7,ba92acf7-c7d0-4fe7-b89b-4861345b5fbb,Stand-Up India,https://www.standupmitra.in/,Karnataka,Idea,Medium,Manufacturing,"Communities Stand-up India Scheme facilitates bank loan between ₹10 lakhs and ₹1 crore for Applicants to establish a greenfield enterprise. The Borrower Type Loans to SC/ST and Women Entrepreneurs with at least 51% of the shareholding and controlling stake, either an SC/ST or woman entrepreneur. Salient Features:",Udyam Certificate,True
69778b6f5dbe0abc982466e8,a9279db5-eec1-41e3-9f74-955efde85430,Stand-Up India,https://www.standupmitra.in/,Karnataka,Idea,Medium,Manufacturing,"Communities Stand-up India Scheme facilitates bank loan between ₹10 lakhs and ₹1 crore for Applicants to establish a greenfield enterprise. The Borrower Type Loans to SC/ST and Women Entrepreneurs with at least 51% of the shareholding and controlling stake, either an SC/ST or woman entrepreneur. Salient Features:",Bank Statement,True
69778b6f5dbe0abc982466e9,c0da61a7-a275-4be7-90f9-fb97b9bcffb6,Stand-Up India,https://www.standupmitra.in/,Karnataka,Idea,Medium,Manufacturing,- Loans of between ₹10 lakhs to ₹1 crore for Applicants.,GST Certificate,True
69778b6f5dbe0abc982466ea,643d866d-c043-4c9b-8f12-6eceb0f3d2a9,Stand-Up India,https://www.standupmitra.in/,Karnataka,Idea,Medium,Manufacturing,- Loans of between ₹10 lakhs to ₹1 crore for Applicants.,Udyam Certificate,True
69778b6f5dbe0abc982466eb,570d8ad5-69a4-44d6-9a4c-7bbb54872b69,Stand-Up India,https://www.standupmitra.in/,Karnataka,Idea,Medium,Manufacturing,- Loans of between ₹10 lakhs to ₹1 crore for Applicants.,Bank Statement,True
69778b6f5dbe0abc982466ec,5c35584a-ce3b-4610-ae0a-63a4b6b52bd7,Stand-Up India,https://www.standupmitra.in/,Karnataka,Idea,Medium,Manufacturing,- Enterprise loans for setting up a greenfield enterprise.,GST Certificate,True
69778b6f5dbe0abc982466ed,22f5d58a-02a3-4e93-bafb-934f2407b0ab,Stand-Up India,https://www.standupmitra.in/,Karnataka,Idea,Medium,Manufacturing,- Enterprise loans for setting up a greenfield enterprise.,Udyam Certificate,True
69778b6f5dbe0abc982466ee,97837d8f-af63-4abc-83de-e8bfb70b96ac,Stand-Up India,https://www.standupmitra.in/,Karnataka,Idea,Medium,Manufacturing,- Enterprise loans for setting up a greenfield enterprise.,Bank Statement,True
69778b6f5dbe0abc982466ef,9e275f27-8846-4bc0-a2a9-d85bb629a10e,Stand-Up India,https://www.standupmitra.in/,Karnataka,Idea,Medium,Manufacturing,- Loan size is from ₹10 lakhs to ₹1 crore.,GST Certificate,True
69778b6f5dbe0abc982466f0,3e49aa52-d340-430a-bf19-cf3d67684202,Stand-Up India,https://www.standupmitra.in/,Karnataka,Idea,Medium,Manufacturing,- Loan size is from ₹10 lakhs to ₹1 crore.,Udyam Certificate,True
69778b6f5dbe0abc982466f1,52e809c1-63e2-4141-8f2b-dbd2dcdc8e15,Stand-Up India,https://www.standupmitra.in/,Karnataka,Idea,Medium,Manufacturing,- Loan size is from ₹10 lakhs to ₹1 crore.,Bank Statement,True
69778b6f5dbe0abc982466f2,b6cdf67d-9cc4-4711-aafc-1a24cb645728,Stand-Up India,https://www.standupmitra.in/,Karnataka,Idea,Medium,Manufacturing,- Comprises a composite loan (including Term Loan and Working Capital).,GST Certificate,True
69778b6f5dbe0abc982466f3,f2c53975-c73c-43c6-9901-758912a84aeb,Stand-Up India,https://www.standupmitra.in/,Karnataka,Idea,Medium,Manufacturing,- Comprises a composite loan (including Term Loan and Working Capital).,Udyam Certificate,True
69778b6f5dbe0abc982466f4,4cc7c57d-9a55-4acb-943c-a289055577c6,Stand-Up India,https://www.standupmitra.in/,Karnataka,Idea,Medium,Manufacturing,- Comprises a composite loan (including Term Loan and Working Capital).,Bank Statement,True
69778b6f5dbe0abc982466f5,5e7c3fe8-b885-4988-a1eb-0bf23aeeea3f,Stand-Up India,https://www.standupmitra.in/,Karnataka,Idea,Medium,Manufacturing,"- Key Elements: Stand-Up India Ecosystem, Promoter Contribution of 15%, Marginal Money security cover under Credit Guarantee Fund Scheme for Stand-Up India Loans (CGFSIL). Impact Stories:",GST Certificate,True
69778b6f5dbe0abc982466f6,6f88aed5-4639-4e6a-aa90-dc2d238176bf,Stand-Up India,https://www.standupmitra.in/,Karnataka,Idea,Medium,Manufacturing,"- Key Elements: Stand-Up India Ecosystem, Promoter Contribution of 15%, Marginal Money security cover under Credit Guarantee Fund Scheme for Stand-Up India Loans (CGFSIL). Impact Stories:",Udyam Certificate,True
69778b6f5dbe0abc982466f7,22660cc5-737d-45f4-8c44-ce5ef283f446,Stand-Up India,https://www.standupmitra.in/,Karnataka,Idea,Medium,Manufacturing,"- Key Elements: Stand-Up India Ecosystem, Promoter Contribution of 15%, Marginal Money security cover under Credit Guarantee Fund Scheme for Stand-Up India Loans (CGFSIL). Impact Stories:",Bank Statement,True
69778b6f5dbe0abc982466f8,dbc7128c-da27-4c4f-9232-1862500c32ac,Stand-Up India,https://www.standupmitra.in/,Karnataka,Idea,Medium,Manufacturing,"- Prometheus is the beneficiary under STAND UP INDIA loan scheme. She has been given a loan for setting up of an Optometric clinic with vision therapy as she is a low vision therapist. As per the promoteur, she can earn Rs.1 lakhs per month from the Optical Gallery cum Optometric Clinic, which has vision therapy - as a low vision specialist, and has been granted loan sanction by PNB, Anna Nagar Branch, Chennai.",GST Certificate,True
69778b6f5dbe0abc982466f9,83d4fc4c-1a05-4fde-bcca-fefeb6754ea6,Stand-Up India,https://www.standupmitra.in/,Karnataka,Idea,Medium,Manufacturing,"- Prometheus is the beneficiary under STAND UP INDIA loan scheme. She has been given a loan for setting up of an Optometric clinic with vision therapy as she is a low vision therapist. As per the promoteur, she can earn Rs.1 lakhs per month from the Optical Gallery cum Optometric Clinic, which has vision therapy - as a low vision specialist, and has been granted loan sanction by PNB, Anna Nagar Branch, Chennai.",Udyam Certificate,True
69778b6f5dbe0abc982466fa,975c6f85-9922-453c-9c12-f8fb3754c55b,Stand-Up India,https://www.standupmitra.in/,Karnataka,Idea,Medium,Manufacturing,"- Prometheus is the beneficiary under STAND UP INDIA loan scheme. She has been given a loan for setting up of an Optometric clinic with vision therapy as she is a low vision therapist. As per the promoteur, she can earn Rs.1 lakhs per month from the Optical Gallery cum Optometric Clinic, which has vision therapy - as a low vision specialist, and has been granted loan sanction by PNB, Anna Nagar Branch, Chennai.",Bank Statement,True
69778b6f5dbe0abc982466fb,ce5c20ff-b3fc-4ce8-b2e3-5389b0af8533,Stand-Up India,https://www.standupmitra.in/,Karnataka,Idea,Medium,Manufacturing,"- Gaining experience from her father in law, the promoteur is able to stand alone as an optometrist after gaining experience from him. She has seen the website and learnt about the Anna Nagar branch extending STAND UP INDIA scheme and approached directly. According to the promoteur, she never dreamt of getting loan sanctioned in shortest time, which is why she is very happy and able to earn Rs.1 lakhs per month from the Optical Gallery cum Optometric Clinic, which has vision therapy - as a low v",GST Certificate,True
69778b6f5dbe0abc982466fc,c3d241cc-ebfb-4fed-953a-d4902830a38b,Stand-Up India,https://www.standupmitra.in/,Karnataka,Idea,Medium,Manufacturing,"- Gaining experience from her father in law, the promoteur is able to stand alone as an optometrist after gaining experience from him. She has seen the website and learnt about the Anna Nagar branch extending STAND UP INDIA scheme and approached directly. According to the promoteur, she never dreamt of getting loan sanctioned in shortest time, which is why she is very happy and able to earn Rs.1 lakhs per month from the Optical Gallery cum Optometric Clinic, which has vision therapy - as a low v",Udyam Certificate,True
69778b6f5dbe0abc982466fd,8032e004-bdce-4b9a-a46b-87cc6e6e3e8f,Stand-Up India,https://www.standupmitra.in/,Karnataka,Idea,Medium,Manufacturing,"- Gaining experience from her father in law, the promoteur is able to stand alone as an optometrist after gaining experience from him. She has seen the website and learnt about the Anna Nagar branch extending STAND UP INDIA scheme and approached directly. According to the promoteur, she never dreamt of getting loan sanctioned in shortest time, which is why she is very happy and able to earn Rs.1 lakhs per month from the Optical Gallery cum Optometric Clinic, which has vision therapy - as a low v",Bank Statement,True
69778b6f5dbe0abc982466fe,24172a6a-f90a-4808-978d-744578f8e078,Stand-Up India,https://www.standupmitra.in/,Karnataka,Idea,Medium,Manufacturing,,GST Certificate,True
69778b6f5dbe0abc982466ff,3dec141a-1282-4d8d-b2c6-42cb3471a3da,Stand-Up India,https://www.standupmitra.in/,Karnataka,Idea,Medium,Manufacturing,,Udyam Certificate,True
69778b6f5dbe0abc98246700,9f17cc53-aaf7-4d51-b514-73d08e1bfe07,Stand-Up India,https://www.standupmitra.in/,Karnataka,Idea,Medium,Manufacturing,,Bank Statement,True
69778b6f5dbe0abc98246701,6c36fbd2-7585-4a6e-b55e-80b3a77dd2ac,Stand-Up India,https://www.standupmitra.in/,Karnataka,Idea,Medium,Manufacturing,,GST Certificate,True
69778b6f5dbe0abc98246702,708bdc30-7454-4eb5-8386-b4b6b1ee9452,Stand-Up India,https://www.standupmitra.in/,Karnataka,Idea,Medium,Manufacturing,,Udyam Certificate,True
69778b6f5dbe0abc98246703,33a91dc6-339a-4c4f-ad72-8a7ad6a00a48,Stand-Up India,https://www.standupmitra.in/,Karnataka,Idea,Medium,Manufacturing,,Bank Statement,True
69778b6f5dbe0abc98246704,81417f8a-b4aa-412b-aca7-518e2c573711,Stand-Up India,https://www.standupmitra.in/,Karnataka,Idea,Medium,Service,Extract:,GST Certificate,True
69778b6f5dbe0abc98246705,2367d712-6a4f-4a1c-b6a2-8a81bd949160,Stand-Up India,https://www.standupmitra.in/,Karnataka,Idea,Medium,Service,Extract:,Udyam Certificate,True
69778b6f5dbe0abc98246706,9986f07a-9ac6-4731-b343-e877d128bfa5,Stand-Up India,https://www.standupmitra.in/,Karnataka,Idea,Medium,Service,Extract:,Bank Statement,True
69778b6f5dbe0abc98246707,9b55f9f8-fa36-41e8-b50b-0ca789f7d281,Stand-Up India,https://www.standupmitra.in/,Karnataka,Idea,Medium,Service,- Eligibility criteria,GST Certificate,True
69778b6f5dbe0abc98246708,f062ad70-8491-40fe-a04e-09c5aa05a871,Stand-Up India,https://www.standupmitra.in/,Karnataka,Idea,Medium,Service,- Eligibility criteria,Udyam Certificate,True
69778b6f5dbe0abc98246709,33512252-0c2b-4532-a474-e3eda7afaacd,Stand-Up India,https://www.standupmitra.in/,Karnataka,Idea,Medium,Service,- Eligibility criteria,Bank Statement,True
69778b6f5dbe0abc9824670a,9dc69be2-d6a5-488b-82bb-a3f6016fd905,Stand-Up India,https://www.standupmitra.in/,Karnataka,Idea,Medium,Service,- Required documents,GST Certificate,True
69778b6f5dbe0abc9824670b,787ade7b-8a98-4ce8-93dc-e444075066b9,Stand-Up India,https://www.standupmitra.in/,Karnataka,Idea,Medium,Service,- Required documents,Udyam Certificate,True
69778b6f5dbe0abc9824670c,38eaf44a-d2a1-4b7c-9421-dcc8f8c4586c,Stand-Up India,https://www.standupmitra.in/,Karnataka,Idea,Medium,Service,- Required documents,Bank Statement,True
69778b6f5dbe0abc9824670d,ffe16ae2-b45d-488d-8000-5800547762cc,Stand-Up India,https://www.standupmitra.in/,Karnataka,Idea,Medium,Service,Return as bullet points.,GST Certificate,True
69778b6f5dbe0abc9824670e,e3bfe7f3-0b26-41cf-9a8e-6d4d6adb3cff,Stand-Up India,https://www.standupmitra.in/,Karnataka,Idea,Medium,Service,Return as bullet points.,Udyam Certificate,True
69778b6f5dbe0abc9824670f,ad2c2c23-896f-4ce7-a4b9-3248ac33a92b,Stand-Up India,https://www.standupmitra.in/,Karnataka,Idea,Medium,Service,Return as bullet points.,Bank Statement,True
69778b6f5dbe0abc98246710,c9249fbe-1882-4816-8567-86f63b23cddf,Stand-Up India,https://www.standupmitra.in/,Karnataka,Idea,Medium,Service,,GST Certificate,True
69778b6f5dbe0abc98246711,4988349f-db76-4e86-9ec5-445ef8e1527a,Stand-Up India,https://www.standupmitra.in/,Karnataka,Idea,Medium,Service,,Udyam Certificate,True
69778b6f5dbe0abc98246712,147897ab-1b73-4017-b039-278c108afc0d,Stand-Up India,https://www.standupmitra.in/,Karnataka,Idea,Medium,Service,,Bank Statement,True
69778b6f5dbe0abc98246713,33f7ab20-100b-48fd-b5fd-dee12e3f0f03,Stand-Up India,https://www.standupmitra.in/,Karnataka,Idea,Medium,Service,TEXT:,GST Certificate,True
69778b6f5dbe0abc98246714,574da81e-a1b2-4fc4-9b01-c42d73558c1d,Stand-Up India,https://www.standupmitra.in/,Karnataka,Idea,Medium,Service,TEXT:,Udyam Certificate,True
69778b6f5dbe0abc98246715,a1588bcd-aef5-4483-a957-0978c75fcd3d,Stand-Up India,https://www.standupmitra.in/,Karnataka,Idea,Medium,Service,TEXT:,Bank Statement,True
69778b6f5dbe0abc98246716,e6bed424-928b-4344-8a0c-c327773cca5e,Stand-Up India,https://www.standupmitra.in/,Karnataka,Idea,Medium,Service,StandupIndia Login Applicaunt Login Applicaant Registration Other Users Home About Us Stand-Up India Scheme facilitate...,GST Certificate,True
69778b6f5dbe0abc98246717,1be8d3e8-aee0-47ca-8b9a-2eff57954a6d,Stand-Up India,https://www.standupmitra.in/,Karnataka,Idea,Medium,Service,StandupIndia Login Applicaunt Login Applicaant Registration Other Users Home About Us Stand-Up India Scheme facilitate...,Udyam Certificate,True
69778b6f5dbe0abc98246718,91056a7d-cb75-4d64-b17a-bf4054482a60,Stand-Up India,https://www.standupmitra.in/,Karnataka,Idea,Medium,Service,StandupIndia Login Applicaunt Login Applicaant Registration Other Users Home About Us Stand-Up India Scheme facilitate...,Bank Statement,True
69778b6f5dbe0abc98246719,e24b1c41-f9ac-486e-8c45-88f865bedbdf,Stand-Up India,https://www.standupmitra.in/,Karnataka,Idea,Medium,Service,,GST Certificate,True
69778b6f5dbe0abc9824671a,88637807-c54d-4519-b174-af196352113b,Stand-Up India,https://www.standupmitra.in/,Karnataka,Idea,Medium,Service,,Udyam Certificate,True
69778b6f5dbe0abc9824671b,68d9656f-c411-41bb-ae23-d648615f5e99,Stand-Up India,https://www.standupmitra.in/,Karnataka,Idea,Medium,Service,,Bank Statement,True
69778b6f5dbe0abc9824671c,f2ec4970-f28a-45cc-9396-5055a1a7446c,Stand-Up India,https://www.standupmitra.in/,Karnataka,Idea,Medium,Service,"Communities Stand-up India Scheme facilitates bank loan between ₹10 lakhs and ₹1 crore for Applicants to establish a greenfield enterprise. The Borrower Type Loans to SC/ST and Women Entrepreneurs with at least 51% of the shareholding and controlling stake, either an SC/ST or woman entrepreneur. Salient Features:",GST Certificate,True
69778b6f5dbe0abc9824671d,ff563496-91af-448e-8f1f-33cb76e19306,Stand-Up India,https://www.standupmitra.in/,Karnataka,Idea,Medium,Service,"Communities Stand-up India Scheme facilitates bank loan between ₹10 lakhs and ₹1 crore for Applicants to establish a greenfield enterprise. The Borrower Type Loans to SC/ST and Women Entrepreneurs with at least 51% of the shareholding and controlling stake, either an SC/ST or woman entrepreneur. Salient Features:",Udyam Certificate,True
69778b6f5dbe0abc9824671e,9caeb20f-6752-44b9-8d60-a6f20fd5d02a,Stand-Up India,https://www.standupmitra.in/,Karnataka,Idea,Medium,Service,"Communities Stand-up India Scheme facilitates bank loan between ₹10 lakhs and ₹1 crore for Applicants to establish a greenfield enterprise. The Borrower Type Loans to SC/ST and Women Entrepreneurs with at least 51% of the shareholding and controlling stake, either an SC/ST or woman entrepreneur. Salient Features:",Bank Statement,True
69778b6f5dbe0abc9824671f,64ed4566-4d49-49df-b144-49e131ae9a85,Stand-Up India,https://www.standupmitra.in/,Karnataka,Idea,Medium,Service,- Loans of between ₹10 lakhs to ₹1 crore for Applicants.,GST Certificate,True
69778b6f5dbe0abc98246720,9c979040-9871-4f16-b1a7-02accccdf935,Stand-Up India,https://www.standupmitra.in/,Karnataka,Idea,Medium,Service,- Loans of between ₹10 lakhs to ₹1 crore for Applicants.,Udyam Certificate,True
69778b6f5dbe0abc98246721,6a590bb1-6bd1-46e3-a299-c41dba5d89f5,Stand-Up India,https://www.standupmitra.in/,Karnataka,Idea,Medium,Service,- Loans of between ₹10 lakhs to ₹1 crore for Applicants.,Bank Statement,True
69778b6f5dbe0abc98246722,fdf1a6f2-df52-4038-9b0f-b5db77cccff4,Stand-Up India,https://www.standupmitra.in/,Karnataka,Idea,Medium,Service,- Enterprise loans for setting up a greenfield enterprise.,GST Certificate,True
69778b6f5dbe0abc98246723,cf32f15f-46cc-43d3-952c-2cf8ed1d431c,Stand-Up India,https://www.standupmitra.in/,Karnataka,Idea,Medium,Service,- Enterprise loans for setting up a greenfield enterprise.,Udyam Certificate,True
69778b6f5dbe0abc98246724,3bdcd7b8-abd4-4796-a068-0c41223b1a2c,Stand-Up India,https://www.standupmitra.in/,Karnataka,Idea,Medium,Service,- Enterprise loans for setting up a greenfield enterprise.,Bank Statement,True
69778b6f5dbe0abc98246725,dca0bb69-032c-48f6-a6a2-b00989b6ce53,Stand-Up India,https://www.standupmitra.in/,Karnataka,Idea,Medium,Service,- Loan size is from ₹10 lakhs to ₹1 crore.,GST Certificate,True
69778b6f5dbe0abc98246726,a9a7ed93-6743-4f96-b935-7d2f9880e3e2,Stand-Up India,https://www.standupmitra.in/,Karnataka,Idea,Medium,Service,- Loan size is from ₹10 lakhs to ₹1 crore.,Udyam Certificate,True
69778b6f5dbe0abc98246727,92283c27-8164-4048-a093-e2e1c8b780de,Stand-Up India,https://www.standupmitra.in/,Karnataka,Idea,Medium,Service,- Loan size is from ₹10 lakhs to ₹1 crore.,Bank Statement,True
69778b6f5dbe0abc98246728,07770870-1c35-496b-ad3c-2fdb7cb27947,Stand-Up India,https://www.standupmitra.in/,Karnataka,Idea,Medium,Service,- Comprises a composite loan (including Term Loan and Working Capital).,GST Certificate,True
69778b6f5dbe0abc98246729,27944dfe-3c0d-4df4-97e6-f7839ef00836,Stand-Up India,https://www.standupmitra.in/,Karnataka,Idea,Medium,Service,- Comprises a composite loan (including Term Loan and Working Capital).,Udyam Certificate,True
69778b6f5dbe0abc9824672a,a1c1b779-cdf0-4594-8a03-9cebaeafdfbd,Stand-Up India,https://www.standupmitra.in/,Karnataka,Idea,Medium,Service,- Comprises a composite loan (including Term Loan and Working Capital).,Bank Statement,True
69778b6f5dbe0abc9824672b,a18cff09-c07b-4706-aaf0-39791a766d89,Stand-Up India,https://www.standupmitra.in/,Karnataka,Idea,Medium,Service,"- Key Elements: Stand-Up India Ecosystem, Promoter Contribution of 15%, Marginal Money security cover under Credit Guarantee Fund Scheme for Stand-Up India Loans (CGFSIL). Impact Stories:",GST Certificate,True
69778b6f5dbe0abc9824672c,6e8fa4a5-d185-43c9-8dc9-50851779ab6e,Stand-Up India,https://www.standupmitra.in/,Karnataka,Idea,Medium,Service,"- Key Elements: Stand-Up India Ecosystem, Promoter Contribution of 15%, Marginal Money security cover under Credit Guarantee Fund Scheme for Stand-Up India Loans (CGFSIL). Impact Stories:",Udyam Certificate,True
69778b6f5dbe0abc9824672d,1ea3b5be-ac97-42e3-925c-47c0d82fb8fb,Stand-Up India,https://www.standupmitra.in/,Karnataka,Idea,Medium,Service,"- Key Elements: Stand-Up India Ecosystem, Promoter Contribution of 15%, Marginal Money security cover under Credit Guarantee Fund Scheme for Stand-Up India Loans (CGFSIL). Impact Stories:",Bank Statement,True
69778b6f5dbe0abc9824672e,9cd3eefc-74e3-4332-8cc2-c792c5c43261,Stand-Up India,https://www.standupmitra.in/,Karnataka,Idea,Medium,Service,"- Prometheus is the beneficiary under STAND UP INDIA loan scheme. She has been given a loan for setting up of an Optometric clinic with vision therapy as she is a low vision therapist. As per the promoteur, she can earn Rs.1 lakhs per month from the Optical Gallery cum Optometric Clinic, which has vision therapy - as a low vision specialist, and has been granted loan sanction by PNB, Anna Nagar Branch, Chennai.",GST Certificate,True
69778b6f5dbe0abc9824672f,9b6f8083-2330-48a6-8085-bd4268842788,Stand-Up India,https://www.standupmitra.in/,Karnataka,Idea,Medium,Service,"- Prometheus is the beneficiary under STAND UP INDIA loan scheme. She has been given a loan for setting up of an Optometric clinic with vision therapy as she is a low vision therapist. As per the promoteur, she can earn Rs.1 lakhs per month from the Optical Gallery cum Optometric Clinic, which has vision therapy - as a low vision specialist, and has been granted loan sanction by PNB, Anna Nagar Branch, Chennai.",Udyam Certificate,True
69778b6f5dbe0abc98246730,2b1b45f5-189c-450e-912b-a35892ba07b8,Stand-Up India,https://www.standupmitra.in/,Karnataka,Idea,Medium,Service,"- Prometheus is the beneficiary under STAND UP INDIA loan scheme. She has been given a loan for setting up of an Optometric clinic with vision therapy as she is a low vision therapist. As per the promoteur, she can earn Rs.1 lakhs per month from the Optical Gallery cum Optometric Clinic, which has vision therapy - as a low vision specialist, and has been granted loan sanction by PNB, Anna Nagar Branch, Chennai.",Bank Statement,True
69778b6f5dbe0abc98246731,d694eb6e-f5c3-4715-9879-ecf08346192e,Stand-Up India,https://www.standupmitra.in/,Karnataka,Idea,Medium,Service,"- Gaining experience from her father in law, the promoteur is able to stand alone as an optometrist after gaining experience from him. She has seen the website and learnt about the Anna Nagar branch extending STAND UP INDIA scheme and approached directly. According to the promoteur, she never dreamt of getting loan sanctioned in shortest time, which is why she is very happy and able to earn Rs.1 lakhs per month from the Optical Gallery cum Optometric Clinic, which has vision therapy - as a low v",GST Certificate,True
69778b6f5dbe0abc98246732,9620e1c5-7c26-4bbd-a62c-e11026681948,Stand-Up India,https://www.standupmitra.in/,Karnataka,Idea,Medium,Service,"- Gaining experience from her father in law, the promoteur is able to stand alone as an optometrist after gaining experience from him. She has seen the website and learnt about the Anna Nagar branch extending STAND UP INDIA scheme and approached directly. According to the promoteur, she never dreamt of getting loan sanctioned in shortest time, which is why she is very happy and able to earn Rs.1 lakhs per month from the Optical Gallery cum Optometric Clinic, which has vision therapy - as a low v",Udyam Certificate,True
69778b6f5dbe0abc98246733,9162b221-e1b2-42e8-96e7-28c602eb8ab1,Stand-Up India,https://www.standupmitra.in/,Karnataka,Idea,Medium,Service,"- Gaining experience from her father in law, the promoteur is able to stand alone as an optometrist after gaining experience from him. She has seen the website and learnt about the Anna Nagar branch extending STAND UP INDIA scheme and approached directly. According to the promoteur, she never dreamt of getting loan sanctioned in shortest time, which is why she is very happy and able to earn Rs.1 lakhs per month from the Optical Gallery cum Optometric Clinic, which has vision therapy - as a low v",Bank Statement,True
69778b6f5dbe0abc98246734,b04078be-00b3-4927-8d5b-659018d9afa6,Stand-Up India,https://www.standupmitra.in/,Karnataka,Idea,Medium,Service,,GST Certificate,True
69778b6f5dbe0abc98246735,8a025425-8557-4aa0-af0e-01edd693d921,Stand-Up India,https://www.standupmitra.in/,Karnataka,Idea,Medium,Service,,Udyam Certificate,True
69778b6f5dbe0abc98246736,ce6555bc-4a6a-492e-8fa2-5e1b9b787767,Stand-Up India,https://www.standupmitra.in/,Karnataka,Idea,Medium,Service,,Bank Statement,True
69778b6f5dbe0abc98246737,1a801b8e-dabf-4bf9-9a67-7b87cba029dd,Stand-Up India,https://www.standupmitra.in/,Karnataka,Idea,Medium,Service,,GST Certificate,True
69778b6f5dbe0abc98246738,7d6d60e7-bfd4-41fe-ab6d-759a20eecb29,Stand-Up India,https://www.standupmitra.in/,Karnataka,Idea,Medium,Service,,Udyam Certificate,True
69778b6f5dbe0abc98246739,fcca55b4-8348-42c2-a1b6-13d29d69ef5e,Stand-Up India,https://www.standupmitra.in/,Karnataka,Idea,Medium,Service,,Bank Statement,True
69778b6f5dbe0abc9824673a,08c5c261-9ab2-4e8a-a643-4b096d6a1155,Stand-Up India,https://www.standupmitra.in/,Karnataka,Idea,Medium,Tech,Extract:,GST Certificate,True
69778b6f5dbe0abc9824673b,8a427911-741c-4df6-93cf-947098b8338e,Stand-Up India,https://www.standupmitra.in/,Karnataka,Idea,Medium,Tech,Extract:,Udyam Certificate,True
69778b6f5dbe0abc9824673c,87601e0f-693b-4e10-a4c8-b7a50f14a0bc,Stand-Up India,https://www.standupmitra.in/,Karnataka,Idea,Medium,Tech,Extract:,Bank Statement,True
69778b6f5dbe0abc9824673d,8f8b9c35-7bc2-4612-94a7-004df0fd3428,Stand-Up India,https://www.standupmitra.in/,Karnataka,Idea,Medium,Tech,- Eligibility criteria,GST Certificate,True
69778b6f5dbe0abc9824673e,1a64696c-5fbd-4d7e-b735-4425386cc5f8,Stand-Up India,https://www.standupmitra.in/,Karnataka,Idea,Medium,Tech,- Eligibility criteria,Udyam Certificate,True
69778b6f5dbe0abc9824673f,cfb59f76-d081-4c14-a5c2-a28de599456f,Stand-Up India,https://www.standupmitra.in/,Karnataka,Idea,Medium,Tech,- Eligibility criteria,Bank Statement,True
69778b6f5dbe0abc98246740,2e778628-0d4a-40f4-800f-3c560cff4ffe,Stand-Up India,https://www.standupmitra.in/,Karnataka,Idea,Medium,Tech,- Required documents,GST Certificate,True
69778b6f5dbe0abc98246741,363e5d85-8ec7-44fa-9221-76b9aa2ae3dd,Stand-Up India,https://www.standupmitra.in/,Karnataka,Idea,Medium,Tech,- Required documents,Udyam Certificate,True
69778b6f5dbe0abc98246742,1a4d6172-5329-4f4a-90ad-659d494e6892,Stand-Up India,https://www.standupmitra.in/,Karnataka,Idea,Medium,Tech,- Required documents,Bank Statement,True
69778b6f5dbe0abc98246743,0c8631e6-2532-47a3-b883-059a3088c66a,Stand-Up India,https://www.standupmitra.in/,Karnataka,Idea,Medium,Tech,Return as bullet points.,GST Certificate,True
69778b6f5dbe0abc98246744,7499d0a0-d756-4ca9-be52-e64c2e07f7cd,Stand-Up India,https://www.standupmitra.in/,Karnataka,Idea,Medium,Tech,Return as bullet points.,Udyam Certificate,True
69778b6f5dbe0abc98246745,0c4b9449-c0b0-4612-af32-2374478047de,Stand-Up India,https://www.standupmitra.in/,Karnataka,Idea,Medium,Tech,Return as bullet points.,Bank Statement,True
69778b6f5dbe0abc98246746,71b80bdf-0843-40a2-a112-d91767b03c2d,Stand-Up India,https://www.standupmitra.in/,Karnataka,Idea,Medium,Tech,,GST Certificate,True
69778b6f5dbe0abc98246747,eb4ddda1-61ff-40ab-92cc-8e16fc9551f9,Stand-Up India,https://www.standupmitra.in/,Karnataka,Idea,Medium,Tech,,Udyam Certificate,True
69778b6f5dbe0abc98246748,2b743519-7bea-416f-b608-8d9ed7c92a98,Stand-Up India,https://www.standupmitra.in/,Karnataka,Idea,Medium,Tech,,Bank Statement,True
69778b6f5dbe0abc98246749,725be213-b8e2-44c0-9f85-88a1ab865e6d,Stand-Up India,https://www.standupmitra.in/,Karnataka,Idea,Medium,Tech,TEXT:,GST Certificate,True
69778b6f5dbe0abc9824674a,867a6446-a1f0-4f5b-9e44-c677a2c54b6d,Stand-Up India,https://www.standupmitra.in/,Karnataka,Idea,Medium,Tech,TEXT:,Udyam Certificate,True
69778b6f5dbe0abc9824674b,9d61bc62-f0c4-4ac7-90a1-8da31894586b,Stand-Up India,https://www.standupmitra.in/,Karnataka,Idea,Medium,Tech,TEXT:,Bank Statement,True
69778b6f5dbe0abc9824674c,7d463a7a-1940-41fb-879b-982b7dfbddf9,Stand-Up India,https://www.standupmitra.in/,Karnataka,Idea,Medium,Tech,StandupIndia Login Applicaunt Login Applicaant Registration Other Users Home About Us Stand-Up India Scheme facilitate...,GST Certificate,True
69778b6f5dbe0abc9824674d,305ee6bb-12bb-4588-bbbb-740d8d041dba,Stand-Up India,https://www.standupmitra.in/,Karnataka,Idea,Medium,Tech,StandupIndia Login Applicaunt Login Applicaant Registration Other Users Home About Us Stand-Up India Scheme facilitate...,Udyam Certificate,True
69778b6f5dbe0abc9824674e,bb1bf238-0107-46cb-b72d-95c2173482c7,Stand-Up India,https://www.standupmitra.in/,Karnataka,Idea,Medium,Tech,StandupIndia Login Applicaunt Login Applicaant Registration Other Users Home About Us Stand-Up India Scheme facilitate...,Bank Statement,True
69778b6f5dbe0abc9824674f,3ef162c5-dbb9-4521-b51b-053da4a917ce,Stand-Up India,https://www.standupmitra.in/,Karnataka,Idea,Medium,Tech,,GST Certificate,True
69778b6f5dbe0abc98246750,36f59434-6893-446f-9683-e4dfeec4a39f,Stand-Up India,https://www.standupmitra.in/,Karnataka,Idea,Medium,Tech,,Udyam Certificate,True
69778b6f5dbe0abc98246751,1ac2be34-645d-40c7-8eb7-2b7b487ee654,Stand-Up India,https://www.standupmitra.in/,Karnataka,Idea,Medium,Tech,,Bank Statement,True
69778b6f5dbe0abc98246752,d2f46cea-b6e7-4b0f-a618-5adbbe89f6d0,Stand-Up India,https://www.standupmitra.in/,Karnataka,Idea,Medium,Tech,"Communities Stand-up India Scheme facilitates bank loan between ₹10 lakhs and ₹1 crore for Applicants to establish a greenfield enterprise. The Borrower Type Loans to SC/ST and Women Entrepreneurs with at least 51% of the shareholding and controlling stake, either an SC/ST or woman entrepreneur. Salient Features:",GST Certificate,True
69778b6f5dbe0abc98246753,88d7c6ab-9454-4ead-a4f3-e3b7d77b8848,Stand-Up India,https://www.standupmitra.in/,Karnataka,Idea,Medium,Tech,"Communities Stand-up India Scheme facilitates bank loan between ₹10 lakhs and ₹1 crore for Applicants to establish a greenfield enterprise. The Borrower Type Loans to SC/ST and Women Entrepreneurs with at least 51% of the shareholding and controlling stake, either an SC/ST or woman entrepreneur. Salient Features:",Udyam Certificate,True
69778b6f5dbe0abc98246754,6f0fa7ed-c857-4951-8763-4b49657a8d29,Stand-Up India,https://www.standupmitra.in/,Karnataka,Idea,Medium,Tech,"Communities Stand-up India Scheme facilitates bank loan between ₹10 lakhs and ₹1 crore for Applicants to establish a greenfield enterprise. The Borrower Type Loans to SC/ST and Women Entrepreneurs with at least 51% of the shareholding and controlling stake, either an SC/ST or woman entrepreneur. Salient Features:",Bank Statement,True
69778b6f5dbe0abc98246755,b06fe6c7-a205-4cfd-9cb4-0789324b9462,Stand-Up India,https://www.standupmitra.in/,Karnataka,Idea,Medium,Tech,- Loans of between ₹10 lakhs to ₹1 crore for Applicants.,GST Certificate,True
69778b6f5dbe0abc98246756,a6ef0e4d-f801-4992-a5f9-004bd334804f,Stand-Up India,https://www.standupmitra.in/,Karnataka,Idea,Medium,Tech,- Loans of between ₹10 lakhs to ₹1 crore for Applicants.,Udyam Certificate,True
69778b6f5dbe0abc98246757,1b8dcd53-c835-404d-a17e-55e0dfef3561,Stand-Up India,https://www.standupmitra.in/,Karnataka,Idea,Medium,Tech,- Loans of between ₹10 lakhs to ₹1 crore for Applicants.,Bank Statement,True
69778b6f5dbe0abc98246758,fd5beed2-9ef8-40ad-80c4-67e590e1331b,Stand-Up India,https://www.standupmitra.in/,Karnataka,Idea,Medium,Tech,- Enterprise loans for setting up a greenfield enterprise.,GST Certificate,True
69778b6f5dbe0abc98246759,c372eebd-ddf9-444b-b616-348b2ee8d866,Stand-Up India,https://www.standupmitra.in/,Karnataka,Idea,Medium,Tech,- Enterprise loans for setting up a greenfield enterprise.,Udyam Certificate,True
69778b6f5dbe0abc9824675a,c436d9b3-7819-4d85-bc1a-d659fdfa2f5d,Stand-Up India,https://www.standupmitra.in/,Karnataka,Idea,Medium,Tech,- Enterprise loans for setting up a greenfield enterprise.,Bank Statement,True
69778b6f5dbe0abc9824675b,5ac5a4de-ed09-41a7-8e3b-8d3348d6e4be,Stand-Up India,https://www.standupmitra.in/,Karnataka,Idea,Medium,Tech,- Loan size is from ₹10 lakhs to ₹1 crore.,GST Certificate,True
69778b6f5dbe0abc9824675c,ef315f9f-b601-40af-bc56-c588857f464c,Stand-Up India,https://www.standupmitra.in/,Karnataka,Idea,Medium,Tech,- Loan size is from ₹10 lakhs to ₹1 crore.,Udyam Certificate,True
69778b6f5dbe0abc9824675d,21421b8e-051f-4413-9a40-73bdca012d3b,Stand-Up India,https://www.standupmitra.in/,Karnataka,Idea,Medium,Tech,- Loan size is from ₹10 lakhs to ₹1 crore.,Bank Statement,True
69778b6f5dbe0abc9824675e,3dddf96f-078f-4682-bbe9-5b4355475816,Stand-Up India,https://www.standupmitra.in/,Karnataka,Idea,Medium,Tech,- Comprises a composite loan (including Term Loan and Working Capital).,GST Certificate,True
69778b6f5dbe0abc9824675f,937e1bf9-5838-46f2-9355-ef5ffd453c3c,Stand-Up India,https://www.standupmitra.in/,Karnataka,Idea,Medium,Tech,- Comprises a composite loan (including Term Loan and Working Capital).,Udyam Certificate,True
69778b6f5dbe0abc98246760,d477e149-d393-4dd7-ba11-88b32b5e293e,Stand-Up India,https://www.standupmitra.in/,Karnataka,Idea,Medium,Tech,- Comprises a composite loan (including Term Loan and Working Capital).,Bank Statement,True
69778b6f5dbe0abc98246761,cd383e4c-4815-47a0-9004-7fc01a973a18,Stand-Up India,https://www.standupmitra.in/,Karnataka,Idea,Medium,Tech,"- Key Elements: Stand-Up India Ecosystem, Promoter Contribution of 15%, Marginal Money security cover under Credit Guarantee Fund Scheme for Stand-Up India Loans (CGFSIL). Impact Stories:",GST Certificate,True
69778b6f5dbe0abc98246762,db7efe2c-35a1-4c2d-b32b-1d28ae57a535,Stand-Up India,https://www.standupmitra.in/,Karnataka,Idea,Medium,Tech,"- Key Elements: Stand-Up India Ecosystem, Promoter Contribution of 15%, Marginal Money security cover under Credit Guarantee Fund Scheme for Stand-Up India Loans (CGFSIL). Impact Stories:",Udyam Certificate,True
69778b6f5dbe0abc98246763,aff55202-fab6-44ef-b211-c3204bcb9abd,Stand-Up India,https://www.standupmitra.in/,Karnataka,Idea,Medium,Tech,"- Key Elements: Stand-Up India Ecosystem, Promoter Contribution of 15%, Marginal Money security cover under Credit Guarantee Fund Scheme for Stand-Up India Loans (CGFSIL). Impact Stories:",Bank Statement,True
69778b6f5dbe0abc98246764,91e84053-0dc8-4a21-9da4-e2990a8a0084,Stand-Up India,https://www.standupmitra.in/,Karnataka,Idea,Medium,Tech,"- Prometheus is the beneficiary under STAND UP INDIA loan scheme. She has been given a loan for setting up of an Optometric clinic with vision therapy as she is a low vision therapist. As per the promoteur, she can earn Rs.1 lakhs per month from the Optical Gallery cum Optometric Clinic, which has vision therapy - as a low vision specialist, and has been granted loan sanction by PNB, Anna Nagar Branch, Chennai.",GST Certificate,True
69778b6f5dbe0abc98246765,892486e3-4209-47e5-9877-8caf9c3b1bdc,Stand-Up India,https://www.standupmitra.in/,Karnataka,Idea,Medium,Tech,"- Prometheus is the beneficiary under STAND UP INDIA loan scheme. She has been given a loan for setting up of an Optometric clinic with vision therapy as she is a low vision therapist. As per the promoteur, she can earn Rs.1 lakhs per month from the Optical Gallery cum Optometric Clinic, which has vision therapy - as a low vision specialist, and has been granted loan sanction by PNB, Anna Nagar Branch, Chennai.",Udyam Certificate,True
69778b6f5dbe0abc98246766,e8106863-ab4e-4592-b9f1-65dd5b2a1deb,Stand-Up India,https://www.standupmitra.in/,Karnataka,Idea,Medium,Tech,"- Prometheus is the beneficiary under STAND UP INDIA loan scheme. She has been given a loan for setting up of an Optometric clinic with vision therapy as she is a low vision therapist. As per the promoteur, she can earn Rs.1 lakhs per month from the Optical Gallery cum Optometric Clinic, which has vision therapy - as a low vision specialist, and has been granted loan sanction by PNB, Anna Nagar Branch, Chennai.",Bank Statement,True
69778b6f5dbe0abc98246767,c132ff24-412c-4510-b976-6667db5745a9,Stand-Up India,https://www.standupmitra.in/,Karnataka,Idea,Medium,Tech,"- Gaining experience from her father in law, the promoteur is able to stand alone as an optometrist after gaining experience from him. She has seen the website and learnt about the Anna Nagar branch extending STAND UP INDIA scheme and approached directly. According to the promoteur, she never dreamt of getting loan sanctioned in shortest time, which is why she is very happy and able to earn Rs.1 lakhs per month from the Optical Gallery cum Optometric Clinic, which has vision therapy - as a low v",GST Certificate,True
69778b6f5dbe0abc98246768,b57a2ea0-1163-4e7b-84d9-23f8f2aa619d,Stand-Up India,https://www.standupmitra.in/,Karnataka,Idea,Medium,Tech,"- Gaining experience from her father in law, the promoteur is able to stand alone as an optometrist after gaining experience from him. She has seen the website and learnt about the Anna Nagar branch extending STAND UP INDIA scheme and approached directly. According to the promoteur, she never dreamt of getting loan sanctioned in shortest time, which is why she is very happy and able to earn Rs.1 lakhs per month from the Optical Gallery cum Optometric Clinic, which has vision therapy - as a low v",Udyam Certificate,True
69778b6f5dbe0abc98246769,9c0f8a20-ade5-4463-ab97-a504d612b23e,Stand-Up India,https://www.standupmitra.in/,Karnataka,Idea,Medium,Tech,"- Gaining experience from her father in law, the promoteur is able to stand alone as an optometrist after gaining experience from him. She has seen the website and learnt about the Anna Nagar branch extending STAND UP INDIA scheme and approached directly. According to the promoteur, she never dreamt of getting loan sanctioned in shortest time, which is why she is very happy and able to earn Rs.1 lakhs per month from the Optical Gallery cum Optometric Clinic, which has vision therapy - as a low v",Bank Statement,True
69778b6f5dbe0abc9824676a,9286a199-6d67-41bf-8c36-0de84a95a425,Stand-Up India,https://www.standupmitra.in/,Karnataka,Idea,Medium,Tech,,GST Certificate,True
69778b6f5dbe0abc9824676b,003d43d8-8d25-438d-871f-50adfaf917fc,Stand-Up India,https://www.standupmitra.in/,Karnataka,Idea,Medium,Tech,,Udyam Certificate,True
69778b6f5dbe0abc9824676c,7a4573c4-510e-404c-b74f-1daec86647dd,Stand-Up India,https://www.standupmitra.in/,Karnataka,Idea,Medium,Tech,,Bank Statement,True
69778b6f5dbe0abc9824676d,ad74f6bd-a2e3-43e7-a982-89d5e7139a2d,Stand-Up India,https://www.standupmitra.in/,Karnataka,Idea,Medium,Tech,,GST Certificate,True
69778b6f5dbe0abc9824676e,b66fa02e-b117-48b6-8a3d-a82545c5eabf,Stand-Up India,https://www.standupmitra.in/,Karnataka,Idea,Medium,Tech,,Udyam Certificate,True
69778b6f5dbe0abc9824676f,4fc897d0-95b5-4103-889b-15855988292d,Stand-Up India,https://www.standupmitra.in/,Karnataka,Idea,Medium,Tech,,Bank Statement,True
69778b6f5dbe0abc98246770,bf989cfa-927e-4282-bd5f-67ba77950aa1,Stand-Up India,https://www.standupmitra.in/,Karnataka,Idea,Medium,Agri,Extract:,GST Certificate,True
69778b6f5dbe0abc98246771,3f853f48-051d-42f6-8f59-8552884dce80,Stand-Up India,https://www.standupmitra.in/,Karnataka,Idea,Medium,Agri,Extract:,Udyam Certificate,True
69778b6f5dbe0abc98246772,fd57b7ff-6e7c-4579-9caa-f1fbf32c72c7,Stand-Up India,https://www.standupmitra.in/,Karnataka,Idea,Medium,Agri,Extract:,Bank Statement,True
69778b6f5dbe0abc98246773,5913c6d5-ec88-473c-aa86-083b6503853e,Stand-Up India,https://www.standupmitra.in/,Karnataka,Idea,Medium,Agri,- Eligibility criteria,GST Certificate,True
69778b6f5dbe0abc98246774,6ac77508-ed51-474f-a149-1525a79e328d,Stand-Up India,https://www.standupmitra.in/,Karnataka,Idea,Medium,Agri,- Eligibility criteria,Udyam Certificate,True
69778b6f5dbe0abc98246775,9ec2b9eb-cd9f-4a25-a437-ab190b134f44,Stand-Up India,https://www.standupmitra.in/,Karnataka,Idea,Medium,Agri,- Eligibility criteria,Bank Statement,True
69778b6f5dbe0abc98246776,25c6b727-e821-409e-9f87-59cb0d94a5ce,Stand-Up India,https://www.standupmitra.in/,Karnataka,Idea,Medium,Agri,- Required documents,GST Certificate,True
69778b6f5dbe0abc98246777,0ffab5d8-a884-4036-9465-c7ad483419b3,Stand-Up India,https://www.standupmitra.in/,Karnataka,Idea,Medium,Agri,- Required documents,Udyam Certificate,True
69778b6f5dbe0abc98246778,c15ed636-c078-442a-a14f-a1795cca5fd0,Stand-Up India,https://www.standupmitra.in/,Karnataka,Idea,Medium,Agri,- Required documents,Bank Statement,True
69778b6f5dbe0abc98246779,87038034-5cb2-4329-aa85-af32e2eb72bd,Stand-Up India,https://www.standupmitra.in/,Karnataka,Idea,Medium,Agri,Return as bullet points.,GST Certificate,True
69778b6f5dbe0abc9824677a,e3639da1-9641-4a0b-a211-e36bb3ca7a9c,Stand-Up India,https://www.standupmitra.in/,Karnataka,Idea,Medium,Agri,Return as bullet points.,Udyam Certificate,True
69778b6f5dbe0abc9824677b,a14eacab-d08a-48ee-bf0b-c07bed7bc83f,Stand-Up India,https://www.standupmitra.in/,Karnataka,Idea,Medium,Agri,Return as bullet points.,Bank Statement,True
69778b6f5dbe0abc9824677c,a79f0873-087d-4560-b4ea-52c5a3fbad21,Stand-Up India,https://www.standupmitra.in/,Karnataka,Idea,Medium,Agri,,GST Certificate,True
69778b6f5dbe0abc9824677d,ce5f5901-f91e-48d2-a469-5090467c70ee,Stand-Up India,https://www.standupmitra.in/,Karnataka,Idea,Medium,Agri,,Udyam Certificate,True
69778b6f5dbe0abc9824677e,0c304d6b-4f32-4f5c-9852-db4310bb420b,Stand-Up India,https://www.standupmitra.in/,Karnataka,Idea,Medium,Agri,,Bank Statement,True
69778b6f5dbe0abc9824677f,f9222e87-5cbb-4a07-b625-90f81c2335e1,Stand-Up India,https://www.standupmitra.in/,Karnataka,Idea,Medium,Agri,TEXT:,GST Certificate,True
69778b6f5dbe0abc98246780,5c233b70-d10c-430d-b8a6-116471078969,Stand-Up India,https://www.standupmitra.in/,Karnataka,Idea,Medium,Agri,TEXT:,Udyam Certificate,True
69778b6f5dbe0abc98246781,6f4c3610-7357-4b8a-aa3b-61cb9a013ce0,Stand-Up India,https://www.standupmitra.in/,Karnataka,Idea,Medium,Agri,TEXT:,Bank Statement,True
69778b6f5dbe0abc98246782,124c1c3d-eb2f-4006-8b14-3561b5c3eb60,Stand-Up India,https://www.standupmitra.in/,Karnataka,Idea,Medium,Agri,StandupIndia Login Applicaunt Login Applicaant Registration Other Users Home About Us Stand-Up India Scheme facilitate...,GST Certificate,True
69778b6f5dbe0abc98246783,313c06e8-41e9-4248-9f96-15442b9352d3,Stand-Up India,https://www.standupmitra.in/,Karnataka,Idea,Medium,Agri,StandupIndia Login Applicaunt Login Applicaant Registration Other Users Home About Us Stand-Up India Scheme facilitate...,Udyam Certificate,True
69778b6f5dbe0abc98246784,f21aa70a-5d20-45b0-b929-6708732df9ac,Stand-Up India,https://www.standupmitra.in/,Karnataka,Idea,Medium,Agri,StandupIndia Login Applicaunt Login Applicaant Registration Other Users Home About Us Stand-Up India Scheme facilitate...,Bank Statement,True
69778b6f5dbe0abc98246785,6adabb52-e280-4e69-a9f7-1b005a4439c2,Stand-Up India,https://www.standupmitra.in/,Karnataka,Idea,Medium,Agri,,GST Certificate,True
69778b6f5dbe0abc98246786,6c230663-9675-4a00-ab4c-55a0e1f4050c,Stand-Up India,https://www.standupmitra.in/,Karnataka,Idea,Medium,Agri,,Udyam Certificate,True
69778b6f5dbe0abc98246787,59c7c82c-f828-40d1-8ae0-6a6af3f46650,Stand-Up India,https://www.standupmitra.in/,Karnataka,Idea,Medium,Agri,,Bank Statement,True
69778b6f5dbe0abc98246788,866f773a-d20d-4b22-8d8f-b1096f3e92d6,Stand-Up India,https://www.standupmitra.in/,Karnataka,Idea,Medium,Agri,"Communities Stand-up India Scheme facilitates bank loan between ₹10 lakhs and ₹1 crore for Applicants to establish a greenfield enterprise. The Borrower Type Loans to SC/ST and Women Entrepreneurs with at least 51% of the shareholding and controlling stake, either an SC/ST or woman entrepreneur. Salient Features:",GST Certificate,True
69778b6f5dbe0abc98246789,ddc691c3-725d-41e6-b355-ee9baab14bf8,Stand-Up India,https://www.standupmitra.in/,Karnataka,Idea,Medium,Agri,"Communities Stand-up India Scheme facilitates bank loan between ₹10 lakhs and ₹1 crore for Applicants to establish a greenfield enterprise. The Borrower Type Loans to SC/ST and Women Entrepreneurs with at least 51% of the shareholding and controlling stake, either an SC/ST or woman entrepreneur. Salient Features:",Udyam Certificate,True
69778b6f5dbe0abc9824678a,54a48ce9-08de-49a1-acf1-508471379cef,Stand-Up India,https://www.standupmitra.in/,Karnataka,Idea,Medium,Agri,"Communities Stand-up India Scheme facilitates bank loan between ₹10 lakhs and ₹1 crore for Applicants to establish a greenfield enterprise. The Borrower Type Loans to SC/ST and Women Entrepreneurs with at least 51% of the shareholding and controlling stake, either an SC/ST or woman entrepreneur. Salient Features:",Bank Statement,True
69778b6f5dbe0abc9824678b,065211d0-bf5f-4f54-a0cc-0462c0f25550,Stand-Up India,https://www.standupmitra.in/,Karnataka,Idea,Medium,Agri,- Loans of between ₹10 lakhs to ₹1 crore for Applicants.,GST Certificate,True
69778b6f5dbe0abc9824678c,926fe460-60ed-43b8-93ef-5cd229821e67,Stand-Up India,https://www.standupmitra.in/,Karnataka,Idea,Medium,Agri,- Loans of between ₹10 lakhs to ₹1 crore for Applicants.,Udyam Certificate,True
69778b6f5dbe0abc9824678d,888840fc-9cc5-4898-9f53-b26aba3f391c,Stand-Up India,https://www.standupmitra.in/,Karnataka,Idea,Medium,Agri,- Loans of between ₹10 lakhs to ₹1 crore for Applicants.,Bank Statement,True
69778b6f5dbe0abc9824678e,2140c3dd-39ec-450a-aed6-86d7d171c1b1,Stand-Up India,https://www.standupmitra.in/,Karnataka,Idea,Medium,Agri,- Enterprise loans for setting up a greenfield enterprise.,GST Certificate,True
69778b6f5dbe0abc9824678f,67d8d0ce-f160-4e53-aa4c-e63aec82fffc,Stand-Up India,https://www.standupmitra.in/,Karnataka,Idea,Medium,Agri,- Enterprise loans for setting up a greenfield enterprise.,Udyam Certificate,True
69778b6f5dbe0abc98246790,ee7e20b1-4eb1-4d06-aa4c-e7abe7e68256,Stand-Up India,https://www.standupmitra.in/,Karnataka,Idea,Medium,Agri,- Enterprise loans for setting up a greenfield enterprise.,Bank Statement,True
69778b6f5dbe0abc98246791,13711331-fca1-4aa2-bda1-0c3c24bfbbb0,Stand-Up India,https://www.standupmitra.in/,Karnataka,Idea,Medium,Agri,- Loan size is from ₹10 lakhs to ₹1 crore.,GST Certificate,True
69778b6f5dbe0abc98246792,fac92240-2937-4f87-a5f3-83bcb4036f73,Stand-Up India,https://www.standupmitra.in/,Karnataka,Idea,Medium,Agri,- Loan size is from ₹10 lakhs to ₹1 crore.,Udyam Certificate,True
69778b6f5dbe0abc98246793,0c609f24-e08d-4340-8880-c467ed246f94,Stand-Up India,https://www.standupmitra.in/,Karnataka,Idea,Medium,Agri,- Loan size is from ₹10 lakhs to ₹1 crore.,Bank Statement,True
69778b6f5dbe0abc98246794,cbf43c83-c101-48c2-ae8a-608610de9191,Stand-Up India,https://www.standupmitra.in/,Karnataka,Idea,Medium,Agri,- Comprises a composite loan (including Term Loan and Working Capital).,GST Certificate,True
69778b6f5dbe0abc98246795,b0617d74-9bae-4126-ad35-cdef4ddb07ab,Stand-Up India,https://www.standupmitra.in/,Karnataka,Idea,Medium,Agri,- Comprises a composite loan (including Term Loan and Working Capital).,Udyam Certificate,True
69778b6f5dbe0abc98246796,7a110544-e803-4ae5-ac7e-c0155c5b0cea,Stand-Up India,https://www.standupmitra.in/,Karnataka,Idea,Medium,Agri,- Comprises a composite loan (including Term Loan and Working Capital).,Bank Statement,True
69778b6f5dbe0abc98246797,a5b4b10e-6367-4d44-a50b-9a5c200b5c14,Stand-Up India,https://www.standupmitra.in/,Karnataka,Idea,Medium,Agri,"- Key Elements: Stand-Up India Ecosystem, Promoter Contribution of 15%, Marginal Money security cover under Credit Guarantee Fund Scheme for Stand-Up India Loans (CGFSIL). Impact Stories:",GST Certificate,True
69778b6f5dbe0abc98246798,f69bb5a3-24fa-4779-afd8-4b475bcd1e85,Stand-Up India,https://www.standupmitra.in/,Karnataka,Idea,Medium,Agri,"- Key Elements: Stand-Up India Ecosystem, Promoter Contribution of 15%, Marginal Money security cover under Credit Guarantee Fund Scheme for Stand-Up India Loans (CGFSIL). Impact Stories:",Udyam Certificate,True
69778b6f5dbe0abc98246799,8cdc2653-3beb-453d-af54-92ef0bb812a2,Stand-Up India,https://www.standupmitra.in/,Karnataka,Idea,Medium,Agri,"- Key Elements: Stand-Up India Ecosystem, Promoter Contribution of 15%, Marginal Money security cover under Credit Guarantee Fund Scheme for Stand-Up India Loans (CGFSIL). Impact Stories:",Bank Statement,True
69778b6f5dbe0abc9824679a,d30650f3-bf88-4839-835a-25cab7332ec1,Stand-Up India,https://www.standupmitra.in/,Karnataka,Idea,Medium,Agri,"- Prometheus is the beneficiary under STAND UP INDIA loan scheme. She has been given a loan for setting up of an Optometric clinic with vision therapy as she is a low vision therapist. As per the promoteur, she can earn Rs.1 lakhs per month from the Optical Gallery cum Optometric Clinic, which has vision therapy - as a low vision specialist, and has been granted loan sanction by PNB, Anna Nagar Branch, Chennai.",GST Certificate,True
69778b6f5dbe0abc9824679b,f3e24f20-5cbd-4899-aea1-55226d67633f,Stand-Up India,https://www.standupmitra.in/,Karnataka,Idea,Medium,Agri,"- Prometheus is the beneficiary under STAND UP INDIA loan scheme. She has been given a loan for setting up of an Optometric clinic with vision therapy as she is a low vision therapist. As per the promoteur, she can earn Rs.1 lakhs per month from the Optical Gallery cum Optometric Clinic, which has vision therapy - as a low vision specialist, and has been granted loan sanction by PNB, Anna Nagar Branch, Chennai.",Udyam Certificate,True
69778b6f5dbe0abc9824679c,65546e77-bfab-45f4-953d-3db0b7f09ebe,Stand-Up India,https://www.standupmitra.in/,Karnataka,Idea,Medium,Agri,"- Prometheus is the beneficiary under STAND UP INDIA loan scheme. She has been given a loan for setting up of an Optometric clinic with vision therapy as she is a low vision therapist. As per the promoteur, she can earn Rs.1 lakhs per month from the Optical Gallery cum Optometric Clinic, which has vision therapy - as a low vision specialist, and has been granted loan sanction by PNB, Anna Nagar Branch, Chennai.",Bank Statement,True
69778b6f5dbe0abc9824679d,648ebc2a-b573-4270-bdc5-2673223ab4de,Stand-Up India,https://www.standupmitra.in/,Karnataka,Idea,Medium,Agri,"- Gaining experience from her father in law, the promoteur is able to stand alone as an optometrist after gaining experience from him. She has seen the website and learnt about the Anna Nagar branch extending STAND UP INDIA scheme and approached directly. According to the promoteur, she never dreamt of getting loan sanctioned in shortest time, which is why she is very happy and able to earn Rs.1 lakhs per month from the Optical Gallery cum Optometric Clinic, which has vision therapy - as a low v",GST Certificate,True
69778b6f5dbe0abc9824679e,defd7dcb-d154-493e-9ddc-1f4ecb6253b0,Stand-Up India,https://www.standupmitra.in/,Karnataka,Idea,Medium,Agri,"- Gaining experience from her father in law, the promoteur is able to stand alone as an optometrist after gaining experience from him. She has seen the website and learnt about the Anna Nagar branch extending STAND UP INDIA scheme and approached directly. According to the promoteur, she never dreamt of getting loan sanctioned in shortest time, which is why she is very happy and able to earn Rs.1 lakhs per month from the Optical Gallery cum Optometric Clinic, which has vision therapy - as a low v",Udyam Certificate,True
69778b6f5dbe0abc9824679f,be08b00c-c446-4239-a0a4-08da72f6e1c4,Stand-Up India,https://www.standupmitra.in/,Karnataka,Idea,Medium,Agri,"- Gaining experience from her father in law, the promoteur is able to stand alone as an optometrist after gaining experience from him. She has seen the website and learnt about the Anna Nagar branch extending STAND UP INDIA scheme and approached directly. According to the promoteur, she never dreamt of getting loan sanctioned in shortest time, which is why she is very happy and able to earn Rs.1 lakhs per month from the Optical Gallery cum Optometric Clinic, which has vision therapy - as a low v",Bank Statement,True
69778b6f5dbe0abc982467a0,4b91c849-cc50-4c06-995b-33e78ffa9921,Stand-Up India,https://www.standupmitra.in/,Karnataka,Idea,Medium,Agri,,GST Certificate,True
69778b6f5dbe0abc982467a1,d1fe0444-121c-4061-ab52-c53d5e5fb2fd,Stand-Up India,https://www.standupmitra.in/,Karnataka,Idea,Medium,Agri,,Udyam Certificate,True
69778b6f5dbe0abc982467a2,ba16a332-a18b-4119-a533-eec97ad11fa3,Stand-Up India,https://www.standupmitra.in/,Karnataka,Idea,Medium,Agri,,Bank Statement,True
69778b6f5dbe0abc982467a3,c97b2445-ae81-423f-a848-4f14bcc2a916,Stand-Up India,https://www.standupmitra.in/,Karnataka,Idea,Medium,Agri,,GST Certificate,True
69778b6f5dbe0abc982467a4,2aa6cb7f-4bd5-4ea9-8364-bf694e73cd04,Stand-Up India,https://www.standupmitra.in/,Karnataka,Idea,Medium,Agri,,Udyam Certificate,True
69778b6f5dbe0abc982467a5,bb9e1036-19cf-42fa-a52f-ad48e74ee351,Stand-Up India,https://www.standupmitra.in/,Karnataka,Idea,Medium,Agri,,Bank Statement,True
69778b6f5dbe0abc982467a6,6212d3e5-ff09-4919-98fd-432ca1b71c7c,Stand-Up India,https://www.standupmitra.in/,Karnataka,Early,Micro,Manufacturing,Extract:,GST Certificate,True
69778b6f5dbe0abc982467a7,df9b9f31-844b-45e3-ac0a-eacc6ccbdf92,Stand-Up India,https://www.standupmitra.in/,Karnataka,Early,Micro,Manufacturing,Extract:,Udyam Certificate,True
69778b6f5dbe0abc982467a8,f38cbff9-d417-4d8a-b421-42666a522f6f,Stand-Up India,https://www.standupmitra.in/,Karnataka,Early,Micro,Manufacturing,Extract:,Bank Statement,True
69778b6f5dbe0abc982467a9,440be723-bbe3-440d-96de-4a11823ab611,Stand-Up India,https://www.standupmitra.in/,Karnataka,Early,Micro,Manufacturing,- Eligibility criteria,GST Certificate,True
69778b6f5dbe0abc982467aa,dbcd0eea-e8d2-4a6b-8bc2-6ec67e54242f,Stand-Up India,https://www.standupmitra.in/,Karnataka,Early,Micro,Manufacturing,- Eligibility criteria,Udyam Certificate,True
69778b6f5dbe0abc982467ab,75cd1d2c-f2e3-4267-b45a-125b85f7b982,Stand-Up India,https://www.standupmitra.in/,Karnataka,Early,Micro,Manufacturing,- Eligibility criteria,Bank Statement,True
69778b6f5dbe0abc982467ac,dcbccad5-854a-4562-b9c8-585c467431c4,Stand-Up India,https://www.standupmitra.in/,Karnataka,Early,Micro,Manufacturing,- Required documents,GST Certificate,True
69778b6f5dbe0abc982467ad,9c58f861-0917-4a40-bc0d-4352619cae89,Stand-Up India,https://www.standupmitra.in/,Karnataka,Early,Micro,Manufacturing,- Required documents,Udyam Certificate,True
69778b6f5dbe0abc982467ae,ae0d16a1-3bb7-45dd-8a06-facc8b2ae433,Stand-Up India,https://www.standupmitra.in/,Karnataka,Early,Micro,Manufacturing,- Required documents,Bank Statement,True
69778b6f5dbe0abc982467af,c604dfb1-566a-494a-b462-a85c1249af36,Stand-Up India,https://www.standupmitra.in/,Karnataka,Early,Micro,Manufacturing,Return as bullet points.,GST Certificate,True
69778b6f5dbe0abc982467b0,e5b124cc-7ca8-4c19-b80a-018d3439d5cd,Stand-Up India,https://www.standupmitra.in/,Karnataka,Early,Micro,Manufacturing,Return as bullet points.,Udyam Certificate,True
69778b6f5dbe0abc982467b1,5d0bfca6-13f8-4937-b134-a6748afb0151,Stand-Up India,https://www.standupmitra.in/,Karnataka,Early,Micro,Manufacturing,Return as bullet points.,Bank Statement,True
69778b6f5dbe0abc982467b2,2ba3b6c7-87d8-499f-be2f-31183b34d83c,Stand-Up India,https://www.standupmitra.in/,Karnataka,Early,Micro,Manufacturing,,GST Certificate,True
69778b6f5dbe0abc982467b3,32a55ffe-5f83-4039-9989-63896efcc96d,Stand-Up India,https://www.standupmitra.in/,Karnataka,Early,Micro,Manufacturing,,Udyam Certificate,True
69778b6f5dbe0abc982467b4,8a023a68-5666-4db3-a668-9f82a48641fd,Stand-Up India,https://www.standupmitra.in/,Karnataka,Early,Micro,Manufacturing,,Bank Statement,True
69778b6f5dbe0abc982467b5,9e79e974-fabc-4b51-9c6a-c264bc9de72f,Stand-Up India,https://www.standupmitra.in/,Karnataka,Early,Micro,Manufacturing,TEXT:,GST Certificate,True
69778b6f5dbe0abc982467b6,e0d02e7b-946f-4281-8c18-fe2a1dde0be4,Stand-Up India,https://www.standupmitra.in/,Karnataka,Early,Micro,Manufacturing,TEXT:,Udyam Certificate,True
69778b6f5dbe0abc982467b7,d213dfbf-3b40-4823-a607-4fce07a0ef3e,Stand-Up India,https://www.standupmitra.in/,Karnataka,Early,Micro,Manufacturing,TEXT:,Bank Statement,True
69778b6f5dbe0abc982467b8,3567da85-8272-43be-a661-199340d8e49d,Stand-Up India,https://www.standupmitra.in/,Karnataka,Early,Micro,Manufacturing,StandupIndia Login Applicaunt Login Applicaant Registration Other Users Home About Us Stand-Up India Scheme facilitate...,GST Certificate,True
69778b6f5dbe0abc982467b9,7c11f508-bc0a-4111-a007-9be31b325500,Stand-Up India,https://www.standupmitra.in/,Karnataka,Early,Micro,Manufacturing,StandupIndia Login Applicaunt Login Applicaant Registration Other Users Home About Us Stand-Up India Scheme facilitate...,Udyam Certificate,True
69778b6f5dbe0abc982467ba,f721ea02-9759-4323-ab79-4408040476d3,Stand-Up India,https://www.standupmitra.in/,Karnataka,Early,Micro,Manufacturing,StandupIndia Login Applicaunt Login Applicaant Registration Other Users Home About Us Stand-Up India Scheme facilitate...,Bank Statement,True
69778b6f5dbe0abc982467bb,f1c78be7-cb8e-424a-ae54-3b4d341015bc,Stand-Up India,https://www.standupmitra.in/,Karnataka,Early,Micro,Manufacturing,,GST Certificate,True
69778b6f5dbe0abc982467bc,e99de2c2-a9a5-4248-a94a-74229643f3e7,Stand-Up India,https://www.standupmitra.in/,Karnataka,Early,Micro,Manufacturing,,Udyam Certificate,True
69778b6f5dbe0abc982467bd,2e19b545-f3e5-4b02-b32d-eb52afa395df,Stand-Up India,https://www.standupmitra.in/,Karnataka,Early,Micro,Manufacturing,,Bank Statement,True
69778b6f5dbe0abc982467be,c7d657c1-1e31-442f-831d-4120dd38150f,Stand-Up India,https://www.standupmitra.in/,Karnataka,Early,Micro,Manufacturing,"Communities Stand-up India Scheme facilitates bank loan between ₹10 lakhs and ₹1 crore for Applicants to establish a greenfield enterprise. The Borrower Type Loans to SC/ST and Women Entrepreneurs with at least 51% of the shareholding and controlling stake, either an SC/ST or woman entrepreneur. Salient Features:",GST Certificate,True
69778b6f5dbe0abc982467bf,c48bf38a-dd63-426f-9253-0c7f9f7f989b,Stand-Up India,https://www.standupmitra.in/,Karnataka,Early,Micro,Manufacturing,"Communities Stand-up India Scheme facilitates bank loan between ₹10 lakhs and ₹1 crore for Applicants to establish a greenfield enterprise. The Borrower Type Loans to SC/ST and Women Entrepreneurs with at least 51% of the shareholding and controlling stake, either an SC/ST or woman entrepreneur. Salient Features:",Udyam Certificate,True
69778b6f5dbe0abc982467c0,18b65fcb-4404-44da-a6d7-d549dda9275e,Stand-Up India,https://www.standupmitra.in/,Karnataka,Early,Micro,Manufacturing,"Communities Stand-up India Scheme facilitates bank loan between ₹10 lakhs and ₹1 crore for Applicants to establish a greenfield enterprise. The Borrower Type Loans to SC/ST and Women Entrepreneurs with at least 51% of the shareholding and controlling stake, either an SC/ST or woman entrepreneur. Salient Features:",Bank Statement,True
69778b6f5dbe0abc982467c1,98f5c8c5-edbd-4fdc-91bd-e74c0492b26d,Stand-Up India,https://www.standupmitra.in/,Karnataka,Early,Micro,Manufacturing,- Loans of between ₹10 lakhs to ₹1 crore for Applicants.,GST Certificate,True
69778b6f5dbe0abc982467c2,3bb7c4e8-218d-464f-9e81-2f7269df00a5,Stand-Up India,https://www.standupmitra.in/,Karnataka,Early,Micro,Manufacturing,- Loans of between ₹10 lakhs to ₹1 crore for Applicants.,Udyam Certificate,True
69778b6f5dbe0abc982467c3,c7ca9335-375f-4b90-8891-5d2e06cb8e70,Stand-Up India,https://www.standupmitra.in/,Karnataka,Early,Micro,Manufacturing,- Loans of between ₹10 lakhs to ₹1 crore for Applicants.,Bank Statement,True
69778b6f5dbe0abc982467c4,71b8e804-9873-4ca5-961d-178ea1b9a09a,Stand-Up India,https://www.standupmitra.in/,Karnataka,Early,Micro,Manufacturing,- Enterprise loans for setting up a greenfield enterprise.,GST Certificate,True
69778b6f5dbe0abc982467c5,e0dbb176-50f6-4c5e-aebb-1ae9a556c0fc,Stand-Up India,https://www.standupmitra.in/,Karnataka,Early,Micro,Manufacturing,- Enterprise loans for setting up a greenfield enterprise.,Udyam Certificate,True
69778b6f5dbe0abc982467c6,61b15f17-0dff-4374-adad-bc30d32be4ad,Stand-Up India,https://www.standupmitra.in/,Karnataka,Early,Micro,Manufacturing,- Enterprise loans for setting up a greenfield enterprise.,Bank Statement,True
69778b6f5dbe0abc982467c7,db879d60-113a-41d2-9854-05f73ea1ab9a,Stand-Up India,https://www.standupmitra.in/,Karnataka,Early,Micro,Manufacturing,- Loan size is from ₹10 lakhs to ₹1 crore.,GST Certificate,True
69778b6f5dbe0abc982467c8,7aef887d-8551-4872-b617-4e00b7210f9d,Stand-Up India,https://www.standupmitra.in/,Karnataka,Early,Micro,Manufacturing,- Loan size is from ₹10 lakhs to ₹1 crore.,Udyam Certificate,True
69778b6f5dbe0abc982467c9,65e86ca9-9d9c-4ede-8057-26d568fef69a,Stand-Up India,https://www.standupmitra.in/,Karnataka,Early,Micro,Manufacturing,- Loan size is from ₹10 lakhs to ₹1 crore.,Bank Statement,True
69778b6f5dbe0abc982467ca,b84896db-95ca-4a59-affb-eeda5f7874c7,Stand-Up India,https://www.standupmitra.in/,Karnataka,Early,Micro,Manufacturing,- Comprises a composite loan (including Term Loan and Working Capital).,GST Certificate,True
69778b6f5dbe0abc982467cb,0667426b-e07b-4a85-9a6b-bb618add16e0,Stand-Up India,https://www.standupmitra.in/,Karnataka,Early,Micro,Manufacturing,- Comprises a composite loan (including Term Loan and Working Capital).,Udyam Certificate,True
69778b6f5dbe0abc982467cc,212e9de1-0c14-4c0b-9cbb-8073480211c9,Stand-Up India,https://www.standupmitra.in/,Karnataka,Early,Micro,Manufacturing,- Comprises a composite loan (including Term Loan and Working Capital).,Bank Statement,True
69778b6f5dbe0abc982467cd,f88f4530-d2ff-4168-a577-ec5b0fc6bbe4,Stand-Up India,https://www.standupmitra.in/,Karnataka,Early,Micro,Manufacturing,"- Key Elements: Stand-Up India Ecosystem, Promoter Contribution of 15%, Marginal Money security cover under Credit Guarantee Fund Scheme for Stand-Up India Loans (CGFSIL). Impact Stories:",GST Certificate,True
69778b6f5dbe0abc982467ce,008ddd1d-ca5a-45f0-95d6-0fea12335b38,Stand-Up India,https://www.standupmitra.in/,Karnataka,Early,Micro,Manufacturing,"- Key Elements: Stand-Up India Ecosystem, Promoter Contribution of 15%, Marginal Money security cover under Credit Guarantee Fund Scheme for Stand-Up India Loans (CGFSIL). Impact Stories:",Udyam Certificate,True
69778b6f5dbe0abc982467cf,19f7b8d0-fc02-4810-bbbd-e7a40be491cb,Stand-Up India,https://www.standupmitra.in/,Karnataka,Early,Micro,Manufacturing,"- Key Elements: Stand-Up India Ecosystem, Promoter Contribution of 15%, Marginal Money security cover under Credit Guarantee Fund Scheme for Stand-Up India Loans (CGFSIL). Impact Stories:",Bank Statement,True
69778b6f5dbe0abc982467d0,900a8b54-493d-48d8-8b11-23379055e5bd,Stand-Up India,https://www.standupmitra.in/,Karnataka,Early,Micro,Manufacturing,"- Prometheus is the beneficiary under STAND UP INDIA loan scheme. She has been given a loan for setting up of an Optometric clinic with vision therapy as she is a low vision therapist. As per the promoteur, she can earn Rs.1 lakhs per month from the Optical Gallery cum Optometric Clinic, which has vision therapy - as a low vision specialist, and has been granted loan sanction by PNB, Anna Nagar Branch, Chennai.",GST Certificate,True
69778b6f5dbe0abc982467d1,258d0f84-564b-4f5b-95b2-d8bb5b000390,Stand-Up India,https://www.standupmitra.in/,Karnataka,Early,Micro,Manufacturing,"- Prometheus is the beneficiary under STAND UP INDIA loan scheme. She has been given a loan for setting up of an Optometric clinic with vision therapy as she is a low vision therapist. As per the promoteur, she can earn Rs.1 lakhs per month from the Optical Gallery cum Optometric Clinic, which has vision therapy - as a low vision specialist, and has been granted loan sanction by PNB, Anna Nagar Branch, Chennai.",Udyam Certificate,True
69778b6f5dbe0abc982467d2,095b38a7-fbe6-405d-9683-66967c523b51,Stand-Up India,https://www.standupmitra.in/,Karnataka,Early,Micro,Manufacturing,"- Prometheus is the beneficiary under STAND UP INDIA loan scheme. She has been given a loan for setting up of an Optometric clinic with vision therapy as she is a low vision therapist. As per the promoteur, she can earn Rs.1 lakhs per month from the Optical Gallery cum Optometric Clinic, which has vision therapy - as a low vision specialist, and has been granted loan sanction by PNB, Anna Nagar Branch, Chennai.",Bank Statement,True
69778b6f5dbe0abc982467d3,947b4226-6615-4bcd-9fec-70cbe6214750,Stand-Up India,https://www.standupmitra.in/,Karnataka,Early,Micro,Manufacturing,"- Gaining experience from her father in law, the promoteur is able to stand alone as an optometrist after gaining experience from him. She has seen the website and learnt about the Anna Nagar branch extending STAND UP INDIA scheme and approached directly. According to the promoteur, she never dreamt of getting loan sanctioned in shortest time, which is why she is very happy and able to earn Rs.1 lakhs per month from the Optical Gallery cum Optometric Clinic, which has vision therapy - as a low v",GST Certificate,True
69778b6f5dbe0abc982467d4,8c63ed07-d966-409e-ab74-3c68c71444c0,Stand-Up India,https://www.standupmitra.in/,Karnataka,Early,Micro,Manufacturing,"- Gaining experience from her father in law, the promoteur is able to stand alone as an optometrist after gaining experience from him. She has seen the website and learnt about the Anna Nagar branch extending STAND UP INDIA scheme and approached directly. According to the promoteur, she never dreamt of getting loan sanctioned in shortest time, which is why she is very happy and able to earn Rs.1 lakhs per month from the Optical Gallery cum Optometric Clinic, which has vision therapy - as a low v",Udyam Certificate,True
69778b6f5dbe0abc982467d5,bfdb34ba-6203-4314-bb4a-d079eb534e98,Stand-Up India,https://www.standupmitra.in/,Karnataka,Early,Micro,Manufacturing,"- Gaining experience from her father in law, the promoteur is able to stand alone as an optometrist after gaining experience from him. She has seen the website and learnt about the Anna Nagar branch extending STAND UP INDIA scheme and approached directly. According to the promoteur, she never dreamt of getting loan sanctioned in shortest time, which is why she is very happy and able to earn Rs.1 lakhs per month from the Optical Gallery cum Optometric Clinic, which has vision therapy - as a low v",Bank Statement,True
69778b6f5dbe0abc982467d6,9c5c0031-12a6-4ede-8211-fe7e82816b1a,Stand-Up India,https://www.standupmitra.in/,Karnataka,Early,Micro,Manufacturing,,GST Certificate,True
69778b6f5dbe0abc982467d7,4ebe0aa4-b2ec-441d-9d85-a2ad5cfcca01,Stand-Up India,https://www.standupmitra.in/,Karnataka,Early,Micro,Manufacturing,,Udyam Certificate,True
69778b6f5dbe0abc982467d8,c525038f-d6a8-4930-9149-34b6cb27d286,Stand-Up India,https://www.standupmitra.in/,Karnataka,Early,Micro,Manufacturing,,Bank Statement,True
69778b6f5dbe0abc982467d9,9728a9e5-bb05-4e44-959e-38a8b14f6cbb,Stand-Up India,https://www.standupmitra.in/,Karnataka,Early,Micro,Manufacturing,,GST Certificate,True
69778b6f5dbe0abc982467da,ea51b93e-fa16-4cc2-87b9-261f13ff00a0,Stand-Up India,https://www.standupmitra.in/,Karnataka,Early,Micro,Manufacturing,,Udyam Certificate,True
69778b6f5dbe0abc982467db,780f7a5e-23a5-4d74-abca-52280e747a56,Stand-Up India,https://www.standupmitra.in/,Karnataka,Early,Micro,Manufacturing,,Bank Statement,True
69778b6f5dbe0abc982467dc,ea8c809a-eeed-42eb-b205-c8150ebe5616,Stand-Up India,https://www.standupmitra.in/,Karnataka,Early,Micro,Service,Extract:,GST Certificate,True
69778b6f5dbe0abc982467dd,48331066-1a91-439b-9107-d7fa95ba2d29,Stand-Up India,https://www.standupmitra.in/,Karnataka,Early,Micro,Service,Extract:,Udyam Certificate,True
69778b6f5dbe0abc982467de,f9f9801d-5bc9-44e7-a4ec-f57266aa1b54,Stand-Up India,https://www.standupmitra.in/,Karnataka,Early,Micro,Service,Extract:,Bank Statement,True
69778b6f5dbe0abc982467df,5346b8f4-9e17-4662-91fe-2e4884e79c59,Stand-Up India,https://www.standupmitra.in/,Karnataka,Early,Micro,Service,- Eligibility criteria,GST Certificate,True
69778b6f5dbe0abc982467e0,4b6c1e49-eda7-43d9-b211-ee0a4e5a8b0e,Stand-Up India,https://www.standupmitra.in/,Karnataka,Early,Micro,Service,- Eligibility criteria,Udyam Certificate,True
69778b6f5dbe0abc982467e1,dd5bbc81-fa15-4a98-8f1e-c5d45f0d1c8e,Stand-Up India,https://www.standupmitra.in/,Karnataka,Early,Micro,Service,- Eligibility criteria,Bank Statement,True
69778b6f5dbe0abc982467e2,52b35376-4aa5-429a-8f84-bec9d162e9d8,Stand-Up India,https://www.standupmitra.in/,Karnataka,Early,Micro,Service,- Required documents,GST Certificate,True
69778b6f5dbe0abc982467e3,7a6e8742-1312-4f2b-9ca0-ef06a187ee62,Stand-Up India,https://www.standupmitra.in/,Karnataka,Early,Micro,Service,- Required documents,Udyam Certificate,True
69778b6f5dbe0abc982467e4,c5951c85-28c1-4449-a3c6-95f2e323a78a,Stand-Up India,https://www.standupmitra.in/,Karnataka,Early,Micro,Service,- Required documents,Bank Statement,True
69778b6f5dbe0abc982467e5,8c6e936a-1e62-4599-a8f8-918e95eb1644,Stand-Up India,https://www.standupmitra.in/,Karnataka,Early,Micro,Service,Return as bullet points.,GST Certificate,True
69778b6f5dbe0abc982467e6,b3086c34-e226-44e1-9790-249bd8672ca0,Stand-Up India,https://www.standupmitra.in/,Karnataka,Early,Micro,Service,Return as bullet points.,Udyam Certificate,True
69778b6f5dbe0abc982467e7,9b7c32c2-9757-4391-9d20-9486ae423c26,Stand-Up India,https://www.standupmitra.in/,Karnataka,Early,Micro,Service,Return as bullet points.,Bank Statement,True
69778b6f5dbe0abc982467e8,569c2a6a-49a5-4878-8f26-d4ca46fcb28f,Stand-Up India,https://www.standupmitra.in/,Karnataka,Early,Micro,Service,,GST Certificate,True
69778b6f5dbe0abc982467e9,b1c170e1-90c6-46b9-9e1b-5e74e992d20a,Stand-Up India,https://www.standupmitra.in/,Karnataka,Early,Micro,Service,,Udyam Certificate,True
69778b6f5dbe0abc982467ea,9f402c29-fe0b-4a51-95ed-e5b787622b59,Stand-Up India,https://www.standupmitra.in/,Karnataka,Early,Micro,Service,,Bank Statement,True
69778b6f5dbe0abc982467eb,1b89d550-37c6-4160-9ed7-e4996c64fc36,Stand-Up India,https://www.standupmitra.in/,Karnataka,Early,Micro,Service,TEXT:,GST Certificate,True
69778b6f5dbe0abc982467ec,dbe7fa7e-5866-45fd-a2a0-917aecb78009,Stand-Up India,https://www.standupmitra.in/,Karnataka,Early,Micro,Service,TEXT:,Udyam Certificate,True
69778b6f5dbe0abc982467ed,cedaeb23-151b-4c3f-9ee5-da08fe06dc47,Stand-Up India,https://www.standupmitra.in/,Karnataka,Early,Micro,Service,TEXT:,Bank Statement,True
69778b6f5dbe0abc982467ee,fe4f46af-bcb7-4cfb-a2e3-0b2d498c4f0c,Stand-Up India,https://www.standupmitra.in/,Karnataka,Early,Micro,Service,StandupIndia Login Applicaunt Login Applicaant Registration Other Users Home About Us Stand-Up India Scheme facilitate...,GST Certificate,True
69778b6f5dbe0abc982467ef,b6e1b78d-a834-4d76-a0e5-f2dbe4555549,Stand-Up India,https://www.standupmitra.in/,Karnataka,Early,Micro,Service,StandupIndia Login Applicaunt Login Applicaant Registration Other Users Home About Us Stand-Up India Scheme facilitate...,Udyam Certificate,True
69778b6f5dbe0abc982467f0,92d2cf7c-5afc-44be-b1b0-e374d5a4c26a,Stand-Up India,https://www.standupmitra.in/,Karnataka,Early,Micro,Service,StandupIndia Login Applicaunt Login Applicaant Registration Other Users Home About Us Stand-Up India Scheme facilitate...,Bank Statement,True
69778b6f5dbe0abc982467f1,10780774-eb31-4ffb-9c3d-06f96bf30914,Stand-Up India,https://www.standupmitra.in/,Karnataka,Early,Micro,Service,,GST Certificate,True
69778b6f5dbe0abc982467f2,e2eca693-989b-4ac3-8ac0-6ced0edb50ff,Stand-Up India,https://www.standupmitra.in/,Karnataka,Early,Micro,Service,,Udyam Certificate,True
69778b6f5dbe0abc982467f3,ce02287f-003e-4d43-aa37-a971498c0435,Stand-Up India,https://www.standupmitra.in/,Karnataka,Early,Micro,Service,,Bank Statement,True
69778b6f5dbe0abc982467f4,67e95598-f921-4a1d-818d-473cb834f6bc,Stand-Up India,https://www.standupmitra.in/,Karnataka,Early,Micro,Service,"Communities Stand-up India Scheme facilitates bank loan between ₹10 lakhs and ₹1 crore for Applicants to establish a greenfield enterprise. The Borrower Type Loans to SC/ST and Women Entrepreneurs with at least 51% of the shareholding and controlling stake, either an SC/ST or woman entrepreneur. Salient Features:",GST Certificate,True
69778b6f5dbe0abc982467f5,f8fa5871-32e7-4cf4-877b-846b01a578cd,Stand-Up India,https://www.standupmitra.in/,Karnataka,Early,Micro,Service,"Communities Stand-up India Scheme facilitates bank loan between ₹10 lakhs and ₹1 crore for Applicants to establish a greenfield enterprise. The Borrower Type Loans to SC/ST and Women Entrepreneurs with at least 51% of the shareholding and controlling stake, either an SC/ST or woman entrepreneur. Salient Features:",Udyam Certificate,True
69778b6f5dbe0abc982467f6,f4b81d73-bfab-4437-8011-50e125ed4328,Stand-Up India,https://www.standupmitra.in/,Karnataka,Early,Micro,Service,"Communities Stand-up India Scheme facilitates bank loan between ₹10 lakhs and ₹1 crore for Applicants to establish a greenfield enterprise. The Borrower Type Loans to SC/ST and Women Entrepreneurs with at least 51% of the shareholding and controlling stake, either an SC/ST or woman entrepreneur. Salient Features:",Bank Statement,True
69778b6f5dbe0abc982467f7,98625326-de75-4c15-8d2f-92478d7392e4,Stand-Up India,https://www.standupmitra.in/,Karnataka,Early,Micro,Service,- Loans of between ₹10 lakhs to ₹1 crore for Applicants.,GST Certificate,True
69778b6f5dbe0abc982467f8,5b9f92a3-d2d5-45d8-a867-2f5162b8979b,Stand-Up India,https://www.standupmitra.in/,Karnataka,Early,Micro,Service,- Loans of between ₹10 lakhs to ₹1 crore for Applicants.,Udyam Certificate,True
69778b6f5dbe0abc982467f9,a096c48b-eca5-444c-b335-838bbca67277,Stand-Up India,https://www.standupmitra.in/,Karnataka,Early,Micro,Service,- Loans of between ₹10 lakhs to ₹1 crore for Applicants.,Bank Statement,True
69778b6f5dbe0abc982467fa,b97cac10-d266-43ae-83c5-0f3da3b41f6e,Stand-Up India,https://www.standupmitra.in/,Karnataka,Early,Micro,Service,- Enterprise loans for setting up a greenfield enterprise.,GST Certificate,True
69778b6f5dbe0abc982467fb,6b94e794-8de9-46b3-ada9-e9c1d1f916bf,Stand-Up India,https://www.standupmitra.in/,Karnataka,Early,Micro,Service,- Enterprise loans for setting up a greenfield enterprise.,Udyam Certificate,True
69778b6f5dbe0abc982467fc,ce927c17-b0be-43df-8585-c1f2ceec19b7,Stand-Up India,https://www.standupmitra.in/,Karnataka,Early,Micro,Service,- Enterprise loans for setting up a greenfield enterprise.,Bank Statement,True
69778b6f5dbe0abc982467fd,529f324e-9d2b-453a-affc-5d61d7bcffab,Stand-Up India,https://www.standupmitra.in/,Karnataka,Early,Micro,Service,- Loan size is from ₹10 lakhs to ₹1 crore.,GST Certificate,True
69778b6f5dbe0abc982467fe,829838b3-7027-4359-944f-18400e893153,Stand-Up India,https://www.standupmitra.in/,Karnataka,Early,Micro,Service,- Loan size is from ₹10 lakhs to ₹1 crore.,Udyam Certificate,True
69778b6f5dbe0abc982467ff,0f204fbe-f374-4002-a05b-aeaf34f977cd,Stand-Up India,https://www.standupmitra.in/,Karnataka,Early,Micro,Service,- Loan size is from ₹10 lakhs to ₹1 crore.,Bank Statement,True
69778b6f5dbe0abc98246800,e156709b-788c-4bb7-a200-7c2084c5ff9b,Stand-Up India,https://www.standupmitra.in/,Karnataka,Early,Micro,Service,- Comprises a composite loan (including Term Loan and Working Capital).,GST Certificate,True
69778b6f5dbe0abc98246801,a7d68f02-3409-42c5-ab4b-f74b8987ab94,Stand-Up India,https://www.standupmitra.in/,Karnataka,Early,Micro,Service,- Comprises a composite loan (including Term Loan and Working Capital).,Udyam Certificate,True
69778b6f5dbe0abc98246802,adc610fd-ed2f-49b5-9ef8-dfb970161ee1,Stand-Up India,https://www.standupmitra.in/,Karnataka,Early,Micro,Service,- Comprises a composite loan (including Term Loan and Working Capital).,Bank Statement,True
69778b6f5dbe0abc98246803,98d658fb-8fe7-431b-bbae-731aa3d56935,Stand-Up India,https://www.standupmitra.in/,Karnataka,Early,Micro,Service,"- Key Elements: Stand-Up India Ecosystem, Promoter Contribution of 15%, Marginal Money security cover under Credit Guarantee Fund Scheme for Stand-Up India Loans (CGFSIL). Impact Stories:",GST Certificate,True
69778b6f5dbe0abc98246804,000e87b4-a1c1-48ac-b9c1-96f3a7994456,Stand-Up India,https://www.standupmitra.in/,Karnataka,Early,Micro,Service,"- Key Elements: Stand-Up India Ecosystem, Promoter Contribution of 15%, Marginal Money security cover under Credit Guarantee Fund Scheme for Stand-Up India Loans (CGFSIL). Impact Stories:",Udyam Certificate,True
69778b6f5dbe0abc98246805,65f561d3-3211-482a-b95e-a4ec3ea16882,Stand-Up India,https://www.standupmitra.in/,Karnataka,Early,Micro,Service,"- Key Elements: Stand-Up India Ecosystem, Promoter Contribution of 15%, Marginal Money security cover under Credit Guarantee Fund Scheme for Stand-Up India Loans (CGFSIL). Impact Stories:",Bank Statement,True
69778b6f5dbe0abc98246806,d2b13338-ebb5-4228-ba68-bcdb1cf3a4db,Stand-Up India,https://www.standupmitra.in/,Karnataka,Early,Micro,Service,"- Prometheus is the beneficiary under STAND UP INDIA loan scheme. She has been given a loan for setting up of an Optometric clinic with vision therapy as she is a low vision therapist. As per the promoteur, she can earn Rs.1 lakhs per month from the Optical Gallery cum Optometric Clinic, which has vision therapy - as a low vision specialist, and has been granted loan sanction by PNB, Anna Nagar Branch, Chennai.",GST Certificate,True
69778b6f5dbe0abc98246807,fa84d4a9-cb1c-417c-a8fb-63b6fa87121c,Stand-Up India,https://www.standupmitra.in/,Karnataka,Early,Micro,Service,"- Prometheus is the beneficiary under STAND UP INDIA loan scheme. She has been given a loan for setting up of an Optometric clinic with vision therapy as she is a low vision therapist. As per the promoteur, she can earn Rs.1 lakhs per month from the Optical Gallery cum Optometric Clinic, which has vision therapy - as a low vision specialist, and has been granted loan sanction by PNB, Anna Nagar Branch, Chennai.",Udyam Certificate,True
69778b6f5dbe0abc98246808,b01f828f-d689-41a3-8a90-39a3a69c2025,Stand-Up India,https://www.standupmitra.in/,Karnataka,Early,Micro,Service,"- Prometheus is the beneficiary under STAND UP INDIA loan scheme. She has been given a loan for setting up of an Optometric clinic with vision therapy as she is a low vision therapist. As per the promoteur, she can earn Rs.1 lakhs per month from the Optical Gallery cum Optometric Clinic, which has vision therapy - as a low vision specialist, and has been granted loan sanction by PNB, Anna Nagar Branch, Chennai.",Bank Statement,True
69778b6f5dbe0abc98246809,1284657f-8d44-47a7-82d6-5f044ddc53e1,Stand-Up India,https://www.standupmitra.in/,Karnataka,Early,Micro,Service,"- Gaining experience from her father in law, the promoteur is able to stand alone as an optometrist after gaining experience from him. She has seen the website and learnt about the Anna Nagar branch extending STAND UP INDIA scheme and approached directly. According to the promoteur, she never dreamt of getting loan sanctioned in shortest time, which is why she is very happy and able to earn Rs.1 lakhs per month from the Optical Gallery cum Optometric Clinic, which has vision therapy - as a low v",GST Certificate,True
69778b6f5dbe0abc9824680a,03b3b21f-de56-4a8f-ade5-21a7e92b3523,Stand-Up India,https://www.standupmitra.in/,Karnataka,Early,Micro,Service,"- Gaining experience from her father in law, the promoteur is able to stand alone as an optometrist after gaining experience from him. She has seen the website and learnt about the Anna Nagar branch extending STAND UP INDIA scheme and approached directly. According to the promoteur, she never dreamt of getting loan sanctioned in shortest time, which is why she is very happy and able to earn Rs.1 lakhs per month from the Optical Gallery cum Optometric Clinic, which has vision therapy - as a low v",Udyam Certificate,True
69778b6f5dbe0abc9824680b,1e824557-8ad7-4f3a-a586-d767ca46d915,Stand-Up India,https://www.standupmitra.in/,Karnataka,Early,Micro,Service,"- Gaining experience from her father in law, the promoteur is able to stand alone as an optometrist after gaining experience from him. She has seen the website and learnt about the Anna Nagar branch extending STAND UP INDIA scheme and approached directly. According to the promoteur, she never dreamt of getting loan sanctioned in shortest time, which is why she is very happy and able to earn Rs.1 lakhs per month from the Optical Gallery cum Optometric Clinic, which has vision therapy - as a low v",Bank Statement,True
69778b6f5dbe0abc9824680c,d102fa36-4bf3-49d2-bbe1-2fc447e2d506,Stand-Up India,https://www.standupmitra.in/,Karnataka,Early,Micro,Service,,GST Certificate,True
69778b6f5dbe0abc9824680d,763b9fcb-830b-4102-ac3c-e55258b0e257,Stand-Up India,https://www.standupmitra.in/,Karnataka,Early,Micro,Service,,Udyam Certificate,True
69778b6f5dbe0abc9824680e,c57218c1-208d-4d90-a4d4-1b2a4091bcd3,Stand-Up India,https://www.standupmitra.in/,Karnataka,Early,Micro,Service,,Bank Statement,True
69778b6f5dbe0abc9824680f,2d112f05-72db-4d50-a80d-292f14b89b44,Stand-Up India,https://www.standupmitra.in/,Karnataka,Early,Micro,Service,,GST Certificate,True
69778b6f5dbe0abc98246810,b2486382-db1a-432f-b1d3-5fa69ab25673,Stand-Up India,https://www.standupmitra.in/,Karnataka,Early,Micro,Service,,Udyam Certificate,True
69778b6f5dbe0abc98246811,539ec691-f45c-4220-a95a-05def600b139,Stand-Up India,https://www.standupmitra.in/,Karnataka,Early,Micro,Service,,Bank Statement,True
69778b6f5dbe0abc98246812,9271a012-4406-4fef-9af0-8417bb86d82e,Stand-Up India,https://www.standupmitra.in/,Karnataka,Early,Micro,Tech,Extract:,GST Certificate,True
69778b6f5dbe0abc98246813,7591f7e5-edd2-49f3-b622-8439070d9937,Stand-Up India,https://www.standupmitra.in/,Karnataka,Early,Micro,Tech,Extract:,Udyam Certificate,True
69778b6f5dbe0abc98246814,a4833b5b-9387-40f5-ab3b-0ea575400620,Stand-Up India,https://www.standupmitra.in/,Karnataka,Early,Micro,Tech,Extract:,Bank Statement,True
69778b6f5dbe0abc98246815,d741b4bc-c341-4c60-bcb5-349740f2e8e1,Stand-Up India,https://www.standupmitra.in/,Karnataka,Early,Micro,Tech,- Eligibility criteria,GST Certificate,True
69778b6f5dbe0abc98246816,7a18b4d3-0184-428a-b724-a3d112b6ff8a,Stand-Up India,https://www.standupmitra.in/,Karnataka,Early,Micro,Tech,- Eligibility criteria,Udyam Certificate,True
69778b6f5dbe0abc98246817,f1e2e5dd-43a2-4c8f-9f40-89787f6570f9,Stand-Up India,https://www.standupmitra.in/,Karnataka,Early,Micro,Tech,- Eligibility criteria,Bank Statement,True
69778b6f5dbe0abc98246818,76460e69-c26a-4978-aa6c-21590bd72f53,Stand-Up India,https://www.standupmitra.in/,Karnataka,Early,Micro,Tech,- Required documents,GST Certificate,True
69778b6f5dbe0abc98246819,1b946c47-baa6-4792-a14b-609f62b56ea0,Stand-Up India,https://www.standupmitra.in/,Karnataka,Early,Micro,Tech,- Required documents,Udyam Certificate,True
69778b6f5dbe0abc9824681a,2ea416b6-a3a6-4288-87e6-c0e9b8f67462,Stand-Up India,https://www.standupmitra.in/,Karnataka,Early,Micro,Tech,- Required documents,Bank Statement,True
69778b6f5dbe0abc9824681b,28dcfe5a-27a5-460a-834d-da52827ebf12,Stand-Up India,https://www.standupmitra.in/,Karnataka,Early,Micro,Tech,Return as bullet points.,GST Certificate,True
69778b6f5dbe0abc9824681c,d8dbd1ec-1fe3-4af7-9942-16670f089b6b,Stand-Up India,https://www.standupmitra.in/,Karnataka,Early,Micro,Tech,Return as bullet points.,Udyam Certificate,True
69778b6f5dbe0abc9824681d,b9aa5b84-ab77-419e-8cae-42ae414581d8,Stand-Up India,https://www.standupmitra.in/,Karnataka,Early,Micro,Tech,Return as bullet points.,Bank Statement,True
69778b6f5dbe0abc9824681e,9f82f501-3482-4a50-ab60-d4a8bae0d872,Stand-Up India,https://www.standupmitra.in/,Karnataka,Early,Micro,Tech,,GST Certificate,True
69778b6f5dbe0abc9824681f,02f3c58c-7b9c-4df7-a7f9-bfdec3705f1f,Stand-Up India,https://www.standupmitra.in/,Karnataka,Early,Micro,Tech,,Udyam Certificate,True
69778b6f5dbe0abc98246820,b0dff1c9-8495-467d-a33a-660505bb9073,Stand-Up India,https://www.standupmitra.in/,Karnataka,Early,Micro,Tech,,Bank Statement,True
69778b6f5dbe0abc98246821,4a50708d-83d7-49f2-82ed-62459e0ade8c,Stand-Up India,https://www.standupmitra.in/,Karnataka,Early,Micro,Tech,TEXT:,GST Certificate,True
69778b6f5dbe0abc98246822,28ca9117-ff90-4c8d-abf7-c9eb74409efe,Stand-Up India,https://www.standupmitra.in/,Karnataka,Early,Micro,Tech,TEXT:,Udyam Certificate,True
69778b6f5dbe0abc98246823,5efd1f83-ac88-49ea-9750-c0a9a8c33b21,Stand-Up India,https://www.standupmitra.in/,Karnataka,Early,Micro,Tech,TEXT:,Bank Statement,True
69778b6f5dbe0abc98246824,9b6f7a28-64c4-47aa-9593-712f69d724e9,Stand-Up India,https://www.standupmitra.in/,Karnataka,Early,Micro,Tech,StandupIndia Login Applicaunt Login Applicaant Registration Other Users Home About Us Stand-Up India Scheme facilitate...,GST Certificate,True
69778b6f5dbe0abc98246825,46274027-aaab-4a7a-b791-972e7f337aee,Stand-Up India,https://www.standupmitra.in/,Karnataka,Early,Micro,Tech,StandupIndia Login Applicaunt Login Applicaant Registration Other Users Home About Us Stand-Up India Scheme facilitate...,Udyam Certificate,True
69778b6f5dbe0abc98246826,3aadc8b5-0f90-4620-a47b-5287dd172c7f,Stand-Up India,https://www.standupmitra.in/,Karnataka,Early,Micro,Tech,StandupIndia Login Applicaunt Login Applicaant Registration Other Users Home About Us Stand-Up India Scheme facilitate...,Bank Statement,True
69778b6f5dbe0abc98246827,35c8a511-3e0b-424c-a78f-0fb7459e109b,Stand-Up India,https://www.standupmitra.in/,Karnataka,Early,Micro,Tech,,GST Certificate,True
69778b6f5dbe0abc98246828,a2c68ec2-c0da-4006-a29c-580c86651752,Stand-Up India,https://www.standupmitra.in/,Karnataka,Early,Micro,Tech,,Udyam Certificate,True
69778b6f5dbe0abc98246829,c2999389-ccb7-45d0-951b-f4a8e2bb4d00,Stand-Up India,https://www.standupmitra.in/,Karnataka,Early,Micro,Tech,,Bank Statement,True
69778b6f5dbe0abc9824682a,a218eeaa-f6c5-4e86-8680-3c61f4c0f083,Stand-Up India,https://www.standupmitra.in/,Karnataka,Early,Micro,Tech,"Communities Stand-up India Scheme facilitates bank loan between ₹10 lakhs and ₹1 crore for Applicants to establish a greenfield enterprise. The Borrower Type Loans to SC/ST and Women Entrepreneurs with at least 51% of the shareholding and controlling stake, either an SC/ST or woman entrepreneur. Salient Features:",GST Certificate,True
69778b6f5dbe0abc9824682b,91a5181c-8285-46b2-9995-7c642ee3dea6,Stand-Up India,https://www.standupmitra.in/,Karnataka,Early,Micro,Tech,"Communities Stand-up India Scheme facilitates bank loan between ₹10 lakhs and ₹1 crore for Applicants to establish a greenfield enterprise. The Borrower Type Loans to SC/ST and Women Entrepreneurs with at least 51% of the shareholding and controlling stake, either an SC/ST or woman entrepreneur. Salient Features:",Udyam Certificate,True
69778b6f5dbe0abc9824682c,845118fb-101e-4493-9659-d728ff9f8ea5,Stand-Up India,https://www.standupmitra.in/,Karnataka,Early,Micro,Tech,"Communities Stand-up India Scheme facilitates bank loan between ₹10 lakhs and ₹1 crore for Applicants to establish a greenfield enterprise. The Borrower Type Loans to SC/ST and Women Entrepreneurs with at least 51% of the shareholding and controlling stake, either an SC/ST or woman entrepreneur. Salient Features:",Bank Statement,True
69778b6f5dbe0abc9824682d,27b9cbf0-68f7-4c4a-9dec-07747142cab3,Stand-Up India,https://www.standupmitra.in/,Karnataka,Early,Micro,Tech,- Loans of between ₹10 lakhs to ₹1 crore for Applicants.,GST Certificate,True
69778b6f5dbe0abc9824682e,f89572da-5942-4855-b5a6-5a5caa3700ec,Stand-Up India,https://www.standupmitra.in/,Karnataka,Early,Micro,Tech,- Loans of between ₹10 lakhs to ₹1 crore for Applicants.,Udyam Certificate,True
69778b6f5dbe0abc9824682f,9c434027-d0fb-4a9d-82c3-b8f669180968,Stand-Up India,https://www.standupmitra.in/,Karnataka,Early,Micro,Tech,- Loans of between ₹10 lakhs to ₹1 crore for Applicants.,Bank Statement,True
69778b6f5dbe0abc98246830,54203b88-c82f-4825-a428-f9b78babcf30,Stand-Up India,https://www.standupmitra.in/,Karnataka,Early,Micro,Tech,- Enterprise loans for setting up a greenfield enterprise.,GST Certificate,True
69778b6f5dbe0abc98246831,b5f5f9cb-9007-4082-8703-bd8660fac490,Stand-Up India,https://www.standupmitra.in/,Karnataka,Early,Micro,Tech,- Enterprise loans for setting up a greenfield enterprise.,Udyam Certificate,True
69778b6f5dbe0abc98246832,d215a366-8cbb-4494-86fa-0a43e73dd7c3,Stand-Up India,https://www.standupmitra.in/,Karnataka,Early,Micro,Tech,- Enterprise loans for setting up a greenfield enterprise.,Bank Statement,True
69778b6f5dbe0abc98246833,c8dd1c26-f264-45de-a929-425b43527d03,Stand-Up India,https://www.standupmitra.in/,Karnataka,Early,Micro,Tech,- Loan size is from ₹10 lakhs to ₹1 crore.,GST Certificate,True
69778b6f5dbe0abc98246834,454293f1-a552-48b0-b466-1380c98ac5ed,Stand-Up India,https://www.standupmitra.in/,Karnataka,Early,Micro,Tech,- Loan size is from ₹10 lakhs to ₹1 crore.,Udyam Certificate,True
69778b6f5dbe0abc98246835,677f53f0-9f71-4744-a9cc-2ecdae8af8c8,Stand-Up India,https://www.standupmitra.in/,Karnataka,Early,Micro,Tech,- Loan size is from ₹10 lakhs to ₹1 crore.,Bank Statement,True
69778b6f5dbe0abc98246836,3183aafa-a05d-42ca-a2f1-378cd929fca4,Stand-Up India,https://www.standupmitra.in/,Karnataka,Early,Micro,Tech,- Comprises a composite loan (including Term Loan and Working Capital).,GST Certificate,True
69778b6f5dbe0abc98246837,2c1d5ad1-603b-4c1a-9085-55887f4dc734,Stand-Up India,https://www.standupmitra.in/,Karnataka,Early,Micro,Tech,- Comprises a composite loan (including Term Loan and Working Capital).,Udyam Certificate,True
69778b6f5dbe0abc98246838,c58793b1-634e-4e09-8064-8d0171890bfe,Stand-Up India,https://www.standupmitra.in/,Karnataka,Early,Micro,Tech,- Comprises a composite loan (including Term Loan and Working Capital).,Bank Statement,True
69778b6f5dbe0abc98246839,76f653d9-1e19-40e8-b900-a107eb3772b5,Stand-Up India,https://www.standupmitra.in/,Karnataka,Early,Micro,Tech,"- Key Elements: Stand-Up India Ecosystem, Promoter Contribution of 15%, Marginal Money security cover under Credit Guarantee Fund Scheme for Stand-Up India Loans (CGFSIL). Impact Stories:",GST Certificate,True
69778b6f5dbe0abc9824683a,7fad6542-d153-4519-a89c-1100ead3baae,Stand-Up India,https://www.standupmitra.in/,Karnataka,Early,Micro,Tech,"- Key Elements: Stand-Up India Ecosystem, Promoter Contribution of 15%, Marginal Money security cover under Credit Guarantee Fund Scheme for Stand-Up India Loans (CGFSIL). Impact Stories:",Udyam Certificate,True
69778b6f5dbe0abc9824683b,da9ce2ed-08ba-4856-88e9-3a79bd9a590a,Stand-Up India,https://www.standupmitra.in/,Karnataka,Early,Micro,Tech,"- Key Elements: Stand-Up India Ecosystem, Promoter Contribution of 15%, Marginal Money security cover under Credit Guarantee Fund Scheme for Stand-Up India Loans (CGFSIL). Impact Stories:",Bank Statement,True
69778b6f5dbe0abc9824683c,eaf78889-6926-4f0c-9210-9fb64d024156,Stand-Up India,https://www.standupmitra.in/,Karnataka,Early,Micro,Tech,"- Prometheus is the beneficiary under STAND UP INDIA loan scheme. She has been given a loan for setting up of an Optometric clinic with vision therapy as she is a low vision therapist. As per the promoteur, she can earn Rs.1 lakhs per month from the Optical Gallery cum Optometric Clinic, which has vision therapy - as a low vision specialist, and has been granted loan sanction by PNB, Anna Nagar Branch, Chennai.",GST Certificate,True
69778b6f5dbe0abc9824683d,bd268603-7409-42df-adb0-1296a137f072,Stand-Up India,https://www.standupmitra.in/,Karnataka,Early,Micro,Tech,"- Prometheus is the beneficiary under STAND UP INDIA loan scheme. She has been given a loan for setting up of an Optometric clinic with vision therapy as she is a low vision therapist. As per the promoteur, she can earn Rs.1 lakhs per month from the Optical Gallery cum Optometric Clinic, which has vision therapy - as a low vision specialist, and has been granted loan sanction by PNB, Anna Nagar Branch, Chennai.",Udyam Certificate,True
69778b6f5dbe0abc9824683e,e8119932-5853-4498-ae43-67bd5817bbab,Stand-Up India,https://www.standupmitra.in/,Karnataka,Early,Micro,Tech,"- Prometheus is the beneficiary under STAND UP INDIA loan scheme. She has been given a loan for setting up of an Optometric clinic with vision therapy as she is a low vision therapist. As per the promoteur, she can earn Rs.1 lakhs per month from the Optical Gallery cum Optometric Clinic, which has vision therapy - as a low vision specialist, and has been granted loan sanction by PNB, Anna Nagar Branch, Chennai.",Bank Statement,True
69778b6f5dbe0abc9824683f,fac884dd-df26-423f-b5a7-39429fa9e0ca,Stand-Up India,https://www.standupmitra.in/,Karnataka,Early,Micro,Tech,"- Gaining experience from her father in law, the promoteur is able to stand alone as an optometrist after gaining experience from him. She has seen the website and learnt about the Anna Nagar branch extending STAND UP INDIA scheme and approached directly. According to the promoteur, she never dreamt of getting loan sanctioned in shortest time, which is why she is very happy and able to earn Rs.1 lakhs per month from the Optical Gallery cum Optometric Clinic, which has vision therapy - as a low v",GST Certificate,True
69778b6f5dbe0abc98246840,7f18388b-8c2b-488e-af8e-71b7e2355fe8,Stand-Up India,https://www.standupmitra.in/,Karnataka,Early,Micro,Tech,"- Gaining experience from her father in law, the promoteur is able to stand alone as an optometrist after gaining experience from him. She has seen the website and learnt about the Anna Nagar branch extending STAND UP INDIA scheme and approached directly. According to the promoteur, she never dreamt of getting loan sanctioned in shortest time, which is why she is very happy and able to earn Rs.1 lakhs per month from the Optical Gallery cum Optometric Clinic, which has vision therapy - as a low v",Udyam Certificate,True
69778b6f5dbe0abc98246841,6c58ac2b-c59c-4d19-a35c-b23d8fc7619e,Stand-Up India,https://www.standupmitra.in/,Karnataka,Early,Micro,Tech,"- Gaining experience from her father in law, the promoteur is able to stand alone as an optometrist after gaining experience from him. She has seen the website and learnt about the Anna Nagar branch extending STAND UP INDIA scheme and approached directly. According to the promoteur, she never dreamt of getting loan sanctioned in shortest time, which is why she is very happy and able to earn Rs.1 lakhs per month from the Optical Gallery cum Optometric Clinic, which has vision therapy - as a low v",Bank Statement,True
69778b6f5dbe0abc98246842,57debb4e-e766-45b1-8233-0430788acb7f,Stand-Up India,https://www.standupmitra.in/,Karnataka,Early,Micro,Tech,,GST Certificate,True
69778b6f5dbe0abc98246843,873e8fa9-4c9e-4ac2-b895-b2729821b6ed,Stand-Up India,https://www.standupmitra.in/,Karnataka,Early,Micro,Tech,,Udyam Certificate,True
69778b6f5dbe0abc98246844,e855ae0b-f766-40d3-b08e-7950f10f64d5,Stand-Up India,https://www.standupmitra.in/,Karnataka,Early,Micro,Tech,,Bank Statement,True
69778b6f5dbe0abc98246845,08432f05-2d8a-408f-bf14-4c5a046b1364,Stand-Up India,https://www.standupmitra.in/,Karnataka,Early,Micro,Tech,,GST Certificate,True
69778b6f5dbe0abc98246846,eea4e74c-fcbc-4712-945a-a3e10b08fa57,Stand-Up India,https://www.standupmitra.in/,Karnataka,Early,Micro,Tech,,Udyam Certificate,True
69778b6f5dbe0abc98246847,98fcc5a1-000d-4b59-baf1-98f85d1b0381,Stand-Up India,https://www.standupmitra.in/,Karnataka,Early,Micro,Tech,,Bank Statement,True
69778b6f5dbe0abc98246848,7695a36f-f2e1-45e1-a9f0-32179e3e5cb7,Stand-Up India,https://www.standupmitra.in/,Karnataka,Early,Micro,Agri,Extract:,GST Certificate,True
69778b6f5dbe0abc98246849,1e6c689e-80e7-4f66-85f6-6a7c7612f170,Stand-Up India,https://www.standupmitra.in/,Karnataka,Early,Micro,Agri,Extract:,Udyam Certificate,True
69778b6f5dbe0abc9824684a,54dbb9a4-0ac7-4cea-ac15-0308c84b5ba5,Stand-Up India,https://www.standupmitra.in/,Karnataka,Early,Micro,Agri,Extract:,Bank Statement,True
69778b6f5dbe0abc9824684b,b4941d43-d8ad-4ed0-aa17-672e8d87bad6,Stand-Up India,https://www.standupmitra.in/,Karnataka,Early,Micro,Agri,- Eligibility criteria,GST Certificate,True
69778b6f5dbe0abc9824684c,c19e91f5-f56a-4e85-b332-c5df370df1d2,Stand-Up India,https://www.standupmitra.in/,Karnataka,Early,Micro,Agri,- Eligibility criteria,Udyam Certificate,True
69778b6f5dbe0abc9824684d,f6348ddd-8f39-4905-8741-89ef63124373,Stand-Up India,https://www.standupmitra.in/,Karnataka,Early,Micro,Agri,- Eligibility criteria,Bank Statement,True
69778b6f5dbe0abc9824684e,efd0c3f2-03d5-4288-8b8b-c14c06691b4d,Stand-Up India,https://www.standupmitra.in/,Karnataka,Early,Micro,Agri,- Required documents,GST Certificate,True
69778b6f5dbe0abc9824684f,7b71b32b-cefe-4b83-a000-a99c372caaa4,Stand-Up India,https://www.standupmitra.in/,Karnataka,Early,Micro,Agri,- Required documents,Udyam Certificate,True
69778b6f5dbe0abc98246850,c36f2830-18d1-4565-b24d-71eb6f30166f,Stand-Up India,https://www.standupmitra.in/,Karnataka,Early,Micro,Agri,- Required documents,Bank Statement,True
69778b6f5dbe0abc98246851,573700b3-1f6e-4106-811b-db1bf27d25fa,Stand-Up India,https://www.standupmitra.in/,Karnataka,Early,Micro,Agri,Return as bullet points.,GST Certificate,True
69778b6f5dbe0abc98246852,46c95450-e445-4a91-812a-b071dcb95950,Stand-Up India,https://www.standupmitra.in/,Karnataka,Early,Micro,Agri,Return as bullet points.,Udyam Certificate,True
69778b6f5dbe0abc98246853,288478f7-9db6-4de5-befd-336cacc06ac4,Stand-Up India,https://www.standupmitra.in/,Karnataka,Early,Micro,Agri,Return as bullet points.,Bank Statement,True
69778b6f5dbe0abc98246854,911ed666-ed75-43fe-92c5-7df428e233fb,Stand-Up India,https://www.standupmitra.in/,Karnataka,Early,Micro,Agri,,GST Certificate,True
69778b6f5dbe0abc98246855,7be54815-b152-4dbc-9907-54e65d25e240,Stand-Up India,https://www.standupmitra.in/,Karnataka,Early,Micro,Agri,,Udyam Certificate,True
69778b6f5dbe0abc98246856,2685e475-a69b-4830-aef3-8475b698d123,Stand-Up India,https://www.standupmitra.in/,Karnataka,Early,Micro,Agri,,Bank Statement,True
69778b6f5dbe0abc98246857,d6be4b66-e2fe-4d50-80ba-150e68753524,Stand-Up India,https://www.standupmitra.in/,Karnataka,Early,Micro,Agri,TEXT:,GST Certificate,True
69778b6f5dbe0abc98246858,469f25ae-35c1-4739-8fa1-6a15c9795030,Stand-Up India,https://www.standupmitra.in/,Karnataka,Early,Micro,Agri,TEXT:,Udyam Certificate,True
69778b6f5dbe0abc98246859,b753b1be-6620-42d9-8ce6-dd92ff9477d2,Stand-Up India,https://www.standupmitra.in/,Karnataka,Early,Micro,Agri,TEXT:,Bank Statement,True
69778b6f5dbe0abc9824685a,451dfaa5-0869-404e-a39a-39abb3bf577c,Stand-Up India,https://www.standupmitra.in/,Karnataka,Early,Micro,Agri,StandupIndia Login Applicaunt Login Applicaant Registration Other Users Home About Us Stand-Up India Scheme facilitate...,GST Certificate,True
69778b6f5dbe0abc9824685b,794668bb-247d-4aa9-bb40-ba7274098c17,Stand-Up India,https://www.standupmitra.in/,Karnataka,Early,Micro,Agri,StandupIndia Login Applicaunt Login Applicaant Registration Other Users Home About Us Stand-Up India Scheme facilitate...,Udyam Certificate,True
69778b6f5dbe0abc9824685c,7737167c-75c5-4bdd-b0d5-faff094ea726,Stand-Up India,https://www.standupmitra.in/,Karnataka,Early,Micro,Agri,StandupIndia Login Applicaunt Login Applicaant Registration Other Users Home About Us Stand-Up India Scheme facilitate...,Bank Statement,True
69778b6f5dbe0abc9824685d,4eb2a7c4-bffa-4b8d-8583-13c5931b0612,Stand-Up India,https://www.standupmitra.in/,Karnataka,Early,Micro,Agri,,GST Certificate,True
69778b6f5dbe0abc9824685e,186fb25c-0d4e-4f8e-837a-9cb029c5a194,Stand-Up India,https://www.standupmitra.in/,Karnataka,Early,Micro,Agri,,Udyam Certificate,True
69778b6f5dbe0abc9824685f,55a0bf69-e405-455c-bba0-225652fb2bf4,Stand-Up India,https://www.standupmitra.in/,Karnataka,Early,Micro,Agri,,Bank Statement,True
69778b6f5dbe0abc98246860,07c6fe05-4235-41ec-a538-1990f397b5e6,Stand-Up India,https://www.standupmitra.in/,Karnataka,Early,Micro,Agri,"Communities Stand-up India Scheme facilitates bank loan between ₹10 lakhs and ₹1 crore for Applicants to establish a greenfield enterprise. The Borrower Type Loans to SC/ST and Women Entrepreneurs with at least 51% of the shareholding and controlling stake, either an SC/ST or woman entrepreneur. Salient Features:",GST Certificate,True
69778b6f5dbe0abc98246861,a465e9ea-1684-4837-8f6f-90da79d8a1b8,Stand-Up India,https://www.standupmitra.in/,Karnataka,Early,Micro,Agri,"Communities Stand-up India Scheme facilitates bank loan between ₹10 lakhs and ₹1 crore for Applicants to establish a greenfield enterprise. The Borrower Type Loans to SC/ST and Women Entrepreneurs with at least 51% of the shareholding and controlling stake, either an SC/ST or woman entrepreneur. Salient Features:",Udyam Certificate,True
69778b6f5dbe0abc98246862,af3a9341-c550-45a4-a5ed-b17fd765c6c7,Stand-Up India,https://www.standupmitra.in/,Karnataka,Early,Micro,Agri,"Communities Stand-up India Scheme facilitates bank loan between ₹10 lakhs and ₹1 crore for Applicants to establish a greenfield enterprise. The Borrower Type Loans to SC/ST and Women Entrepreneurs with at least 51% of the shareholding and controlling stake, either an SC/ST or woman entrepreneur. Salient Features:",Bank Statement,True
69778b6f5dbe0abc98246863,c9cb198f-56eb-47f5-bb15-7c9f567404c6,Stand-Up India,https://www.standupmitra.in/,Karnataka,Early,Micro,Agri,- Loans of between ₹10 lakhs to ₹1 crore for Applicants.,GST Certificate,True
69778b6f5dbe0abc98246864,ec1fe2dd-bd02-4b1e-a14d-26a5a958a40c,Stand-Up India,https://www.standupmitra.in/,Karnataka,Early,Micro,Agri,- Loans of between ₹10 lakhs to ₹1 crore for Applicants.,Udyam Certificate,True
69778b6f5dbe0abc98246865,aaa59bb2-9b66-4bdf-bdf8-315da3138678,Stand-Up India,https://www.standupmitra.in/,Karnataka,Early,Micro,Agri,- Loans of between ₹10 lakhs to ₹1 crore for Applicants.,Bank Statement,True
69778b6f5dbe0abc98246866,7982d7fe-3bed-4f78-93e1-d29c83bd92ce,Stand-Up India,https://www.standupmitra.in/,Karnataka,Early,Micro,Agri,- Enterprise loans for setting up a greenfield enterprise.,GST Certificate,True
69778b6f5dbe0abc98246867,36863e80-744d-475e-a118-036c6d724d34,Stand-Up India,https://www.standupmitra.in/,Karnataka,Early,Micro,Agri,- Enterprise loans for setting up a greenfield enterprise.,Udyam Certificate,True
69778b6f5dbe0abc98246868,2b8700dc-eadd-4a71-b3aa-3bcd1ee8ecf8,Stand-Up India,https://www.standupmitra.in/,Karnataka,Early,Micro,Agri,- Enterprise loans for setting up a greenfield enterprise.,Bank Statement,True
69778b6f5dbe0abc98246869,32a7d9f4-ffea-4ea9-b9da-4ffc875bb39b,Stand-Up India,https://www.standupmitra.in/,Karnataka,Early,Micro,Agri,- Loan size is from ₹10 lakhs to ₹1 crore.,GST Certificate,True
69778b6f5dbe0abc9824686a,e881b882-a285-47b8-abb8-34f188d3d29d,Stand-Up India,https://www.standupmitra.in/,Karnataka,Early,Micro,Agri,- Loan size is from ₹10 lakhs to ₹1 crore.,Udyam Certificate,True
69778b6f5dbe0abc9824686b,c866a17f-4bae-4bc4-adbf-6153e087b627,Stand-Up India,https://www.standupmitra.in/,Karnataka,Early,Micro,Agri,- Loan size is from ₹10 lakhs to ₹1 crore.,Bank Statement,True
69778b6f5dbe0abc9824686c,2b4cfd9f-3e5d-4e1b-afe0-a433d930dbd3,Stand-Up India,https://www.standupmitra.in/,Karnataka,Early,Micro,Agri,- Comprises a composite loan (including Term Loan and Working Capital).,GST Certificate,True
69778b6f5dbe0abc9824686d,eff16362-c02e-4cc8-8b96-edc44875d83e,Stand-Up India,https://www.standupmitra.in/,Karnataka,Early,Micro,Agri,- Comprises a composite loan (including Term Loan and Working Capital).,Udyam Certificate,True
69778b6f5dbe0abc9824686e,b3dfe7dc-f9a7-47e4-9e9b-10e461cdd1af,Stand-Up India,https://www.standupmitra.in/,Karnataka,Early,Micro,Agri,- Comprises a composite loan (including Term Loan and Working Capital).,Bank Statement,True
69778b6f5dbe0abc9824686f,49a6e463-f250-45bb-ab80-6ddec9ce32fd,Stand-Up India,https://www.standupmitra.in/,Karnataka,Early,Micro,Agri,"- Key Elements: Stand-Up India Ecosystem, Promoter Contribution of 15%, Marginal Money security cover under Credit Guarantee Fund Scheme for Stand-Up India Loans (CGFSIL). Impact Stories:",GST Certificate,True
69778b6f5dbe0abc98246870,12bf442b-b893-47c3-95aa-7aaa92882afb,Stand-Up India,https://www.standupmitra.in/,Karnataka,Early,Micro,Agri,"- Key Elements: Stand-Up India Ecosystem, Promoter Contribution of 15%, Marginal Money security cover under Credit Guarantee Fund Scheme for Stand-Up India Loans (CGFSIL). Impact Stories:",Udyam Certificate,True
69778b6f5dbe0abc98246871,94b67300-cf03-465a-915b-2f13be92542e,Stand-Up India,https://www.standupmitra.in/,Karnataka,Early,Micro,Agri,"- Key Elements: Stand-Up India Ecosystem, Promoter Contribution of 15%, Marginal Money security cover under Credit Guarantee Fund Scheme for Stand-Up India Loans (CGFSIL). Impact Stories:",Bank Statement,True
69778b6f5dbe0abc98246872,f2f3f859-0146-41cf-ae7b-d3af5fb8aea0,Stand-Up India,https://www.standupmitra.in/,Karnataka,Early,Micro,Agri,"- Prometheus is the beneficiary under STAND UP INDIA loan scheme. She has been given a loan for setting up of an Optometric clinic with vision therapy as she is a low vision therapist. As per the promoteur, she can earn Rs.1 lakhs per month from the Optical Gallery cum Optometric Clinic, which has vision therapy - as a low vision specialist, and has been granted loan sanction by PNB, Anna Nagar Branch, Chennai.",GST Certificate,True
69778b6f5dbe0abc98246873,869c6bbc-20dd-42b8-946a-c8e8a55800fd,Stand-Up India,https://www.standupmitra.in/,Karnataka,Early,Micro,Agri,"- Prometheus is the beneficiary under STAND UP INDIA loan scheme. She has been given a loan for setting up of an Optometric clinic with vision therapy as she is a low vision therapist. As per the promoteur, she can earn Rs.1 lakhs per month from the Optical Gallery cum Optometric Clinic, which has vision therapy - as a low vision specialist, and has been granted loan sanction by PNB, Anna Nagar Branch, Chennai.",Udyam Certificate,True
69778b6f5dbe0abc98246874,6ff8c589-e4ec-43dd-9934-f3d8512d5159,Stand-Up India,https://www.standupmitra.in/,Karnataka,Early,Micro,Agri,"- Prometheus is the beneficiary under STAND UP INDIA loan scheme. She has been given a loan for setting up of an Optometric clinic with vision therapy as she is a low vision therapist. As per the promoteur, she can earn Rs.1 lakhs per month from the Optical Gallery cum Optometric Clinic, which has vision therapy - as a low vision specialist, and has been granted loan sanction by PNB, Anna Nagar Branch, Chennai.",Bank Statement,True
69778b6f5dbe0abc98246875,5a35d1b5-1aee-490e-8ab1-eea9cf997e8a,Stand-Up India,https://www.standupmitra.in/,Karnataka,Early,Micro,Agri,"- Gaining experience from her father in law, the promoteur is able to stand alone as an optometrist after gaining experience from him. She has seen the website and learnt about the Anna Nagar branch extending STAND UP INDIA scheme and approached directly. According to the promoteur, she never dreamt of getting loan sanctioned in shortest time, which is why she is very happy and able to earn Rs.1 lakhs per month from the Optical Gallery cum Optometric Clinic, which has vision therapy - as a low v",GST Certificate,True
69778b6f5dbe0abc98246876,7642b472-a6e9-4a2b-8a8b-72cb6f438ef0,Stand-Up India,https://www.standupmitra.in/,Karnataka,Early,Micro,Agri,"- Gaining experience from her father in law, the promoteur is able to stand alone as an optometrist after gaining experience from him. She has seen the website and learnt about the Anna Nagar branch extending STAND UP INDIA scheme and approached directly. According to the promoteur, she never dreamt of getting loan sanctioned in shortest time, which is why she is very happy and able to earn Rs.1 lakhs per month from the Optical Gallery cum Optometric Clinic, which has vision therapy - as a low v",Udyam Certificate,True
69778b6f5dbe0abc98246877,0c525741-116c-44f2-abc7-fc618138b0aa,Stand-Up India,https://www.standupmitra.in/,Karnataka,Early,Micro,Agri,"- Gaining experience from her father in law, the promoteur is able to stand alone as an optometrist after gaining experience from him. She has seen the website and learnt about the Anna Nagar branch extending STAND UP INDIA scheme and approached directly. According to the promoteur, she never dreamt of getting loan sanctioned in shortest time, which is why she is very happy and able to earn Rs.1 lakhs per month from the Optical Gallery cum Optometric Clinic, which has vision therapy - as a low v",Bank Statement,True
69778b6f5dbe0abc98246878,e4f65978-5aae-41be-834e-ed5b41f774da,Stand-Up India,https://www.standupmitra.in/,Karnataka,Early,Micro,Agri,,GST Certificate,True
69778b6f5dbe0abc98246879,43dd4cac-b267-452a-a565-b17d922c4edf,Stand-Up India,https://www.standupmitra.in/,Karnataka,Early,Micro,Agri,,Udyam Certificate,True
69778b6f5dbe0abc9824687a,8d1b0047-68af-45a8-8ded-008fb94b3c99,Stand-Up India,https://www.standupmitra.in/,Karnataka,Early,Micro,Agri,,Bank Statement,True
69778b6f5dbe0abc9824687b,69741708-2cee-4b3f-8535-8db96eb02a98,Stand-Up India,https://www.standupmitra.in/,Karnataka,Early,Micro,Agri,,GST Certificate,True
69778b6f5dbe0abc9824687c,2cf2b930-c140-4e3e-b35b-1023e13c8b1b,Stand-Up India,https://www.standupmitra.in/,Karnataka,Early,Micro,Agri,,Udyam Certificate,True
69778b6f5dbe0abc9824687d,bc24e7c1-9299-455b-81cb-d8356222dec5,Stand-Up India,https://www.standupmitra.in/,Karnataka,Early,Micro,Agri,,Bank Statement,True
69778b6f5dbe0abc9824687e,97a5eee1-a836-4e16-9a95-82a500cca0fe,Stand-Up India,https://www.standupmitra.in/,Karnataka,Early,Small,Manufacturing,Extract:,GST Certificate,True
69778b6f5dbe0abc9824687f,82ddbb86-2b06-4326-84db-1efbb7c75a52,Stand-Up India,https://www.standupmitra.in/,Karnataka,Early,Small,Manufacturing,Extract:,Udyam Certificate,True
69778b6f5dbe0abc98246880,8fd96c18-a3fa-4839-8df5-78ca9e942bb5,Stand-Up India,https://www.standupmitra.in/,Karnataka,Early,Small,Manufacturing,Extract:,Bank Statement,True
69778b6f5dbe0abc98246881,e3fb1f0c-be83-49d2-987b-5e3959812c3f,Stand-Up India,https://www.standupmitra.in/,Karnataka,Early,Small,Manufacturing,- Eligibility criteria,GST Certificate,True
69778b6f5dbe0abc98246882,c554081f-65ed-4887-9b15-82ac68b678ea,Stand-Up India,https://www.standupmitra.in/,Karnataka,Early,Small,Manufacturing,- Eligibility criteria,Udyam Certificate,True
69778b6f5dbe0abc98246883,1bb875b3-b5ae-4c73-bc3f-b13251482ed9,Stand-Up India,https://www.standupmitra.in/,Karnataka,Early,Small,Manufacturing,- Eligibility criteria,Bank Statement,True
69778b6f5dbe0abc98246884,e8962caa-ea2d-46ea-b669-d5e917b717c1,Stand-Up India,https://www.standupmitra.in/,Karnataka,Early,Small,Manufacturing,- Required documents,GST Certificate,True
69778b6f5dbe0abc98246885,8bc96503-562e-4afa-b212-b295f3829792,Stand-Up India,https://www.standupmitra.in/,Karnataka,Early,Small,Manufacturing,- Required documents,Udyam Certificate,True
69778b6f5dbe0abc98246886,37223d0f-b720-4e5e-9414-1122d64049c4,Stand-Up India,https://www.standupmitra.in/,Karnataka,Early,Small,Manufacturing,- Required documents,Bank Statement,True
69778b6f5dbe0abc98246887,9bed6888-b112-40b7-88ae-ab9a308832d3,Stand-Up India,https://www.standupmitra.in/,Karnataka,Early,Small,Manufacturing,Return as bullet points.,GST Certificate,True
69778b6f5dbe0abc98246888,ad1533f7-0dea-4ca7-993b-fe5ce07ad658,Stand-Up India,https://www.standupmitra.in/,Karnataka,Early,Small,Manufacturing,Return as bullet points.,Udyam Certificate,True
69778b6f5dbe0abc98246889,90dc0789-bc21-4764-901c-55853d2bb81f,Stand-Up India,https://www.standupmitra.in/,Karnataka,Early,Small,Manufacturing,Return as bullet points.,Bank Statement,True
69778b6f5dbe0abc9824688a,1c820298-d3e9-40b5-a4d6-91b857474435,Stand-Up India,https://www.standupmitra.in/,Karnataka,Early,Small,Manufacturing,,GST Certificate,True
69778b6f5dbe0abc9824688b,b6ae518f-4a23-4112-8d87-33fc996a004e,Stand-Up India,https://www.standupmitra.in/,Karnataka,Early,Small,Manufacturing,,Udyam Certificate,True
69778b6f5dbe0abc9824688c,b043ec21-6c9b-42a8-bf49-26cd0c829566,Stand-Up India,https://www.standupmitra.in/,Karnataka,Early,Small,Manufacturing,,Bank Statement,True
69778b6f5dbe0abc9824688d,6fd877de-d5c8-451f-bb72-8b93a3c59d17,Stand-Up India,https://www.standupmitra.in/,Karnataka,Early,Small,Manufacturing,TEXT:,GST Certificate,True
69778b6f5dbe0abc9824688e,bb521913-7d0f-46f9-9f03-d83e0fc324ba,Stand-Up India,https://www.standupmitra.in/,Karnataka,Early,Small,Manufacturing,TEXT:,Udyam Certificate,True
69778b6f5dbe0abc9824688f,fc33c805-72ca-43a9-83e8-88b160164d1a,Stand-Up India,https://www.standupmitra.in/,Karnataka,Early,Small,Manufacturing,TEXT:,Bank Statement,True
69778b6f5dbe0abc98246890,af6ca2cc-09b3-4d23-b359-4e534ad2dd50,Stand-Up India,https://www.standupmitra.in/,Karnataka,Early,Small,Manufacturing,StandupIndia Login Applicaunt Login Applicaant Registration Other Users Home About Us Stand-Up India Scheme facilitate...,GST Certificate,True
69778b6f5dbe0abc98246891,abef8bd2-5a3f-4864-8522-7cd85b5d5fc7,Stand-Up India,https://www.standupmitra.in/,Karnataka,Early,Small,Manufacturing,StandupIndia Login Applicaunt Login Applicaant Registration Other Users Home About Us Stand-Up India Scheme facilitate...,Udyam Certificate,True
69778b6f5dbe0abc98246892,c547ea06-0307-495e-b035-0ce4471ae186,Stand-Up India,https://www.standupmitra.in/,Karnataka,Early,Small,Manufacturing,StandupIndia Login Applicaunt Login Applicaant Registration Other Users Home About Us Stand-Up India Scheme facilitate...,Bank Statement,True
69778b6f5dbe0abc98246893,50d92181-b0a5-4e35-8dce-e9f0b381edf2,Stand-Up India,https://www.standupmitra.in/,Karnataka,Early,Small,Manufacturing,,GST Certificate,True
69778b6f5dbe0abc98246894,1bfe1b19-9873-4652-9f06-61a86ec1264d,Stand-Up India,https://www.standupmitra.in/,Karnataka,Early,Small,Manufacturing,,Udyam Certificate,True
69778b6f5dbe0abc98246895,faf9c1bb-5ff8-4d30-ac69-cfa8ddf22c3c,Stand-Up India,https://www.standupmitra.in/,Karnataka,Early,Small,Manufacturing,,Bank Statement,True
69778b6f5dbe0abc98246896,6f31905f-91d5-4955-9e6c-0da030cb3342,Stand-Up India,https://www.standupmitra.in/,Karnataka,Early,Small,Manufacturing,"Communities Stand-up India Scheme facilitates bank loan between ₹10 lakhs and ₹1 crore for Applicants to establish a greenfield enterprise. The Borrower Type Loans to SC/ST and Women Entrepreneurs with at least 51% of the shareholding and controlling stake, either an SC/ST or woman entrepreneur. Salient Features:",GST Certificate,True
69778b6f5dbe0abc98246897,9ee71e02-93ae-45aa-89d8-a3d6bac12ba8,Stand-Up India,https://www.standupmitra.in/,Karnataka,Early,Small,Manufacturing,"Communities Stand-up India Scheme facilitates bank loan between ₹10 lakhs and ₹1 crore for Applicants to establish a greenfield enterprise. The Borrower Type Loans to SC/ST and Women Entrepreneurs with at least 51% of the shareholding and controlling stake, either an SC/ST or woman entrepreneur. Salient Features:",Udyam Certificate,True
69778b6f5dbe0abc98246898,9467ec14-0f67-4b12-aea4-4ea48b00ee10,Stand-Up India,https://www.standupmitra.in/,Karnataka,Early,Small,Manufacturing,"Communities Stand-up India Scheme facilitates bank loan between ₹10 lakhs and ₹1 crore for Applicants to establish a greenfield enterprise. The Borrower Type Loans to SC/ST and Women Entrepreneurs with at least 51% of the shareholding and controlling stake, either an SC/ST or woman entrepreneur. Salient Features:",Bank Statement,True
69778b6f5dbe0abc98246899,28d292d6-fb87-44b8-b3ef-124fa16ef8b0,Stand-Up India,https://www.standupmitra.in/,Karnataka,Early,Small,Manufacturing,- Loans of between ₹10 lakhs to ₹1 crore for Applicants.,GST Certificate,True
69778b6f5dbe0abc9824689a,4d98f723-a1ea-4b2f-bfc6-cc0e5bf0a0a1,Stand-Up India,https://www.standupmitra.in/,Karnataka,Early,Small,Manufacturing,- Loans of between ₹10 lakhs to ₹1 crore for Applicants.,Udyam Certificate,True
69778b6f5dbe0abc9824689b,d6f7caeb-0fc8-4260-92fb-c0f0d96cd177,Stand-Up India,https://www.standupmitra.in/,Karnataka,Early,Small,Manufacturing,- Loans of between ₹10 lakhs to ₹1 crore for Applicants.,Bank Statement,True
69778b6f5dbe0abc9824689c,c613e924-0e39-4c81-b4ff-fe27d12adc89,Stand-Up India,https://www.standupmitra.in/,Karnataka,Early,Small,Manufacturing,- Enterprise loans for setting up a greenfield enterprise.,GST Certificate,True
69778b6f5dbe0abc9824689d,79bf72aa-8beb-41cf-9cd4-ce7ff70831a4,Stand-Up India,https://www.standupmitra.in/,Karnataka,Early,Small,Manufacturing,- Enterprise loans for setting up a greenfield enterprise.,Udyam Certificate,True
69778b6f5dbe0abc9824689e,d6f03857-6dac-4ae6-9690-afe7dda6ffc2,Stand-Up India,https://www.standupmitra.in/,Karnataka,Early,Small,Manufacturing,- Enterprise loans for setting up a greenfield enterprise.,Bank Statement,True
69778b6f5dbe0abc9824689f,2206ee4f-c2e6-44f1-ba8f-4f97eda8403b,Stand-Up India,https://www.standupmitra.in/,Karnataka,Early,Small,Manufacturing,- Loan size is from ₹10 lakhs to ₹1 crore.,GST Certificate,True
69778b6f5dbe0abc982468a0,6cb8e012-7fb2-49e1-a3db-c3dbd69b3a64,Stand-Up India,https://www.standupmitra.in/,Karnataka,Early,Small,Manufacturing,- Loan size is from ₹10 lakhs to ₹1 crore.,Udyam Certificate,True
69778b6f5dbe0abc982468a1,7624dce3-4504-4955-bbf8-e6a579b073aa,Stand-Up India,https://www.standupmitra.in/,Karnataka,Early,Small,Manufacturing,- Loan size is from ₹10 lakhs to ₹1 crore.,Bank Statement,True
69778b6f5dbe0abc982468a2,f33bb625-7ba6-449b-97aa-ae0757c1819f,Stand-Up India,https://www.standupmitra.in/,Karnataka,Early,Small,Manufacturing,- Comprises a composite loan (including Term Loan and Working Capital).,GST Certificate,True
69778b6f5dbe0abc982468a3,318d293f-e69c-44dd-8785-3d934eab1b4f,Stand-Up India,https://www.standupmitra.in/,Karnataka,Early,Small,Manufacturing,- Comprises a composite loan (including Term Loan and Working Capital).,Udyam Certificate,True
69778b6f5dbe0abc982468a4,cb00571c-18a9-4a23-881f-bc8f2decaac1,Stand-Up India,https://www.standupmitra.in/,Karnataka,Early,Small,Manufacturing,- Comprises a composite loan (including Term Loan and Working Capital).,Bank Statement,True
69778b6f5dbe0abc982468a5,de7b4c9e-395c-4abe-81bf-c4f337857629,Stand-Up India,https://www.standupmitra.in/,Karnataka,Early,Small,Manufacturing,"- Key Elements: Stand-Up India Ecosystem, Promoter Contribution of 15%, Marginal Money security cover under Credit Guarantee Fund Scheme for Stand-Up India Loans (CGFSIL). Impact Stories:",GST Certificate,True
69778b6f5dbe0abc982468a6,063955e0-6583-4490-95af-413bdf8956a6,Stand-Up India,https://www.standupmitra.in/,Karnataka,Early,Small,Manufacturing,"- Key Elements: Stand-Up India Ecosystem, Promoter Contribution of 15%, Marginal Money security cover under Credit Guarantee Fund Scheme for Stand-Up India Loans (CGFSIL). Impact Stories:",Udyam Certificate,True
69778b6f5dbe0abc982468a7,2eb4866b-3c83-4b31-97f2-08b76db9e5aa,Stand-Up India,https://www.standupmitra.in/,Karnataka,Early,Small,Manufacturing,"- Key Elements: Stand-Up India Ecosystem, Promoter Contribution of 15%, Marginal Money security cover under Credit Guarantee Fund Scheme for Stand-Up India Loans (CGFSIL). Impact Stories:",Bank Statement,True
69778b6f5dbe0abc982468a8,8b9be6e6-c1f3-411b-a7c4-3b808ee16485,Stand-Up India,https://www.standupmitra.in/,Karnataka,Early,Small,Manufacturing,"- Prometheus is the beneficiary under STAND UP INDIA loan scheme. She has been given a loan for setting up of an Optometric clinic with vision therapy as she is a low vision therapist. As per the promoteur, she can earn Rs.1 lakhs per month from the Optical Gallery cum Optometric Clinic, which has vision therapy - as a low vision specialist, and has been granted loan sanction by PNB, Anna Nagar Branch, Chennai.",GST Certificate,True
69778b6f5dbe0abc982468a9,d6c7bd93-976a-4895-ad62-fbbf3fe2f0a1,Stand-Up India,https://www.standupmitra.in/,Karnataka,Early,Small,Manufacturing,"- Prometheus is the beneficiary under STAND UP INDIA loan scheme. She has been given a loan for setting up of an Optometric clinic with vision therapy as she is a low vision therapist. As per the promoteur, she can earn Rs.1 lakhs per month from the Optical Gallery cum Optometric Clinic, which has vision therapy - as a low vision specialist, and has been granted loan sanction by PNB, Anna Nagar Branch, Chennai.",Udyam Certificate,True
69778b6f5dbe0abc982468aa,1dd3d7a3-e26a-465e-8375-56bbfc4b537f,Stand-Up India,https://www.standupmitra.in/,Karnataka,Early,Small,Manufacturing,"- Prometheus is the beneficiary under STAND UP INDIA loan scheme. She has been given a loan for setting up of an Optometric clinic with vision therapy as she is a low vision therapist. As per the promoteur, she can earn Rs.1 lakhs per month from the Optical Gallery cum Optometric Clinic, which has vision therapy - as a low vision specialist, and has been granted loan sanction by PNB, Anna Nagar Branch, Chennai.",Bank Statement,True
69778b6f5dbe0abc982468ab,071015df-5ff8-48e5-bc3c-a78852d1bc40,Stand-Up India,https://www.standupmitra.in/,Karnataka,Early,Small,Manufacturing,"- Gaining experience from her father in law, the promoteur is able to stand alone as an optometrist after gaining experience from him. She has seen the website and learnt about the Anna Nagar branch extending STAND UP INDIA scheme and approached directly. According to the promoteur, she never dreamt of getting loan sanctioned in shortest time, which is why she is very happy and able to earn Rs.1 lakhs per month from the Optical Gallery cum Optometric Clinic, which has vision therapy - as a low v",GST Certificate,True
69778b6f5dbe0abc982468ac,9583e3e9-446e-40bd-bf19-b86c3826733e,Stand-Up India,https://www.standupmitra.in/,Karnataka,Early,Small,Manufacturing,"- Gaining experience from her father in law, the promoteur is able to stand alone as an optometrist after gaining experience from him. She has seen the website and learnt about the Anna Nagar branch extending STAND UP INDIA scheme and approached directly. According to the promoteur, she never dreamt of getting loan sanctioned in shortest time, which is why she is very happy and able to earn Rs.1 lakhs per month from the Optical Gallery cum Optometric Clinic, which has vision therapy - as a low v",Udyam Certificate,True
69778b6f5dbe0abc982468ad,4b23026a-b657-4a9d-aeca-145376bbbc57,Stand-Up India,https://www.standupmitra.in/,Karnataka,Early,Small,Manufacturing,"- Gaining experience from her father in law, the promoteur is able to stand alone as an optometrist after gaining experience from him. She has seen the website and learnt about the Anna Nagar branch extending STAND UP INDIA scheme and approached directly. According to the promoteur, she never dreamt of getting loan sanctioned in shortest time, which is why she is very happy and able to earn Rs.1 lakhs per month from the Optical Gallery cum Optometric Clinic, which has vision therapy - as a low v",Bank Statement,True
69778b6f5dbe0abc982468ae,4f2506eb-d378-4cb8-b843-07d5fd22181a,Stand-Up India,https://www.standupmitra.in/,Karnataka,Early,Small,Manufacturing,,GST Certificate,True
69778b6f5dbe0abc982468af,a4fe4451-3ba0-45b4-85da-07086d696f79,Stand-Up India,https://www.standupmitra.in/,Karnataka,Early,Small,Manufacturing,,Udyam Certificate,True
69778b6f5dbe0abc982468b0,ece13153-79ee-4e65-a43f-35a6ea9c58ef,Stand-Up India,https://www.standupmitra.in/,Karnataka,Early,Small,Manufacturing,,Bank Statement,True
69778b6f5dbe0abc982468b1,52ac0c12-f9b1-4f0b-accd-1a880f615a58,Stand-Up India,https://www.standupmitra.in/,Karnataka,Early,Small,Manufacturing,,GST Certificate,True
69778b6f5dbe0abc982468b2,529f72c9-6df8-42a0-9a20-ca72830cbc29,Stand-Up India,https://www.standupmitra.in/,Karnataka,Early,Small,Manufacturing,,Udyam Certificate,True
69778b6f5dbe0abc982468b3,3f094431-df91-4b9c-8c29-bbdc9bfee0c7,Stand-Up India,https://www.standupmitra.in/,Karnataka,Early,Small,Manufacturing,,Bank Statement,True
69778b6f5dbe0abc982468b4,8735e6dd-ef50-4eba-9a06-1ecd41b808ff,Stand-Up India,https://www.standupmitra.in/,Karnataka,Early,Small,Service,Extract:,GST Certificate,True
69778b6f5dbe0abc982468b5,55148fd3-4507-4dc5-87ea-46ddb1b79f42,Stand-Up India,https://www.standupmitra.in/,Karnataka,Early,Small,Service,Extract:,Udyam Certificate,True
69778b6f5dbe0abc982468b6,8f5c20c7-e358-4115-ac4f-69f20d745388,Stand-Up India,https://www.standupmitra.in/,Karnataka,Early,Small,Service,Extract:,Bank Statement,True
69778b6f5dbe0abc982468b7,8f9e24f2-3516-46fe-ba78-0ab656372645,Stand-Up India,https://www.standupmitra.in/,Karnataka,Early,Small,Service,- Eligibility criteria,GST Certificate,True
69778b6f5dbe0abc982468b8,5083413e-c420-4e8d-b1e3-42049bd22d24,Stand-Up India,https://www.standupmitra.in/,Karnataka,Early,Small,Service,- Eligibility criteria,Udyam Certificate,True
69778b6f5dbe0abc982468b9,ed8958f7-dc73-4741-b978-9aead6eaf9a8,Stand-Up India,https://www.standupmitra.in/,Karnataka,Early,Small,Service,- Eligibility criteria,Bank Statement,True
69778b6f5dbe0abc982468ba,77fa4c76-34fd-4a01-8c05-f91efde48e9d,Stand-Up India,https://www.standupmitra.in/,Karnataka,Early,Small,Service,- Required documents,GST Certificate,True
69778b6f5dbe0abc982468bb,e077b680-eaac-4e74-8189-aa77205a8cb6,Stand-Up India,https://www.standupmitra.in/,Karnataka,Early,Small,Service,- Required documents,Udyam Certificate,True
69778b6f5dbe0abc982468bc,bfac4913-99ef-4306-871f-095354dafb63,Stand-Up India,https://www.standupmitra.in/,Karnataka,Early,Small,Service,- Required documents,Bank Statement,True
69778b6f5dbe0abc982468bd,14352940-8fbb-4680-9a65-9167ecd6955a,Stand-Up India,https://www.standupmitra.in/,Karnataka,Early,Small,Service,Return as bullet points.,GST Certificate,True
69778b6f5dbe0abc982468be,9b6599c7-2585-4ff3-9ceb-09d40de75261,Stand-Up India,https://www.standupmitra.in/,Karnataka,Early,Small,Service,Return as bullet points.,Udyam Certificate,True
69778b6f5dbe0abc982468bf,1b938379-16a4-425d-a263-10d0cbc86484,Stand-Up India,https://www.standupmitra.in/,Karnataka,Early,Small,Service,Return as bullet points.,Bank Statement,True
69778b6f5dbe0abc982468c0,b55b29aa-c694-4872-b8a8-1b40eb23a782,Stand-Up India,https://www.standupmitra.in/,Karnataka,Early,Small,Service,,GST Certificate,True
69778b6f5dbe0abc982468c1,25a95042-4ccc-49be-b24f-3c24ba72c94e,Stand-Up India,https://www.standupmitra.in/,Karnataka,Early,Small,Service,,Udyam Certificate,True
69778b6f5dbe0abc982468c2,e5a6e609-227d-4d6a-9685-764ae1a5778a,Stand-Up India,https://www.standupmitra.in/,Karnataka,Early,Small,Service,,Bank Statement,True
69778b6f5dbe0abc982468c3,eb28ebab-89db-49b7-b551-fead56208123,Stand-Up India,https://www.standupmitra.in/,Karnataka,Early,Small,Service,TEXT:,GST Certificate,True
69778b6f5dbe0abc982468c4,890b09d8-5c91-4a16-9722-24ca64ca52d9,Stand-Up India,https://www.standupmitra.in/,Karnataka,Early,Small,Service,TEXT:,Udyam Certificate,True
69778b6f5dbe0abc982468c5,07109cde-69aa-483f-8c17-5af8d2ca5490,Stand-Up India,https://www.standupmitra.in/,Karnataka,Early,Small,Service,TEXT:,Bank Statement,True
69778b6f5dbe0abc982468c6,916d569a-d49a-4d3c-8e12-1ad5112244c5,Stand-Up India,https://www.standupmitra.in/,Karnataka,Early,Small,Service,StandupIndia Login Applicaunt Login Applicaant Registration Other Users Home About Us Stand-Up India Scheme facilitate...,GST Certificate,True
69778b6f5dbe0abc982468c7,5b94fbc7-e45b-4ec7-8d4c-fb7dde24b98b,Stand-Up India,https://www.standupmitra.in/,Karnataka,Early,Small,Service,StandupIndia Login Applicaunt Login Applicaant Registration Other Users Home About Us Stand-Up India Scheme facilitate...,Udyam Certificate,True
69778b6f5dbe0abc982468c8,af59e340-94c1-4d4a-8095-afcbb3eded14,Stand-Up India,https://www.standupmitra.in/,Karnataka,Early,Small,Service,StandupIndia Login Applicaunt Login Applicaant Registration Other Users Home About Us Stand-Up India Scheme facilitate...,Bank Statement,True
69778b6f5dbe0abc982468c9,23b44298-b9b7-4e62-b6f3-d782ebf9206c,Stand-Up India,https://www.standupmitra.in/,Karnataka,Early,Small,Service,,GST Certificate,True
69778b6f5dbe0abc982468ca,0a6e2f75-b9a6-4ec4-9d43-c9c9d7478174,Stand-Up India,https://www.standupmitra.in/,Karnataka,Early,Small,Service,,Udyam Certificate,True
69778b6f5dbe0abc982468cb,375c24d1-399f-4c4a-829b-7a49f1fe8bb8,Stand-Up India,https://www.standupmitra.in/,Karnataka,Early,Small,Service,,Bank Statement,True
69778b6f5dbe0abc982468cc,1b14007a-66b6-4fab-84bc-e5ee3f6d60f4,Stand-Up India,https://www.standupmitra.in/,Karnataka,Early,Small,Service,"Communities Stand-up India Scheme facilitates bank loan between ₹10 lakhs and ₹1 crore for Applicants to establish a greenfield enterprise. The Borrower Type Loans to SC/ST and Women Entrepreneurs with at least 51% of the shareholding and controlling stake, either an SC/ST or woman entrepreneur. Salient Features:",GST Certificate,True
69778b6f5dbe0abc982468cd,9afea27d-6fe1-4ccc-a6bd-f11c39b8ba15,Stand-Up India,https://www.standupmitra.in/,Karnataka,Early,Small,Service,"Communities Stand-up India Scheme facilitates bank loan between ₹10 lakhs and ₹1 crore for Applicants to establish a greenfield enterprise. The Borrower Type Loans to SC/ST and Women Entrepreneurs with at least 51% of the shareholding and controlling stake, either an SC/ST or woman entrepreneur. Salient Features:",Udyam Certificate,True
69778b6f5dbe0abc982468ce,84cae9f6-5766-465c-b901-3b126768c73c,Stand-Up India,https://www.standupmitra.in/,Karnataka,Early,Small,Service,"Communities Stand-up India Scheme facilitates bank loan between ₹10 lakhs and ₹1 crore for Applicants to establish a greenfield enterprise. The Borrower Type Loans to SC/ST and Women Entrepreneurs with at least 51% of the shareholding and controlling stake, either an SC/ST or woman entrepreneur. Salient Features:",Bank Statement,True
69778b6f5dbe0abc982468cf,f4113585-3f94-46ec-aac4-92bbbec14e8e,Stand-Up India,https://www.standupmitra.in/,Karnataka,Early,Small,Service,- Loans of between ₹10 lakhs to ₹1 crore for Applicants.,GST Certificate,True
69778b6f5dbe0abc982468d0,c3017499-b53f-4280-8943-a384cd22a215,Stand-Up India,https://www.standupmitra.in/,Karnataka,Early,Small,Service,- Loans of between ₹10 lakhs to ₹1 crore for Applicants.,Udyam Certificate,True
69778b6f5dbe0abc982468d1,ea409955-ac90-443d-b3c8-f255c1d39659,Stand-Up India,https://www.standupmitra.in/,Karnataka,Early,Small,Service,- Loans of between ₹10 lakhs to ₹1 crore for Applicants.,Bank Statement,True
69778b6f5dbe0abc982468d2,e101f23f-9a23-455a-8744-73660335f116,Stand-Up India,https://www.standupmitra.in/,Karnataka,Early,Small,Service,- Enterprise loans for setting up a greenfield enterprise.,GST Certificate,True
69778b6f5dbe0abc982468d3,695ae7e9-32f7-4fb3-a801-7a8f3e9974cd,Stand-Up India,https://www.standupmitra.in/,Karnataka,Early,Small,Service,- Enterprise loans for setting up a greenfield enterprise.,Udyam Certificate,True
69778b6f5dbe0abc982468d4,5e519e7c-8e59-4e19-bf7f-9347f5c892fe,Stand-Up India,https://www.standupmitra.in/,Karnataka,Early,Small,Service,- Enterprise loans for setting up a greenfield enterprise.,Bank Statement,True
69778b6f5dbe0abc982468d5,ea97cefc-b10f-43ba-95df-907fddeb4af1,Stand-Up India,https://www.standupmitra.in/,Karnataka,Early,Small,Service,- Loan size is from ₹10 lakhs to ₹1 crore.,GST Certificate,True
69778b6f5dbe0abc982468d6,ec5b8c34-f014-4b70-bcdb-3d0a91dea7cb,Stand-Up India,https://www.standupmitra.in/,Karnataka,Early,Small,Service,- Loan size is from ₹10 lakhs to ₹1 crore.,Udyam Certificate,True
69778b6f5dbe0abc982468d7,a3bb7871-2452-46db-9bd5-f9e9588cc02d,Stand-Up India,https://www.standupmitra.in/,Karnataka,Early,Small,Service,- Loan size is from ₹10 lakhs to ₹1 crore.,Bank Statement,True
69778b6f5dbe0abc982468d8,66811a1f-e494-4b0f-b2da-7d440c511b5e,Stand-Up India,https://www.standupmitra.in/,Karnataka,Early,Small,Service,- Comprises a composite loan (including Term Loan and Working Capital).,GST Certificate,True
69778b6f5dbe0abc982468d9,ae3e12f1-05cf-4bf8-a467-1f784a906431,Stand-Up India,https://www.standupmitra.in/,Karnataka,Early,Small,Service,- Comprises a composite loan (including Term Loan and Working Capital).,Udyam Certificate,True
69778b6f5dbe0abc982468da,99e92e2b-429d-42c8-926a-7a6178c15f95,Stand-Up India,https://www.standupmitra.in/,Karnataka,Early,Small,Service,- Comprises a composite loan (including Term Loan and Working Capital).,Bank Statement,True
69778b6f5dbe0abc982468db,c0bab4f3-36e3-4a27-a869-747b76a161df,Stand-Up India,https://www.standupmitra.in/,Karnataka,Early,Small,Service,"- Key Elements: Stand-Up India Ecosystem, Promoter Contribution of 15%, Marginal Money security cover under Credit Guarantee Fund Scheme for Stand-Up India Loans (CGFSIL). Impact Stories:",GST Certificate,True
69778b6f5dbe0abc982468dc,092d238f-e5cb-4dca-a856-0ffede70bdea,Stand-Up India,https://www.standupmitra.in/,Karnataka,Early,Small,Service,"- Key Elements: Stand-Up India Ecosystem, Promoter Contribution of 15%, Marginal Money security cover under Credit Guarantee Fund Scheme for Stand-Up India Loans (CGFSIL). Impact Stories:",Udyam Certificate,True
69778b6f5dbe0abc982468dd,bcfb6c3b-a465-4de8-a19e-e568127f6d83,Stand-Up India,https://www.standupmitra.in/,Karnataka,Early,Small,Service,"- Key Elements: Stand-Up India Ecosystem, Promoter Contribution of 15%, Marginal Money security cover under Credit Guarantee Fund Scheme for Stand-Up India Loans (CGFSIL). Impact Stories:",Bank Statement,True
69778b6f5dbe0abc982468de,840af178-51ce-47e9-b903-a27454dfa36f,Stand-Up India,https://www.standupmitra.in/,Karnataka,Early,Small,Service,"- Prometheus is the beneficiary under STAND UP INDIA loan scheme. She has been given a loan for setting up of an Optometric clinic with vision therapy as she is a low vision therapist. As per the promoteur, she can earn Rs.1 lakhs per month from the Optical Gallery cum Optometric Clinic, which has vision therapy - as a low vision specialist, and has been granted loan sanction by PNB, Anna Nagar Branch, Chennai.",GST Certificate,True
69778b6f5dbe0abc982468df,88fc0ceb-a24f-4090-81ef-19abb19b9014,Stand-Up India,https://www.standupmitra.in/,Karnataka,Early,Small,Service,"- Prometheus is the beneficiary under STAND UP INDIA loan scheme. She has been given a loan for setting up of an Optometric clinic with vision therapy as she is a low vision therapist. As per the promoteur, she can earn Rs.1 lakhs per month from the Optical Gallery cum Optometric Clinic, which has vision therapy - as a low vision specialist, and has been granted loan sanction by PNB, Anna Nagar Branch, Chennai.",Udyam Certificate,True
69778b6f5dbe0abc982468e0,43420a32-03ff-4c37-b261-0c30ae3e6639,Stand-Up India,https://www.standupmitra.in/,Karnataka,Early,Small,Service,"- Prometheus is the beneficiary under STAND UP INDIA loan scheme. She has been given a loan for setting up of an Optometric clinic with vision therapy as she is a low vision therapist. As per the promoteur, she can earn Rs.1 lakhs per month from the Optical Gallery cum Optometric Clinic, which has vision therapy - as a low vision specialist, and has been granted loan sanction by PNB, Anna Nagar Branch, Chennai.",Bank Statement,True
69778b6f5dbe0abc982468e1,7aef9cd2-6e55-47d4-9ccd-008b2fd8f141,Stand-Up India,https://www.standupmitra.in/,Karnataka,Early,Small,Service,"- Gaining experience from her father in law, the promoteur is able to stand alone as an optometrist after gaining experience from him. She has seen the website and learnt about the Anna Nagar branch extending STAND UP INDIA scheme and approached directly. According to the promoteur, she never dreamt of getting loan sanctioned in shortest time, which is why she is very happy and able to earn Rs.1 lakhs per month from the Optical Gallery cum Optometric Clinic, which has vision therapy - as a low v",GST Certificate,True
69778b6f5dbe0abc982468e2,2a5b552f-905b-4337-baa7-f4baf7e8fbc8,Stand-Up India,https://www.standupmitra.in/,Karnataka,Early,Small,Service,"- Gaining experience from her father in law, the promoteur is able to stand alone as an optometrist after gaining experience from him. She has seen the website and learnt about the Anna Nagar branch extending STAND UP INDIA scheme and approached directly. According to the promoteur, she never dreamt of getting loan sanctioned in shortest time, which is why she is very happy and able to earn Rs.1 lakhs per month from the Optical Gallery cum Optometric Clinic, which has vision therapy - as a low v",Udyam Certificate,True
69778b6f5dbe0abc982468e3,1a6a51d9-4d3a-48c8-8ea3-43e8d07ec519,Stand-Up India,https://www.standupmitra.in/,Karnataka,Early,Small,Service,"- Gaining experience from her father in law, the promoteur is able to stand alone as an optometrist after gaining experience from him. She has seen the website and learnt about the Anna Nagar branch extending STAND UP INDIA scheme and approached directly. According to the promoteur, she never dreamt of getting loan sanctioned in shortest time, which is why she is very happy and able to earn Rs.1 lakhs per month from the Optical Gallery cum Optometric Clinic, which has vision therapy - as a low v",Bank Statement,True
69778b6f5dbe0abc982468e4,50b3756a-1e9e-40c5-af70-85f82f0e7310,Stand-Up India,https://www.standupmitra.in/,Karnataka,Early,Small,Service,,GST Certificate,True
69778b6f5dbe0abc982468e5,04e8ec48-6f7e-495b-a143-94a4f4125bdc,Stand-Up India,https://www.standupmitra.in/,Karnataka,Early,Small,Service,,Udyam Certificate,True
69778b6f5dbe0abc982468e6,b0380bee-5509-46de-acb3-f0544db89ceb,Stand-Up India,https://www.standupmitra.in/,Karnataka,Early,Small,Service,,Bank Statement,True
69778b6f5dbe0abc982468e7,61a2c195-bdc8-4236-a8c9-9191b25eb78a,Stand-Up India,https://www.standupmitra.in/,Karnataka,Early,Small,Service,,GST Certificate,True
69778b6f5dbe0abc982468e8,851e3a3a-699e-47fd-b938-45b5e0a0cfc9,Stand-Up India,https://www.standupmitra.in/,Karnataka,Early,Small,Service,,Udyam Certificate,True
69778b6f5dbe0abc982468e9,43cd4b8b-cfd2-448b-99cd-8ca52c893fbd,Stand-Up India,https://www.standupmitra.in/,Karnataka,Early,Small,Service,,Bank Statement,True
69778b6f5dbe0abc982468ea,43147333-f2c7-408b-8c22-2270400429ca,Stand-Up India,https://www.standupmitra.in/,Karnataka,Early,Small,Tech,Extract:,GST Certificate,True
69778b6f5dbe0abc982468eb,b88f57ea-bccb-4ae7-8f0d-20b076d8413f,Stand-Up India,https://www.standupmitra.in/,Karnataka,Early,Small,Tech,Extract:,Udyam Certificate,True
69778b6f5dbe0abc982468ec,325b174e-5796-41c6-8161-0965144b13d6,Stand-Up India,https://www.standupmitra.in/,Karnataka,Early,Small,Tech,Extract:,Bank Statement,True
69778b6f5dbe0abc982468ed,7d3aa8a8-8c46-4844-a901-36b4b258f4ed,Stand-Up India,https://www.standupmitra.in/,Karnataka,Early,Small,Tech,- Eligibility criteria,GST Certificate,True
69778b6f5dbe0abc982468ee,5dcb4f4b-0da5-4f94-822a-67f9657ff0d4,Stand-Up India,https://www.standupmitra.in/,Karnataka,Early,Small,Tech,- Eligibility criteria,Udyam Certificate,True
69778b6f5dbe0abc982468ef,97fc184b-ed5b-43f9-9201-cc8733cf2788,Stand-Up India,https://www.standupmitra.in/,Karnataka,Early,Small,Tech,- Eligibility criteria,Bank Statement,True
69778b6f5dbe0abc982468f0,cd2d50be-d46d-4e7d-af1e-f2436d2dc7a6,Stand-Up India,https://www.standupmitra.in/,Karnataka,Early,Small,Tech,- Required documents,GST Certificate,True
69778b6f5dbe0abc982468f1,70d65d6a-bac2-478b-afef-9ea921b66616,Stand-Up India,https://www.standupmitra.in/,Karnataka,Early,Small,Tech,- Required documents,Udyam Certificate,True
69778b6f5dbe0abc982468f2,edf2b82a-b2e9-45a5-96da-cf4426c85ca9,Stand-Up India,https://www.standupmitra.in/,Karnataka,Early,Small,Tech,- Required documents,Bank Statement,True
69778b6f5dbe0abc982468f3,f864b2f8-53bb-46bd-ac21-6263751a9a41,Stand-Up India,https://www.standupmitra.in/,Karnataka,Early,Small,Tech,Return as bullet points.,GST Certificate,True
69778b6f5dbe0abc982468f4,22bf38f7-1041-4a60-aca1-e6b5f4789d9e,Stand-Up India,https://www.standupmitra.in/,Karnataka,Early,Small,Tech,Return as bullet points.,Udyam Certificate,True
69778b6f5dbe0abc982468f5,55206147-19ef-4ef8-a545-41e4ff39011f,Stand-Up India,https://www.standupmitra.in/,Karnataka,Early,Small,Tech,Return as bullet points.,Bank Statement,True
69778b6f5dbe0abc982468f6,1281f21c-f58a-4f44-bf2d-3206f4cfca32,Stand-Up India,https://www.standupmitra.in/,Karnataka,Early,Small,Tech,,GST Certificate,True
69778b6f5dbe0abc982468f7,27007539-d06e-49ae-99d8-76a373f07e54,Stand-Up India,https://www.standupmitra.in/,Karnataka,Early,Small,Tech,,Udyam Certificate,True
69778b6f5dbe0abc982468f8,3dd5c8c1-9bd4-4d12-b28a-6584e7370018,Stand-Up India,https://www.standupmitra.in/,Karnataka,Early,Small,Tech,,Bank Statement,True
69778b6f5dbe0abc982468f9,3b9d536c-ecdd-4958-b219-cf3e689011cc,Stand-Up India,https://www.standupmitra.in/,Karnataka,Early,Small,Tech,TEXT:,GST Certificate,True
69778b6f5dbe0abc982468fa,95d90159-e561-4e27-9c8c-20f734d605c1,Stand-Up India,https://www.standupmitra.in/,Karnataka,Early,Small,Tech,TEXT:,Udyam Certificate,True
69778b6f5dbe0abc982468fb,f8701b10-3392-4759-9d60-61e56c64c55b,Stand-Up India,https://www.standupmitra.in/,Karnataka,Early,Small,Tech,TEXT:,Bank Statement,True
69778b6f5dbe0abc982468fc,0463884b-ab00-4598-833d-9d89adf27a33,Stand-Up India,https://www.standupmitra.in/,Karnataka,Early,Small,Tech,StandupIndia Login Applicaunt Login Applicaant Registration Other Users Home About Us Stand-Up India Scheme facilitate...,GST Certificate,True
69778b6f5dbe0abc982468fd,f27b29e7-8f19-4f07-83a3-91e45c4a201d,Stand-Up India,https://www.standupmitra.in/,Karnataka,Early,Small,Tech,StandupIndia Login Applicaunt Login Applicaant Registration Other Users Home About Us Stand-Up India Scheme facilitate...,Udyam Certificate,True
69778b6f5dbe0abc982468fe,9e979a1c-e380-4352-8c90-a6dfc6a3e257,Stand-Up India,https://www.standupmitra.in/,Karnataka,Early,Small,Tech,StandupIndia Login Applicaunt Login Applicaant Registration Other Users Home About Us Stand-Up India Scheme facilitate...,Bank Statement,True
69778b6f5dbe0abc982468ff,58f6d08d-6c3b-44b2-b0d2-ce861249315c,Stand-Up India,https://www.standupmitra.in/,Karnataka,Early,Small,Tech,,GST Certificate,True
69778b6f5dbe0abc98246900,6c6884e3-96d8-4203-a761-57dba8db7904,Stand-Up India,https://www.standupmitra.in/,Karnataka,Early,Small,Tech,,Udyam Certificate,True
69778b6f5dbe0abc98246901,ccca705a-8ce6-415b-9850-633c18557bcd,Stand-Up India,https://www.standupmitra.in/,Karnataka,Early,Small,Tech,,Bank Statement,True
69778b6f5dbe0abc98246902,7c79b293-9326-4bb7-aa18-630660c7ac5e,Stand-Up India,https://www.standupmitra.in/,Karnataka,Early,Small,Tech,"Communities Stand-up India Scheme facilitates bank loan between ₹10 lakhs and ₹1 crore for Applicants to establish a greenfield enterprise. The Borrower Type Loans to SC/ST and Women Entrepreneurs with at least 51% of the shareholding and controlling stake, either an SC/ST or woman entrepreneur. Salient Features:",GST Certificate,True
69778b6f5dbe0abc98246903,7c2fc873-eb91-4243-8eda-a7f0d770c859,Stand-Up India,https://www.standupmitra.in/,Karnataka,Early,Small,Tech,"Communities Stand-up India Scheme facilitates bank loan between ₹10 lakhs and ₹1 crore for Applicants to establish a greenfield enterprise. The Borrower Type Loans to SC/ST and Women Entrepreneurs with at least 51% of the shareholding and controlling stake, either an SC/ST or woman entrepreneur. Salient Features:",Udyam Certificate,True
69778b6f5dbe0abc98246904,94193965-7b88-4be3-bead-3f9bb8556f09,Stand-Up India,https://www.standupmitra.in/,Karnataka,Early,Small,Tech,"Communities Stand-up India Scheme facilitates bank loan between ₹10 lakhs and ₹1 crore for Applicants to establish a greenfield enterprise. The Borrower Type Loans to SC/ST and Women Entrepreneurs with at least 51% of the shareholding and controlling stake, either an SC/ST or woman entrepreneur. Salient Features:",Bank Statement,True
69778b6f5dbe0abc98246905,b487b5e8-0435-4890-9615-46a0b79e62c7,Stand-Up India,https://www.standupmitra.in/,Karnataka,Early,Small,Tech,- Loans of between ₹10 lakhs to ₹1 crore for Applicants.,GST Certificate,True
69778b6f5dbe0abc98246906,4df03375-bb84-45dc-af8d-f804d2d83256,Stand-Up India,https://www.standupmitra.in/,Karnataka,Early,Small,Tech,- Loans of between ₹10 lakhs to ₹1 crore for Applicants.,Udyam Certificate,True
69778b6f5dbe0abc98246907,f0329f13-9409-43c8-a4e1-66f7c5715dc0,Stand-Up India,https://www.standupmitra.in/,Karnataka,Early,Small,Tech,- Loans of between ₹10 lakhs to ₹1 crore for Applicants.,Bank Statement,True
69778b6f5dbe0abc98246908,3ee86797-b939-4527-887f-ce26b84ed938,Stand-Up India,https://www.standupmitra.in/,Karnataka,Early,Small,Tech,- Enterprise loans for setting up a greenfield enterprise.,GST Certificate,True
69778b6f5dbe0abc98246909,6a6b5f77-ce7e-4004-b3f8-00c56885d2e4,Stand-Up India,https://www.standupmitra.in/,Karnataka,Early,Small,Tech,- Enterprise loans for setting up a greenfield enterprise.,Udyam Certificate,True
69778b6f5dbe0abc9824690a,42b1c637-cfff-4902-ad56-bbdf77b82071,Stand-Up India,https://www.standupmitra.in/,Karnataka,Early,Small,Tech,- Enterprise loans for setting up a greenfield enterprise.,Bank Statement,True
69778b6f5dbe0abc9824690b,5f10cec4-a5cd-4274-8129-9d89d584ab8c,Stand-Up India,https://www.standupmitra.in/,Karnataka,Early,Small,Tech,- Loan size is from ₹10 lakhs to ₹1 crore.,GST Certificate,True
69778b6f5dbe0abc9824690c,309e2b59-c462-41ba-b9e2-3dc3a5a04f8c,Stand-Up India,https://www.standupmitra.in/,Karnataka,Early,Small,Tech,- Loan size is from ₹10 lakhs to ₹1 crore.,Udyam Certificate,True
69778b6f5dbe0abc9824690d,7148ea7e-1420-48b3-8f21-b0317de73186,Stand-Up India,https://www.standupmitra.in/,Karnataka,Early,Small,Tech,- Loan size is from ₹10 lakhs to ₹1 crore.,Bank Statement,True
69778b6f5dbe0abc9824690e,e6667769-761a-4219-b01d-5e5fed76b004,Stand-Up India,https://www.standupmitra.in/,Karnataka,Early,Small,Tech,- Comprises a composite loan (including Term Loan and Working Capital).,GST Certificate,True
69778b6f5dbe0abc9824690f,db9f7c42-e757-4403-adcd-4c42f9386e14,Stand-Up India,https://www.standupmitra.in/,Karnataka,Early,Small,Tech,- Comprises a composite loan (including Term Loan and Working Capital).,Udyam Certificate,True
69778b6f5dbe0abc98246910,728c64ab-b42a-417c-80e3-09f7953aa12a,Stand-Up India,https://www.standupmitra.in/,Karnataka,Early,Small,Tech,- Comprises a composite loan (including Term Loan and Working Capital).,Bank Statement,True
69778b6f5dbe0abc98246911,49b3a93a-f6b7-4b1c-a344-8e93b52b35d1,Stand-Up India,https://www.standupmitra.in/,Karnataka,Early,Small,Tech,"- Key Elements: Stand-Up India Ecosystem, Promoter Contribution of 15%, Marginal Money security cover under Credit Guarantee Fund Scheme for Stand-Up India Loans (CGFSIL). Impact Stories:",GST Certificate,True
69778b6f5dbe0abc98246912,29f9290d-d1d3-4594-9188-a2cdb5882592,Stand-Up India,https://www.standupmitra.in/,Karnataka,Early,Small,Tech,"- Key Elements: Stand-Up India Ecosystem, Promoter Contribution of 15%, Marginal Money security cover under Credit Guarantee Fund Scheme for Stand-Up India Loans (CGFSIL). Impact Stories:",Udyam Certificate,True
69778b6f5dbe0abc98246913,00fea3f7-a577-4010-b7a6-786dc922e192,Stand-Up India,https://www.standupmitra.in/,Karnataka,Early,Small,Tech,"- Key Elements: Stand-Up India Ecosystem, Promoter Contribution of 15%, Marginal Money security cover under Credit Guarantee Fund Scheme for Stand-Up India Loans (CGFSIL). Impact Stories:",Bank Statement,True
69778b6f5dbe0abc98246914,be49519b-1dce-466a-99b9-d00de04f58c5,Stand-Up India,https://www.standupmitra.in/,Karnataka,Early,Small,Tech,"- Prometheus is the beneficiary under STAND UP INDIA loan scheme. She has been given a loan for setting up of an Optometric clinic with vision therapy as she is a low vision therapist. As per the promoteur, she can earn Rs.1 lakhs per month from the Optical Gallery cum Optometric Clinic, which has vision therapy - as a low vision specialist, and has been granted loan sanction by PNB, Anna Nagar Branch, Chennai.",GST Certificate,True
69778b6f5dbe0abc98246915,84b6dca7-cece-4462-9183-9fd3b4da527f,Stand-Up India,https://www.standupmitra.in/,Karnataka,Early,Small,Tech,"- Prometheus is the beneficiary under STAND UP INDIA loan scheme. She has been given a loan for setting up of an Optometric clinic with vision therapy as she is a low vision therapist. As per the promoteur, she can earn Rs.1 lakhs per month from the Optical Gallery cum Optometric Clinic, which has vision therapy - as a low vision specialist, and has been granted loan sanction by PNB, Anna Nagar Branch, Chennai.",Udyam Certificate,True
69778b6f5dbe0abc98246916,71f2ed51-a37d-47ec-8401-53d92b85c06b,Stand-Up India,https://www.standupmitra.in/,Karnataka,Early,Small,Tech,"- Prometheus is the beneficiary under STAND UP INDIA loan scheme. She has been given a loan for setting up of an Optometric clinic with vision therapy as she is a low vision therapist. As per the promoteur, she can earn Rs.1 lakhs per month from the Optical Gallery cum Optometric Clinic, which has vision therapy - as a low vision specialist, and has been granted loan sanction by PNB, Anna Nagar Branch, Chennai.",Bank Statement,True
69778b6f5dbe0abc98246917,e343075e-8151-4666-8d62-06e6d1f43a66,Stand-Up India,https://www.standupmitra.in/,Karnataka,Early,Small,Tech,"- Gaining experience from her father in law, the promoteur is able to stand alone as an optometrist after gaining experience from him. She has seen the website and learnt about the Anna Nagar branch extending STAND UP INDIA scheme and approached directly. According to the promoteur, she never dreamt of getting loan sanctioned in shortest time, which is why she is very happy and able to earn Rs.1 lakhs per month from the Optical Gallery cum Optometric Clinic, which has vision therapy - as a low v",GST Certificate,True
69778b6f5dbe0abc98246918,f3dec8bd-54e4-4973-aa33-f30e00e19113,Stand-Up India,https://www.standupmitra.in/,Karnataka,Early,Small,Tech,"- Gaining experience from her father in law, the promoteur is able to stand alone as an optometrist after gaining experience from him. She has seen the website and learnt about the Anna Nagar branch extending STAND UP INDIA scheme and approached directly. According to the promoteur, she never dreamt of getting loan sanctioned in shortest time, which is why she is very happy and able to earn Rs.1 lakhs per month from the Optical Gallery cum Optometric Clinic, which has vision therapy - as a low v",Udyam Certificate,True
69778b6f5dbe0abc98246919,a7167e58-9fef-4165-9f34-2d7ecee62201,Stand-Up India,https://www.standupmitra.in/,Karnataka,Early,Small,Tech,"- Gaining experience from her father in law, the promoteur is able to stand alone as an optometrist after gaining experience from him. She has seen the website and learnt about the Anna Nagar branch extending STAND UP INDIA scheme and approached directly. According to the promoteur, she never dreamt of getting loan sanctioned in shortest time, which is why she is very happy and able to earn Rs.1 lakhs per month from the Optical Gallery cum Optometric Clinic, which has vision therapy - as a low v",Bank Statement,True
69778b6f5dbe0abc9824691a,f1e1c174-8261-4e88-bc0b-b611291c3c71,Stand-Up India,https://www.standupmitra.in/,Karnataka,Early,Small,Tech,,GST Certificate,True
69778b6f5dbe0abc9824691b,9712204e-575d-4938-864e-c5085903fe6b,Stand-Up India,https://www.standupmitra.in/,Karnataka,Early,Small,Tech,,Udyam Certificate,True
69778b6f5dbe0abc9824691c,f8c4c28d-91c5-4ce5-872b-9acff89e512e,Stand-Up India,https://www.standupmitra.in/,Karnataka,Early,Small,Tech,,Bank Statement,True
69778b6f5dbe0abc9824691d,3ec81c4a-6260-4153-b4a3-b1be99a55bfd,Stand-Up India,https://www.standupmitra.in/,Karnataka,Early,Small,Tech,,GST Certificate,True
69778b6f5dbe0abc9824691e,53eeeaaf-9c0a-4806-a6c3-a88c328728f5,Stand-Up India,https://www.standupmitra.in/,Karnataka,Early,Small,Tech,,Udyam Certificate,True
69778b6f5dbe0abc9824691f,d9e3445e-4c85-47d5-b72d-af8724f336d7,Stand-Up India,https://www.standupmitra.in/,Karnataka,Early,Small,Tech,,Bank Statement,True
69778b6f5dbe0abc98246920,c5beda71-103d-4c0d-a9e3-c2e1da43e381,Stand-Up India,https://www.standupmitra.in/,Karnataka,Early,Small,Agri,Extract:,GST Certificate,True
69778b6f5dbe0abc98246921,223602a3-9844-44a4-ad71-c55eaeeda98b,Stand-Up India,https://www.standupmitra.in/,Karnataka,Early,Small,Agri,Extract:,Udyam Certificate,True
69778b6f5dbe0abc98246922,8ce9b209-b73a-4a14-8057-3bebf977af11,Stand-Up India,https://www.standupmitra.in/,Karnataka,Early,Small,Agri,Extract:,Bank Statement,True
69778b6f5dbe0abc98246923,4329f2e8-da0f-48ed-aafb-38388c09da40,Stand-Up India,https://www.standupmitra.in/,Karnataka,Early,Small,Agri,- Eligibility criteria,GST Certificate,True
69778b6f5dbe0abc98246924,dabac56f-89a8-4bec-a384-0afc10e7b3c6,Stand-Up India,https://www.standupmitra.in/,Karnataka,Early,Small,Agri,- Eligibility criteria,Udyam Certificate,True
69778b6f5dbe0abc98246925,092331ac-66b5-4c40-b021-db329dab370d,Stand-Up India,https://www.standupmitra.in/,Karnataka,Early,Small,Agri,- Eligibility criteria,Bank Statement,True
69778b6f5dbe0abc98246926,4399253b-c421-428b-85ff-3023e3633e62,Stand-Up India,https://www.standupmitra.in/,Karnataka,Early,Small,Agri,- Required documents,GST Certificate,True
69778b6f5dbe0abc98246927,655355d0-d85d-4316-9c4e-e13e06c4cc74,Stand-Up India,https://www.standupmitra.in/,Karnataka,Early,Small,Agri,- Required documents,Udyam Certificate,True
69778b6f5dbe0abc98246928,2de0541a-174f-4eb5-a264-81bfbfbf7a1f,Stand-Up India,https://www.standupmitra.in/,Karnataka,Early,Small,Agri,- Required documents,Bank Statement,True
69778b6f5dbe0abc98246929,d277d4ea-2350-454f-a515-9fd10a5b6117,Stand-Up India,https://www.standupmitra.in/,Karnataka,Early,Small,Agri,Return as bullet points.,GST Certificate,True
69778b6f5dbe0abc9824692a,6a5f8d2d-683a-4bfb-b018-0c1324d6d6c3,Stand-Up India,https://www.standupmitra.in/,Karnataka,Early,Small,Agri,Return as bullet points.,Udyam Certificate,True
69778b6f5dbe0abc9824692b,a30ad3ff-516c-4779-b801-5512c7690a70,Stand-Up India,https://www.standupmitra.in/,Karnataka,Early,Small,Agri,Return as bullet points.,Bank Statement,True
69778b6f5dbe0abc9824692c,822f7735-778e-4c2a-98cb-738e86ac7366,Stand-Up India,https://www.standupmitra.in/,Karnataka,Early,Small,Agri,,GST Certificate,True
69778b6f5dbe0abc9824692d,3cffee93-cf97-4833-8fc5-2d5e0c67fc7d,Stand-Up India,https://www.standupmitra.in/,Karnataka,Early,Small,Agri,,Udyam Certificate,True
69778b6f5dbe0abc9824692e,b7ed6abc-0748-4886-839a-2e7dddcd05a6,Stand-Up India,https://www.standupmitra.in/,Karnataka,Early,Small,Agri,,Bank Statement,True
69778b6f5dbe0abc9824692f,7a5012cb-264c-414c-af24-09d18fec4fea,Stand-Up India,https://www.standupmitra.in/,Karnataka,Early,Small,Agri,TEXT:,GST Certificate,True
69778b6f5dbe0abc98246930,5df4320e-c675-4c3b-ab50-42bb015ea472,Stand-Up India,https://www.standupmitra.in/,Karnataka,Early,Small,Agri,TEXT:,Udyam Certificate,True
69778b6f5dbe0abc98246931,f433930c-1f53-46ab-98c9-40fe4e322fa5,Stand-Up India,https://www.standupmitra.in/,Karnataka,Early,Small,Agri,TEXT:,Bank Statement,True
69778b6f5dbe0abc98246932,509d4b8e-eea9-4857-81be-8b2c35540350,Stand-Up India,https://www.standupmitra.in/,Karnataka,Early,Small,Agri,StandupIndia Login Applicaunt Login Applicaant Registration Other Users Home About Us Stand-Up India Scheme facilitate...,GST Certificate,True
69778b6f5dbe0abc98246933,3eae88e9-058f-499d-ac9c-15400ec381ef,Stand-Up India,https://www.standupmitra.in/,Karnataka,Early,Small,Agri,StandupIndia Login Applicaunt Login Applicaant Registration Other Users Home About Us Stand-Up India Scheme facilitate...,Udyam Certificate,True
69778b6f5dbe0abc98246934,0962ef6a-41da-4af7-9691-a32fce32294f,Stand-Up India,https://www.standupmitra.in/,Karnataka,Early,Small,Agri,StandupIndia Login Applicaunt Login Applicaant Registration Other Users Home About Us Stand-Up India Scheme facilitate...,Bank Statement,True
69778b6f5dbe0abc98246935,7838216d-0a51-4753-aad7-88d00b9ce882,Stand-Up India,https://www.standupmitra.in/,Karnataka,Early,Small,Agri,,GST Certificate,True
69778b6f5dbe0abc98246936,cf6315aa-0c20-49c9-861c-a13b5f053454,Stand-Up India,https://www.standupmitra.in/,Karnataka,Early,Small,Agri,,Udyam Certificate,True
69778b6f5dbe0abc98246937,85ffacf0-5619-457c-89f2-1a97208d02da,Stand-Up India,https://www.standupmitra.in/,Karnataka,Early,Small,Agri,,Bank Statement,True
69778b6f5dbe0abc98246938,d4b0f433-1500-4913-ab9e-f752353cb7d2,Stand-Up India,https://www.standupmitra.in/,Karnataka,Early,Small,Agri,"Communities Stand-up India Scheme facilitates bank loan between ₹10 lakhs and ₹1 crore for Applicants to establish a greenfield enterprise. The Borrower Type Loans to SC/ST and Women Entrepreneurs with at least 51% of the shareholding and controlling stake, either an SC/ST or woman entrepreneur. Salient Features:",GST Certificate,True
69778b6f5dbe0abc98246939,c4c35ad9-7822-43d3-a902-36d993113fd7,Stand-Up India,https://www.standupmitra.in/,Karnataka,Early,Small,Agri,"Communities Stand-up India Scheme facilitates bank loan between ₹10 lakhs and ₹1 crore for Applicants to establish a greenfield enterprise. The Borrower Type Loans to SC/ST and Women Entrepreneurs with at least 51% of the shareholding and controlling stake, either an SC/ST or woman entrepreneur. Salient Features:",Udyam Certificate,True
69778b6f5dbe0abc9824693a,0701c8a4-2930-497e-8072-d327e1c5a29f,Stand-Up India,https://www.standupmitra.in/,Karnataka,Early,Small,Agri,"Communities Stand-up India Scheme facilitates bank loan between ₹10 lakhs and ₹1 crore for Applicants to establish a greenfield enterprise. The Borrower Type Loans to SC/ST and Women Entrepreneurs with at least 51% of the shareholding and controlling stake, either an SC/ST or woman entrepreneur. Salient Features:",Bank Statement,True
69778b6f5dbe0abc9824693b,36eaf70e-1c0b-4825-a41f-de9eb8ff0b6a,Stand-Up India,https://www.standupmitra.in/,Karnataka,Early,Small,Agri,- Loans of between ₹10 lakhs to ₹1 crore for Applicants.,GST Certificate,True
69778b6f5dbe0abc9824693c,5598b2b0-eb81-4a5b-be3e-ca33133a4584,Stand-Up India,https://www.standupmitra.in/,Karnataka,Early,Small,Agri,- Loans of between ₹10 lakhs to ₹1 crore for Applicants.,Udyam Certificate,True
69778b6f5dbe0abc9824693d,17fe0d96-a174-4d43-bfee-91c3361aa5e4,Stand-Up India,https://www.standupmitra.in/,Karnataka,Early,Small,Agri,- Loans of between ₹10 lakhs to ₹1 crore for Applicants.,Bank Statement,True
69778b6f5dbe0abc9824693e,7b2d5c8f-39ee-46a7-b8cc-daf8341e20d1,Stand-Up India,https://www.standupmitra.in/,Karnataka,Early,Small,Agri,- Enterprise loans for setting up a greenfield enterprise.,GST Certificate,True
69778b6f5dbe0abc9824693f,34f4ba06-5b27-4d7a-aae5-40e0ca0c8d10,Stand-Up India,https://www.standupmitra.in/,Karnataka,Early,Small,Agri,- Enterprise loans for setting up a greenfield enterprise.,Udyam Certificate,True
69778b6f5dbe0abc98246940,8e9ee73f-1924-4268-bae4-5df79984e026,Stand-Up India,https://www.standupmitra.in/,Karnataka,Early,Small,Agri,- Enterprise loans for setting up a greenfield enterprise.,Bank Statement,True
69778b6f5dbe0abc98246941,26d13d17-0827-43cb-9616-1f1adaa24a61,Stand-Up India,https://www.standupmitra.in/,Karnataka,Early,Small,Agri,- Loan size is from ₹10 lakhs to ₹1 crore.,GST Certificate,True
69778b6f5dbe0abc98246942,6cfdb52f-974c-4899-b0fc-a3b017d413dc,Stand-Up India,https://www.standupmitra.in/,Karnataka,Early,Small,Agri,- Loan size is from ₹10 lakhs to ₹1 crore.,Udyam Certificate,True
69778b6f5dbe0abc98246943,c8bec515-1e0b-4895-b882-877baf87ae00,Stand-Up India,https://www.standupmitra.in/,Karnataka,Early,Small,Agri,- Loan size is from ₹10 lakhs to ₹1 crore.,Bank Statement,True
69778b6f5dbe0abc98246944,342b8f98-482b-48bb-9ba4-1f89f604d350,Stand-Up India,https://www.standupmitra.in/,Karnataka,Early,Small,Agri,- Comprises a composite loan (including Term Loan and Working Capital).,GST Certificate,True
69778b6f5dbe0abc98246945,f416e3f9-e90b-404c-9afc-1149f2cea44a,Stand-Up India,https://www.standupmitra.in/,Karnataka,Early,Small,Agri,- Comprises a composite loan (including Term Loan and Working Capital).,Udyam Certificate,True
69778b6f5dbe0abc98246946,e96365ee-1143-460e-af44-5402c9cbcfb3,Stand-Up India,https://www.standupmitra.in/,Karnataka,Early,Small,Agri,- Comprises a composite loan (including Term Loan and Working Capital).,Bank Statement,True
69778b6f5dbe0abc98246947,d044550c-e787-465e-9c7d-83757b7af051,Stand-Up India,https://www.standupmitra.in/,Karnataka,Early,Small,Agri,"- Key Elements: Stand-Up India Ecosystem, Promoter Contribution of 15%, Marginal Money security cover under Credit Guarantee Fund Scheme for Stand-Up India Loans (CGFSIL). Impact Stories:",GST Certificate,True
69778b6f5dbe0abc98246948,b26ca8f0-9639-4e01-8917-a38f837130b6,Stand-Up India,https://www.standupmitra.in/,Karnataka,Early,Small,Agri,"- Key Elements: Stand-Up India Ecosystem, Promoter Contribution of 15%, Marginal Money security cover under Credit Guarantee Fund Scheme for Stand-Up India Loans (CGFSIL). Impact Stories:",Udyam Certificate,True
69778b6f5dbe0abc98246949,849548b2-b51b-4ee8-ba66-961f83937f69,Stand-Up India,https://www.standupmitra.in/,Karnataka,Early,Small,Agri,"- Key Elements: Stand-Up India Ecosystem, Promoter Contribution of 15%, Marginal Money security cover under Credit Guarantee Fund Scheme for Stand-Up India Loans (CGFSIL). Impact Stories:",Bank Statement,True
69778b6f5dbe0abc9824694a,d6450193-67a6-4e71-a7a7-f4a9daaee82f,Stand-Up India,https://www.standupmitra.in/,Karnataka,Early,Small,Agri,"- Prometheus is the beneficiary under STAND UP INDIA loan scheme. She has been given a loan for setting up of an Optometric clinic with vision therapy as she is a low vision therapist. As per the promoteur, she can earn Rs.1 lakhs per month from the Optical Gallery cum Optometric Clinic, which has vision therapy - as a low vision specialist, and has been granted loan sanction by PNB, Anna Nagar Branch, Chennai.",GST Certificate,True
69778b6f5dbe0abc9824694b,49d9be62-5973-4ff9-b67e-03c0708c6e9a,Stand-Up India,https://www.standupmitra.in/,Karnataka,Early,Small,Agri,"- Prometheus is the beneficiary under STAND UP INDIA loan scheme. She has been given a loan for setting up of an Optometric clinic with vision therapy as she is a low vision therapist. As per the promoteur, she can earn Rs.1 lakhs per month from the Optical Gallery cum Optometric Clinic, which has vision therapy - as a low vision specialist, and has been granted loan sanction by PNB, Anna Nagar Branch, Chennai.",Udyam Certificate,True
69778b6f5dbe0abc9824694c,cd44c173-4358-4d34-bfe1-8f8b253b9ad6,Stand-Up India,https://www.standupmitra.in/,Karnataka,Early,Small,Agri,"- Prometheus is the beneficiary under STAND UP INDIA loan scheme. She has been given a loan for setting up of an Optometric clinic with vision therapy as she is a low vision therapist. As per the promoteur, she can earn Rs.1 lakhs per month from the Optical Gallery cum Optometric Clinic, which has vision therapy - as a low vision specialist, and has been granted loan sanction by PNB, Anna Nagar Branch, Chennai.",Bank Statement,True
69778b6f5dbe0abc9824694d,fe41d203-6fb1-476c-bbfd-3f3d4e6c5ea7,Stand-Up India,https://www.standupmitra.in/,Karnataka,Early,Small,Agri,"- Gaining experience from her father in law, the promoteur is able to stand alone as an optometrist after gaining experience from him. She has seen the website and learnt about the Anna Nagar branch extending STAND UP INDIA scheme and approached directly. According to the promoteur, she never dreamt of getting loan sanctioned in shortest time, which is why she is very happy and able to earn Rs.1 lakhs per month from the Optical Gallery cum Optometric Clinic, which has vision therapy - as a low v",GST Certificate,True
69778b6f5dbe0abc9824694e,4b67a863-9cda-461d-89c9-036241796a19,Stand-Up India,https://www.standupmitra.in/,Karnataka,Early,Small,Agri,"- Gaining experience from her father in law, the promoteur is able to stand alone as an optometrist after gaining experience from him. She has seen the website and learnt about the Anna Nagar branch extending STAND UP INDIA scheme and approached directly. According to the promoteur, she never dreamt of getting loan sanctioned in shortest time, which is why she is very happy and able to earn Rs.1 lakhs per month from the Optical Gallery cum Optometric Clinic, which has vision therapy - as a low v",Udyam Certificate,True
69778b6f5dbe0abc9824694f,dc24684f-4cf0-48a7-99df-43ed6ac74091,Stand-Up India,https://www.standupmitra.in/,Karnataka,Early,Small,Agri,"- Gaining experience from her father in law, the promoteur is able to stand alone as an optometrist after gaining experience from him. She has seen the website and learnt about the Anna Nagar branch extending STAND UP INDIA scheme and approached directly. According to the promoteur, she never dreamt of getting loan sanctioned in shortest time, which is why she is very happy and able to earn Rs.1 lakhs per month from the Optical Gallery cum Optometric Clinic, which has vision therapy - as a low v",Bank Statement,True
69778b6f5dbe0abc98246950,69487d4b-fdf9-4d30-be2c-c73829908d15,Stand-Up India,https://www.standupmitra.in/,Karnataka,Early,Small,Agri,,GST Certificate,True
69778b6f5dbe0abc98246951,22b73a99-5b34-46ae-b47b-c0f7e58de749,Stand-Up India,https://www.standupmitra.in/,Karnataka,Early,Small,Agri,,Udyam Certificate,True
69778b6f5dbe0abc98246952,34478909-debe-47b7-a2ea-c64bd5872957,Stand-Up India,https://www.standupmitra.in/,Karnataka,Early,Small,Agri,,Bank Statement,True
69778b6f5dbe0abc98246953,e7733e7a-5e9e-4b52-9818-be2dba581262,Stand-Up India,https://www.standupmitra.in/,Karnataka,Early,Small,Agri,,GST Certificate,True
69778b6f5dbe0abc98246954,0daac096-d10d-4f2c-8281-850fd473b5e1,Stand-Up India,https://www.standupmitra.in/,Karnataka,Early,Small,Agri,,Udyam Certificate,True
69778b6f5dbe0abc98246955,8cd972b2-e0f6-47d2-a778-2c7628e2119b,Stand-Up India,https://www.standupmitra.in/,Karnataka,Early,Small,Agri,,Bank Statement,True
69778b6f5dbe0abc98246956,daaee1b7-f15c-4ec6-a90b-f61813fb9ec8,Stand-Up India,https://www.standupmitra.in/,Karnataka,Early,Medium,Manufacturing,Extract:,GST Certificate,True
69778b6f5dbe0abc98246957,7d3cebf7-1f0e-48e3-ac96-51823fb1af54,Stand-Up India,https://www.standupmitra.in/,Karnataka,Early,Medium,Manufacturing,Extract:,Udyam Certificate,True
69778b6f5dbe0abc98246958,2e2fa055-e899-4387-b201-190d211a0ac0,Stand-Up India,https://www.standupmitra.in/,Karnataka,Early,Medium,Manufacturing,Extract:,Bank Statement,True
69778b6f5dbe0abc98246959,01662953-48ae-4bcd-a28a-8e26ec34ba7b,Stand-Up India,https://www.standupmitra.in/,Karnataka,Early,Medium,Manufacturing,- Eligibility criteria,GST Certificate,True
69778b6f5dbe0abc9824695a,97cb073e-556b-4a17-9cae-ee1f1f161edd,Stand-Up India,https://www.standupmitra.in/,Karnataka,Early,Medium,Manufacturing,- Eligibility criteria,Udyam Certificate,True
69778b6f5dbe0abc9824695b,4a927f54-157a-4c41-a772-fe489cf6812c,Stand-Up India,https://www.standupmitra.in/,Karnataka,Early,Medium,Manufacturing,- Eligibility criteria,Bank Statement,True
69778b6f5dbe0abc9824695c,24c80763-001c-41eb-a36a-f49e18017b5f,Stand-Up India,https://www.standupmitra.in/,Karnataka,Early,Medium,Manufacturing,- Required documents,GST Certificate,True
69778b6f5dbe0abc9824695d,a9ce6baf-8f3c-44b1-8c59-b8a85352f23a,Stand-Up India,https://www.standupmitra.in/,Karnataka,Early,Medium,Manufacturing,- Required documents,Udyam Certificate,True
69778b6f5dbe0abc9824695e,6c5b6984-3c04-4f94-9977-4a265480bb8d,Stand-Up India,https://www.standupmitra.in/,Karnataka,Early,Medium,Manufacturing,- Required documents,Bank Statement,True
69778b6f5dbe0abc9824695f,cd0e48a1-5ea1-4b46-b4e9-aba4bbae8d28,Stand-Up India,https://www.standupmitra.in/,Karnataka,Early,Medium,Manufacturing,Return as bullet points.,GST Certificate,True
69778b6f5dbe0abc98246960,91452619-cc45-4f98-86f6-25fcbe819224,Stand-Up India,https://www.standupmitra.in/,Karnataka,Early,Medium,Manufacturing,Return as bullet points.,Udyam Certificate,True
69778b6f5dbe0abc98246961,3f08c0ba-b1ad-4fac-9754-d85f93178ae9,Stand-Up India,https://www.standupmitra.in/,Karnataka,Early,Medium,Manufacturing,Return as bullet points.,Bank Statement,True
69778b6f5dbe0abc98246962,7af9f752-6080-450c-bbc5-66cd850ba6b7,Stand-Up India,https://www.standupmitra.in/,Karnataka,Early,Medium,Manufacturing,,GST Certificate,True
69778b6f5dbe0abc98246963,d4c04e0d-2daf-4660-bbb4-e4480c1920c4,Stand-Up India,https://www.standupmitra.in/,Karnataka,Early,Medium,Manufacturing,,Udyam Certificate,True
69778b6f5dbe0abc98246964,152bc58c-e8d9-41f8-a81c-1f5946a433b7,Stand-Up India,https://www.standupmitra.in/,Karnataka,Early,Medium,Manufacturing,,Bank Statement,True
69778b6f5dbe0abc98246965,98e4274d-482c-44af-9b37-b52eaf7d96e1,Stand-Up India,https://www.standupmitra.in/,Karnataka,Early,Medium,Manufacturing,TEXT:,GST Certificate,True
69778b6f5dbe0abc98246966,7d1f9a75-009f-484d-8a00-3caaab25d1e9,Stand-Up India,https://www.standupmitra.in/,Karnataka,Early,Medium,Manufacturing,TEXT:,Udyam Certificate,True
69778b6f5dbe0abc98246967,2f947d1b-55a5-4af5-940f-b88079fd686b,Stand-Up India,https://www.standupmitra.in/,Karnataka,Early,Medium,Manufacturing,TEXT:,Bank Statement,True
69778b6f5dbe0abc98246968,9b242579-8e6d-419a-9e1f-7e96f09255b2,Stand-Up India,https://www.standupmitra.in/,Karnataka,Early,Medium,Manufacturing,StandupIndia Login Applicaunt Login Applicaant Registration Other Users Home About Us Stand-Up India Scheme facilitate...,GST Certificate,True
69778b6f5dbe0abc98246969,08c3db1c-728d-4bc5-8087-3897ed45912c,Stand-Up India,https://www.standupmitra.in/,Karnataka,Early,Medium,Manufacturing,StandupIndia Login Applicaunt Login Applicaant Registration Other Users Home About Us Stand-Up India Scheme facilitate...,Udyam Certificate,True
69778b6f5dbe0abc9824696a,fed5278f-e299-44da-9d2a-8e1e50ee1fa7,Stand-Up India,https://www.standupmitra.in/,Karnataka,Early,Medium,Manufacturing,StandupIndia Login Applicaunt Login Applicaant Registration Other Users Home About Us Stand-Up India Scheme facilitate...,Bank Statement,True
69778b6f5dbe0abc9824696b,2b3250d2-234c-4e91-8ccf-9adb2b503478,Stand-Up India,https://www.standupmitra.in/,Karnataka,Early,Medium,Manufacturing,,GST Certificate,True
69778b6f5dbe0abc9824696c,c1aaba12-6480-4468-bc55-48057bdd688d,Stand-Up India,https://www.standupmitra.in/,Karnataka,Early,Medium,Manufacturing,,Udyam Certificate,True
69778b6f5dbe0abc9824696d,404418be-5dfa-4190-aa2f-cb84cb8d43a2,Stand-Up India,https://www.standupmitra.in/,Karnataka,Early,Medium,Manufacturing,,Bank Statement,True
69778b6f5dbe0abc9824696e,4475a8c1-ddd2-4f45-9a98-4ab97b70fa90,Stand-Up India,https://www.standupmitra.in/,Karnataka,Early,Medium,Manufacturing,"Communities Stand-up India Scheme facilitates bank loan between ₹10 lakhs and ₹1 crore for Applicants to establish a greenfield enterprise. The Borrower Type Loans to SC/ST and Women Entrepreneurs with at least 51% of the shareholding and controlling stake, either an SC/ST or woman entrepreneur. Salient Features:",GST Certificate,True
69778b6f5dbe0abc9824696f,c8f60523-aed3-441d-82c0-b328042a0a7e,Stand-Up India,https://www.standupmitra.in/,Karnataka,Early,Medium,Manufacturing,"Communities Stand-up India Scheme facilitates bank loan between ₹10 lakhs and ₹1 crore for Applicants to establish a greenfield enterprise. The Borrower Type Loans to SC/ST and Women Entrepreneurs with at least 51% of the shareholding and controlling stake, either an SC/ST or woman entrepreneur. Salient Features:",Udyam Certificate,True
69778b6f5dbe0abc98246970,e37900fd-5bab-4a8f-a695-3f7e2c4db88e,Stand-Up India,https://www.standupmitra.in/,Karnataka,Early,Medium,Manufacturing,"Communities Stand-up India Scheme facilitates bank loan between ₹10 lakhs and ₹1 crore for Applicants to establish a greenfield enterprise. The Borrower Type Loans to SC/ST and Women Entrepreneurs with at least 51% of the shareholding and controlling stake, either an SC/ST or woman entrepreneur. Salient Features:",Bank Statement,True
69778b6f5dbe0abc98246971,dac32501-2919-4bbb-ac54-8cf7b8b81032,Stand-Up India,https://www.standupmitra.in/,Karnataka,Early,Medium,Manufacturing,- Loans of between ₹10 lakhs to ₹1 crore for Applicants.,GST Certificate,True
69778b6f5dbe0abc98246972,5f8c38ae-5eee-4e9b-8d20-b5b3b534d301,Stand-Up India,https://www.standupmitra.in/,Karnataka,Early,Medium,Manufacturing,- Loans of between ₹10 lakhs to ₹1 crore for Applicants.,Udyam Certificate,True
69778b6f5dbe0abc98246973,51111e1e-aba0-4f64-bc1c-d541fa16d755,Stand-Up India,https://www.standupmitra.in/,Karnataka,Early,Medium,Manufacturing,- Loans of between ₹10 lakhs to ₹1 crore for Applicants.,Bank Statement,True
69778b6f5dbe0abc98246974,7f6610c5-28c7-4c89-88be-9ac674268ce8,Stand-Up India,https://www.standupmitra.in/,Karnataka,Early,Medium,Manufacturing,- Enterprise loans for setting up a greenfield enterprise.,GST Certificate,True
69778b6f5dbe0abc98246975,58f2a3e8-1230-484f-b687-123da76997b3,Stand-Up India,https://www.standupmitra.in/,Karnataka,Early,Medium,Manufacturing,- Enterprise loans for setting up a greenfield enterprise.,Udyam Certificate,True
69778b6f5dbe0abc98246976,16f7683e-fbc7-48ff-9c50-305a45e1324b,Stand-Up India,https://www.standupmitra.in/,Karnataka,Early,Medium,Manufacturing,- Enterprise loans for setting up a greenfield enterprise.,Bank Statement,True
69778b6f5dbe0abc98246977,323a5c81-57c3-4380-bcb3-4ab74f35bfb9,Stand-Up India,https://www.standupmitra.in/,Karnataka,Early,Medium,Manufacturing,- Loan size is from ₹10 lakhs to ₹1 crore.,GST Certificate,True
69778b6f5dbe0abc98246978,be2b6d45-ebb1-424b-9a62-70a7194c2bc2,Stand-Up India,https://www.standupmitra.in/,Karnataka,Early,Medium,Manufacturing,- Loan size is from ₹10 lakhs to ₹1 crore.,Udyam Certificate,True
69778b6f5dbe0abc98246979,015c3b5b-b86a-42d6-970b-823c36f92fcc,Stand-Up India,https://www.standupmitra.in/,Karnataka,Early,Medium,Manufacturing,- Loan size is from ₹10 lakhs to ₹1 crore.,Bank Statement,True
69778b6f5dbe0abc9824697a,bf8e4d04-cda9-46a3-80b5-405d513217cb,Stand-Up India,https://www.standupmitra.in/,Karnataka,Early,Medium,Manufacturing,- Comprises a composite loan (including Term Loan and Working Capital).,GST Certificate,True
69778b6f5dbe0abc9824697b,8b0d8547-6041-4a66-ac29-db920fe7326f,Stand-Up India,https://www.standupmitra.in/,Karnataka,Early,Medium,Manufacturing,- Comprises a composite loan (including Term Loan and Working Capital).,Udyam Certificate,True
69778b6f5dbe0abc9824697c,56a5adb8-dc37-4636-8d10-3f6be8c7c064,Stand-Up India,https://www.standupmitra.in/,Karnataka,Early,Medium,Manufacturing,- Comprises a composite loan (including Term Loan and Working Capital).,Bank Statement,True
69778b6f5dbe0abc9824697d,1fd29bc5-339c-49a7-8896-8ced8a46423d,Stand-Up India,https://www.standupmitra.in/,Karnataka,Early,Medium,Manufacturing,"- Key Elements: Stand-Up India Ecosystem, Promoter Contribution of 15%, Marginal Money security cover under Credit Guarantee Fund Scheme for Stand-Up India Loans (CGFSIL). Impact Stories:",GST Certificate,True
69778b6f5dbe0abc9824697e,1c180723-bae1-4a90-96a3-269b7ed24e90,Stand-Up India,https://www.standupmitra.in/,Karnataka,Early,Medium,Manufacturing,"- Key Elements: Stand-Up India Ecosystem, Promoter Contribution of 15%, Marginal Money security cover under Credit Guarantee Fund Scheme for Stand-Up India Loans (CGFSIL). Impact Stories:",Udyam Certificate,True
69778b6f5dbe0abc9824697f,ef8904d1-7dae-480b-a7ae-cdc82854988f,Stand-Up India,https://www.standupmitra.in/,Karnataka,Early,Medium,Manufacturing,"- Key Elements: Stand-Up India Ecosystem, Promoter Contribution of 15%, Marginal Money security cover under Credit Guarantee Fund Scheme for Stand-Up India Loans (CGFSIL). Impact Stories:",Bank Statement,True
69778b6f5dbe0abc98246980,7f8bad90-ac46-41f1-8867-88e572e3a71a,Stand-Up India,https://www.standupmitra.in/,Karnataka,Early,Medium,Manufacturing,"- Prometheus is the beneficiary under STAND UP INDIA loan scheme. She has been given a loan for setting up of an Optometric clinic with vision therapy as she is a low vision therapist. As per the promoteur, she can earn Rs.1 lakhs per month from the Optical Gallery cum Optometric Clinic, which has vision therapy - as a low vision specialist, and has been granted loan sanction by PNB, Anna Nagar Branch, Chennai.",GST Certificate,True
69778b6f5dbe0abc98246981,2e07452c-bc9b-4d0e-955f-62a860bf55a0,Stand-Up India,https://www.standupmitra.in/,Karnataka,Early,Medium,Manufacturing,"- Prometheus is the beneficiary under STAND UP INDIA loan scheme. She has been given a loan for setting up of an Optometric clinic with vision therapy as she is a low vision therapist. As per the promoteur, she can earn Rs.1 lakhs per month from the Optical Gallery cum Optometric Clinic, which has vision therapy - as a low vision specialist, and has been granted loan sanction by PNB, Anna Nagar Branch, Chennai.",Udyam Certificate,True
69778b6f5dbe0abc98246982,67226702-dbd6-428a-9b61-7f79ed198958,Stand-Up India,https://www.standupmitra.in/,Karnataka,Early,Medium,Manufacturing,"- Prometheus is the beneficiary under STAND UP INDIA loan scheme. She has been given a loan for setting up of an Optometric clinic with vision therapy as she is a low vision therapist. As per the promoteur, she can earn Rs.1 lakhs per month from the Optical Gallery cum Optometric Clinic, which has vision therapy - as a low vision specialist, and has been granted loan sanction by PNB, Anna Nagar Branch, Chennai.",Bank Statement,True
69778b6f5dbe0abc98246983,eb73a1b4-45e0-4e2c-991d-d12bca11600d,Stand-Up India,https://www.standupmitra.in/,Karnataka,Early,Medium,Manufacturing,"- Gaining experience from her father in law, the promoteur is able to stand alone as an optometrist after gaining experience from him. She has seen the website and learnt about the Anna Nagar branch extending STAND UP INDIA scheme and approached directly. According to the promoteur, she never dreamt of getting loan sanctioned in shortest time, which is why she is very happy and able to earn Rs.1 lakhs per month from the Optical Gallery cum Optometric Clinic, which has vision therapy - as a low v",GST Certificate,True
69778b6f5dbe0abc98246984,f9429c28-aa87-4a39-90a2-d90435e25004,Stand-Up India,https://www.standupmitra.in/,Karnataka,Early,Medium,Manufacturing,"- Gaining experience from her father in law, the promoteur is able to stand alone as an optometrist after gaining experience from him. She has seen the website and learnt about the Anna Nagar branch extending STAND UP INDIA scheme and approached directly. According to the promoteur, she never dreamt of getting loan sanctioned in shortest time, which is why she is very happy and able to earn Rs.1 lakhs per month from the Optical Gallery cum Optometric Clinic, which has vision therapy - as a low v",Udyam Certificate,True
69778b6f5dbe0abc98246985,5f1acb8b-54c4-4132-b33f-e07db5efba73,Stand-Up India,https://www.standupmitra.in/,Karnataka,Early,Medium,Manufacturing,"- Gaining experience from her father in law, the promoteur is able to stand alone as an optometrist after gaining experience from him. She has seen the website and learnt about the Anna Nagar branch extending STAND UP INDIA scheme and approached directly. According to the promoteur, she never dreamt of getting loan sanctioned in shortest time, which is why she is very happy and able to earn Rs.1 lakhs per month from the Optical Gallery cum Optometric Clinic, which has vision therapy - as a low v",Bank Statement,True
69778b6f5dbe0abc98246986,0df8f619-bd2e-4740-be57-82258b5d5fe3,Stand-Up India,https://www.standupmitra.in/,Karnataka,Early,Medium,Manufacturing,,GST Certificate,True
69778b6f5dbe0abc98246987,be02bbb1-3302-4faa-9c9f-42da274181dd,Stand-Up India,https://www.standupmitra.in/,Karnataka,Early,Medium,Manufacturing,,Udyam Certificate,True
69778b6f5dbe0abc98246988,85ba1306-5205-499d-99a0-d85ff5b89a61,Stand-Up India,https://www.standupmitra.in/,Karnataka,Early,Medium,Manufacturing,,Bank Statement,True
69778b6f5dbe0abc98246989,7f137521-7a85-4122-899f-5b8b988229f2,Stand-Up India,https://www.standupmitra.in/,Karnataka,Early,Medium,Manufacturing,,GST Certificate,True
69778b6f5dbe0abc9824698a,da739c82-9f92-45be-a1be-76f05f151dd0,Stand-Up India,https://www.standupmitra.in/,Karnataka,Early,Medium,Manufacturing,,Udyam Certificate,True
69778b6f5dbe0abc9824698b,b3496313-6074-4376-9663-eb2335f3ab68,Stand-Up India,https://www.standupmitra.in/,Karnataka,Early,Medium,Manufacturing,,Bank Statement,True
69778b6f5dbe0abc9824698c,bd9cfef5-01db-46c5-80cc-293c7c6f8730,Stand-Up India,https://www.standupmitra.in/,Karnataka,Early,Medium,Service,Extract:,GST Certificate,True
69778b6f5dbe0abc9824698d,f293e52d-de75-4989-bf7d-867c6ae7cfe9,Stand-Up India,https://www.standupmitra.in/,Karnataka,Early,Medium,Service,Extract:,Udyam Certificate,True
69778b6f5dbe0abc9824698e,348e6f71-1d8c-4b9c-924f-291691cc2ca5,Stand-Up India,https://www.standupmitra.in/,Karnataka,Early,Medium,Service,Extract:,Bank Statement,True
69778b6f5dbe0abc9824698f,b60db8b3-8da4-4d05-8eed-c76708f04d1c,Stand-Up India,https://www.standupmitra.in/,Karnataka,Early,Medium,Service,- Eligibility criteria,GST Certificate,True
69778b6f5dbe0abc98246990,f1e482d1-c6ea-46b7-b15c-c9c14005026f,Stand-Up India,https://www.standupmitra.in/,Karnataka,Early,Medium,Service,- Eligibility criteria,Udyam Certificate,True
69778b6f5dbe0abc98246991,64505b03-404f-4306-95fb-5d424071a03b,Stand-Up India,https://www.standupmitra.in/,Karnataka,Early,Medium,Service,- Eligibility criteria,Bank Statement,True
69778b6f5dbe0abc98246992,76266cd2-1628-4c78-82b6-abb65338e077,Stand-Up India,https://www.standupmitra.in/,Karnataka,Early,Medium,Service,- Required documents,GST Certificate,True
69778b6f5dbe0abc98246993,78020282-8364-48c5-9a84-2e681f797509,Stand-Up India,https://www.standupmitra.in/,Karnataka,Early,Medium,Service,- Required documents,Udyam Certificate,True
69778b6f5dbe0abc98246994,ccbf0233-bd2d-4c0f-9bcf-cb3484aea432,Stand-Up India,https://www.standupmitra.in/,Karnataka,Early,Medium,Service,- Required documents,Bank Statement,True
69778b6f5dbe0abc98246995,27a34fe3-9f1c-4aaf-8a80-3c5ac657ceec,Stand-Up India,https://www.standupmitra.in/,Karnataka,Early,Medium,Service,Return as bullet points.,GST Certificate,True
69778b6f5dbe0abc98246996,06df2f88-f2e0-4d62-942c-90a1d93b454a,Stand-Up India,https://www.standupmitra.in/,Karnataka,Early,Medium,Service,Return as bullet points.,Udyam Certificate,True
69778b6f5dbe0abc98246997,ce8253ab-4fa8-4b3e-b0d0-d3a0040900af,Stand-Up India,https://www.standupmitra.in/,Karnataka,Early,Medium,Service,Return as bullet points.,Bank Statement,True
69778b6f5dbe0abc98246998,ab1e4421-4fff-4512-8cf0-1f3b4cff5f71,Stand-Up India,https://www.standupmitra.in/,Karnataka,Early,Medium,Service,,GST Certificate,True
69778b6f5dbe0abc98246999,63fafb5e-aeab-4cc3-a306-9635755d15cc,Stand-Up India,https://www.standupmitra.in/,Karnataka,Early,Medium,Service,,Udyam Certificate,True
69778b6f5dbe0abc9824699a,acc907a3-558d-4b9f-8ac3-cf73b6b95486,Stand-Up India,https://www.standupmitra.in/,Karnataka,Early,Medium,Service,,Bank Statement,True
69778b6f5dbe0abc9824699b,87db9190-3a4e-4d4c-8d83-fe4c3c456d91,Stand-Up India,https://www.standupmitra.in/,Karnataka,Early,Medium,Service,TEXT:,GST Certificate,True
69778b6f5dbe0abc9824699c,e1f09eb5-a2d6-4c3a-9e09-f53c2bdc9b5e,Stand-Up India,https://www.standupmitra.in/,Karnataka,Early,Medium,Service,TEXT:,Udyam Certificate,True
69778b6f5dbe0abc9824699d,bf01dfe5-f421-447d-ba21-1abf5e545008,Stand-Up India,https://www.standupmitra.in/,Karnataka,Early,Medium,Service,TEXT:,Bank Statement,True
69778b6f5dbe0abc9824699e,694cc8e2-2d2a-4350-9c2f-44d511f46856,Stand-Up India,https://www.standupmitra.in/,Karnataka,Early,Medium,Service,StandupIndia Login Applicaunt Login Applicaant Registration Other Users Home About Us Stand-Up India Scheme facilitate...,GST Certificate,True
69778b6f5dbe0abc9824699f,1b1011bf-185a-454f-befe-575f6de65ecb,Stand-Up India,https://www.standupmitra.in/,Karnataka,Early,Medium,Service,StandupIndia Login Applicaunt Login Applicaant Registration Other Users Home About Us Stand-Up India Scheme facilitate...,Udyam Certificate,True
69778b6f5dbe0abc982469a0,7bd6f36b-79b8-4898-978e-885a39363dbd,Stand-Up India,https://www.standupmitra.in/,Karnataka,Early,Medium,Service,StandupIndia Login Applicaunt Login Applicaant Registration Other Users Home About Us Stand-Up India Scheme facilitate...,Bank Statement,True
69778b6f5dbe0abc982469a1,12b53c7d-759b-42c2-9291-089b40cbeb6a,Stand-Up India,https://www.standupmitra.in/,Karnataka,Early,Medium,Service,,GST Certificate,True
69778b6f5dbe0abc982469a2,09cedab9-f6a1-465f-a651-d540901cc5c6,Stand-Up India,https://www.standupmitra.in/,Karnataka,Early,Medium,Service,,Udyam Certificate,True
69778b6f5dbe0abc982469a3,c9adaf9d-1316-4540-aaea-3481003d7d3c,Stand-Up India,https://www.standupmitra.in/,Karnataka,Early,Medium,Service,,Bank Statement,True
69778b6f5dbe0abc982469a4,79b75ee6-603b-466e-8f30-a3637660021c,Stand-Up India,https://www.standupmitra.in/,Karnataka,Early,Medium,Service,"Communities Stand-up India Scheme facilitates bank loan between ₹10 lakhs and ₹1 crore for Applicants to establish a greenfield enterprise. The Borrower Type Loans to SC/ST and Women Entrepreneurs with at least 51% of the shareholding and controlling stake, either an SC/ST or woman entrepreneur. Salient Features:",GST Certificate,True
69778b6f5dbe0abc982469a5,0cd65305-5659-41dd-bb40-fcbb10442f43,Stand-Up India,https://www.standupmitra.in/,Karnataka,Early,Medium,Service,"Communities Stand-up India Scheme facilitates bank loan between ₹10 lakhs and ₹1 crore for Applicants to establish a greenfield enterprise. The Borrower Type Loans to SC/ST and Women Entrepreneurs with at least 51% of the shareholding and controlling stake, either an SC/ST or woman entrepreneur. Salient Features:",Udyam Certificate,True
69778b6f5dbe0abc982469a6,f7e4bfc6-f621-48c7-8b60-5df7df8fd319,Stand-Up India,https://www.standupmitra.in/,Karnataka,Early,Medium,Service,"Communities Stand-up India Scheme facilitates bank loan between ₹10 lakhs and ₹1 crore for Applicants to establish a greenfield enterprise. The Borrower Type Loans to SC/ST and Women Entrepreneurs with at least 51% of the shareholding and controlling stake, either an SC/ST or woman entrepreneur. Salient Features:",Bank Statement,True
69778b6f5dbe0abc982469a7,f2108e04-e718-4c38-b737-174dfa7a5020,Stand-Up India,https://www.standupmitra.in/,Karnataka,Early,Medium,Service,- Loans of between ₹10 lakhs to ₹1 crore for Applicants.,GST Certificate,True
69778b6f5dbe0abc982469a8,25322fbd-5820-4c83-afff-333111a3a955,Stand-Up India,https://www.standupmitra.in/,Karnataka,Early,Medium,Service,- Loans of between ₹10 lakhs to ₹1 crore for Applicants.,Udyam Certificate,True
69778b6f5dbe0abc982469a9,1cafef29-61c1-4113-ac2e-1e852adfc768,Stand-Up India,https://www.standupmitra.in/,Karnataka,Early,Medium,Service,- Loans of between ₹10 lakhs to ₹1 crore for Applicants.,Bank Statement,True
69778b6f5dbe0abc982469aa,7bc12bbb-497e-4843-9761-32506561cabd,Stand-Up India,https://www.standupmitra.in/,Karnataka,Early,Medium,Service,- Enterprise loans for setting up a greenfield enterprise.,GST Certificate,True
69778b6f5dbe0abc982469ab,578aaa93-3b7d-4fd9-8405-f5b8417a247d,Stand-Up India,https://www.standupmitra.in/,Karnataka,Early,Medium,Service,- Enterprise loans for setting up a greenfield enterprise.,Udyam Certificate,True
69778b6f5dbe0abc982469ac,5f3fc04d-b649-4844-a8d8-0192084827db,Stand-Up India,https://www.standupmitra.in/,Karnataka,Early,Medium,Service,- Enterprise loans for setting up a greenfield enterprise.,Bank Statement,True
69778b6f5dbe0abc982469ad,0c16f29e-a538-42fd-8b54-9f444722e264,Stand-Up India,https://www.standupmitra.in/,Karnataka,Early,Medium,Service,- Loan size is from ₹10 lakhs to ₹1 crore.,GST Certificate,True
69778b6f5dbe0abc982469ae,ca801567-e0d9-4b30-847d-f5839c3dc03e,Stand-Up India,https://www.standupmitra.in/,Karnataka,Early,Medium,Service,- Loan size is from ₹10 lakhs to ₹1 crore.,Udyam Certificate,True
69778b6f5dbe0abc982469af,02881246-2aa9-48a4-b2c9-ea835eb2100a,Stand-Up India,https://www.standupmitra.in/,Karnataka,Early,Medium,Service,- Loan size is from ₹10 lakhs to ₹1 crore.,Bank Statement,True
69778b6f5dbe0abc982469b0,39849054-5c32-421d-bd78-98086ae82afe,Stand-Up India,https://www.standupmitra.in/,Karnataka,Early,Medium,Service,- Comprises a composite loan (including Term Loan and Working Capital).,GST Certificate,True
69778b6f5dbe0abc982469b1,cf83254f-d0ef-498f-b082-d07d3e95309b,Stand-Up India,https://www.standupmitra.in/,Karnataka,Early,Medium,Service,- Comprises a composite loan (including Term Loan and Working Capital).,Udyam Certificate,True
69778b6f5dbe0abc982469b2,473b50b9-c649-4dd2-89dc-021006a00b8a,Stand-Up India,https://www.standupmitra.in/,Karnataka,Early,Medium,Service,- Comprises a composite loan (including Term Loan and Working Capital).,Bank Statement,True
69778b6f5dbe0abc982469b3,a165d297-6862-4d3e-80ce-31cd2a4627a3,Stand-Up India,https://www.standupmitra.in/,Karnataka,Early,Medium,Service,"- Key Elements: Stand-Up India Ecosystem, Promoter Contribution of 15%, Marginal Money security cover under Credit Guarantee Fund Scheme for Stand-Up India Loans (CGFSIL). Impact Stories:",GST Certificate,True
69778b6f5dbe0abc982469b4,790a5694-cac8-4e91-b910-c48886354d92,Stand-Up India,https://www.standupmitra.in/,Karnataka,Early,Medium,Service,"- Key Elements: Stand-Up India Ecosystem, Promoter Contribution of 15%, Marginal Money security cover under Credit Guarantee Fund Scheme for Stand-Up India Loans (CGFSIL). Impact Stories:",Udyam Certificate,True
69778b6f5dbe0abc982469b5,c1c2f9b9-98a4-4ee1-b365-dd98e4bce95b,Stand-Up India,https://www.standupmitra.in/,Karnataka,Early,Medium,Service,"- Key Elements: Stand-Up India Ecosystem, Promoter Contribution of 15%, Marginal Money security cover under Credit Guarantee Fund Scheme for Stand-Up India Loans (CGFSIL). Impact Stories:",Bank Statement,True
69778b6f5dbe0abc982469b6,ed567927-324a-47ee-a15b-8f0db1b220a5,Stand-Up India,https://www.standupmitra.in/,Karnataka,Early,Medium,Service,"- Prometheus is the beneficiary under STAND UP INDIA loan scheme. She has been given a loan for setting up of an Optometric clinic with vision therapy as she is a low vision therapist. As per the promoteur, she can earn Rs.1 lakhs per month from the Optical Gallery cum Optometric Clinic, which has vision therapy - as a low vision specialist, and has been granted loan sanction by PNB, Anna Nagar Branch, Chennai.",GST Certificate,True
69778b6f5dbe0abc982469b7,8d0005c9-0795-473b-87a5-7d7d4d4f9c93,Stand-Up India,https://www.standupmitra.in/,Karnataka,Early,Medium,Service,"- Prometheus is the beneficiary under STAND UP INDIA loan scheme. She has been given a loan for setting up of an Optometric clinic with vision therapy as she is a low vision therapist. As per the promoteur, she can earn Rs.1 lakhs per month from the Optical Gallery cum Optometric Clinic, which has vision therapy - as a low vision specialist, and has been granted loan sanction by PNB, Anna Nagar Branch, Chennai.",Udyam Certificate,True
69778b6f5dbe0abc982469b8,397251eb-5374-48b2-98a9-078655f431f1,Stand-Up India,https://www.standupmitra.in/,Karnataka,Early,Medium,Service,"- Prometheus is the beneficiary under STAND UP INDIA loan scheme. She has been given a loan for setting up of an Optometric clinic with vision therapy as she is a low vision therapist. As per the promoteur, she can earn Rs.1 lakhs per month from the Optical Gallery cum Optometric Clinic, which has vision therapy - as a low vision specialist, and has been granted loan sanction by PNB, Anna Nagar Branch, Chennai.",Bank Statement,True
69778b6f5dbe0abc982469b9,ba604e30-eb4c-443f-8067-89abc7ee7146,Stand-Up India,https://www.standupmitra.in/,Karnataka,Early,Medium,Service,"- Gaining experience from her father in law, the promoteur is able to stand alone as an optometrist after gaining experience from him. She has seen the website and learnt about the Anna Nagar branch extending STAND UP INDIA scheme and approached directly. According to the promoteur, she never dreamt of getting loan sanctioned in shortest time, which is why she is very happy and able to earn Rs.1 lakhs per month from the Optical Gallery cum Optometric Clinic, which has vision therapy - as a low v",GST Certificate,True
69778b6f5dbe0abc982469ba,59cb15bd-99ad-4fe4-b163-1228afcf4547,Stand-Up India,https://www.standupmitra.in/,Karnataka,Early,Medium,Service,"- Gaining experience from her father in law, the promoteur is able to stand alone as an optometrist after gaining experience from him. She has seen the website and learnt about the Anna Nagar branch extending STAND UP INDIA scheme and approached directly. According to the promoteur, she never dreamt of getting loan sanctioned in shortest time, which is why she is very happy and able to earn Rs.1 lakhs per month from the Optical Gallery cum Optometric Clinic, which has vision therapy - as a low v",Udyam Certificate,True
69778b6f5dbe0abc982469bb,3909d69b-14ab-4d0b-8d85-ef894939aeea,Stand-Up India,https://www.standupmitra.in/,Karnataka,Early,Medium,Service,"- Gaining experience from her father in law, the promoteur is able to stand alone as an optometrist after gaining experience from him. She has seen the website and learnt about the Anna Nagar branch extending STAND UP INDIA scheme and approached directly. According to the promoteur, she never dreamt of getting loan sanctioned in shortest time, which is why she is very happy and able to earn Rs.1 lakhs per month from the Optical Gallery cum Optometric Clinic, which has vision therapy - as a low v",Bank Statement,True
69778b6f5dbe0abc982469bc,f3c48563-fcfb-4201-9aa9-4aa79bf8e054,Stand-Up India,https://www.standupmitra.in/,Karnataka,Early,Medium,Service,,GST Certificate,True
69778b6f5dbe0abc982469bd,7a294719-97d5-4278-92c2-08c7a22110bf,Stand-Up India,https://www.standupmitra.in/,Karnataka,Early,Medium,Service,,Udyam Certificate,True
69778b6f5dbe0abc982469be,b4ef94fe-9ab4-4155-b322-4225e1de0eb2,Stand-Up India,https://www.standupmitra.in/,Karnataka,Early,Medium,Service,,Bank Statement,True
69778b6f5dbe0abc982469bf,205a5e04-6ec0-4383-9592-df13d35e6407,Stand-Up India,https://www.standupmitra.in/,Karnataka,Early,Medium,Service,,GST Certificate,True
69778b6f5dbe0abc982469c0,73f01c13-de1a-48bd-b4fe-bf59053280a7,Stand-Up India,https://www.standupmitra.in/,Karnataka,Early,Medium,Service,,Udyam Certificate,True
69778b6f5dbe0abc982469c1,8f7b2178-4e46-4154-a4e4-cb6152ab099f,Stand-Up India,https://www.standupmitra.in/,Karnataka,Early,Medium,Service,,Bank Statement,True
69778b6f5dbe0abc982469c2,0da851a3-7500-4897-88b1-80b7dc6f4452,Stand-Up India,https://www.standupmitra.in/,Karnataka,Early,Medium,Tech,Extract:,GST Certificate,True
69778b6f5dbe0abc982469c3,fe202750-34d8-4101-acbe-ab81167f249b,Stand-Up India,https://www.standupmitra.in/,Karnataka,Early,Medium,Tech,Extract:,Udyam Certificate,True
69778b6f5dbe0abc982469c4,4bedd314-a39c-4746-bfb2-d3d4ec8e1e5f,Stand-Up India,https://www.standupmitra.in/,Karnataka,Early,Medium,Tech,Extract:,Bank Statement,True
69778b6f5dbe0abc982469c5,ffc848c0-9599-45d5-9e4b-dbb64dbba2c0,Stand-Up India,https://www.standupmitra.in/,Karnataka,Early,Medium,Tech,- Eligibility criteria,GST Certificate,True
69778b6f5dbe0abc982469c6,7651b2a3-ab77-41dd-9bb5-289a7df36b78,Stand-Up India,https://www.standupmitra.in/,Karnataka,Early,Medium,Tech,- Eligibility criteria,Udyam Certificate,True
69778b6f5dbe0abc982469c7,8622226c-c0e3-4e24-a845-ac1e2e8bd229,Stand-Up India,https://www.standupmitra.in/,Karnataka,Early,Medium,Tech,- Eligibility criteria,Bank Statement,True
69778b6f5dbe0abc982469c8,d09cea1e-6704-42ef-b9b3-089e2b3c147d,Stand-Up India,https://www.standupmitra.in/,Karnataka,Early,Medium,Tech,- Required documents,GST Certificate,True
69778b6f5dbe0abc982469c9,42c36311-5bec-4563-b8d3-88c9dd4bba99,Stand-Up India,https://www.standupmitra.in/,Karnataka,Early,Medium,Tech,- Required documents,Udyam Certificate,True
69778b6f5dbe0abc982469ca,680cbc24-e66c-4532-90e9-3f7d123260d9,Stand-Up India,https://www.standupmitra.in/,Karnataka,Early,Medium,Tech,- Required documents,Bank Statement,True
69778b6f5dbe0abc982469cb,d1ed32af-f611-4bfb-880b-a4aa3bfa6f3d,Stand-Up India,https://www.standupmitra.in/,Karnataka,Early,Medium,Tech,Return as bullet points.,GST Certificate,True
69778b6f5dbe0abc982469cc,398ff0f9-3392-4499-8984-e8af70021b70,Stand-Up India,https://www.standupmitra.in/,Karnataka,Early,Medium,Tech,Return as bullet points.,Udyam Certificate,True
69778b6f5dbe0abc982469cd,84f6d636-db2d-4ffb-9458-d31dee9969a6,Stand-Up India,https://www.standupmitra.in/,Karnataka,Early,Medium,Tech,Return as bullet points.,Bank Statement,True
69778b6f5dbe0abc982469ce,6541a096-c379-49b1-984b-d2d7dbb4e531,Stand-Up India,https://www.standupmitra.in/,Karnataka,Early,Medium,Tech,,GST Certificate,True
69778b6f5dbe0abc982469cf,e89db1f5-3fbb-42e0-b6ed-c21727a51859,Stand-Up India,https://www.standupmitra.in/,Karnataka,Early,Medium,Tech,,Udyam Certificate,True
69778b6f5dbe0abc982469d0,3568091e-7d38-4a2d-9401-23c0ece58b04,Stand-Up India,https://www.standupmitra.in/,Karnataka,Early,Medium,Tech,,Bank Statement,True
69778b6f5dbe0abc982469d1,84271bb4-6a4f-4686-bed1-5c4bb1ab7918,Stand-Up India,https://www.standupmitra.in/,Karnataka,Early,Medium,Tech,TEXT:,GST Certificate,True
69778b6f5dbe0abc982469d2,0a88a413-860d-4a3d-953d-6f8a34752460,Stand-Up India,https://www.standupmitra.in/,Karnataka,Early,Medium,Tech,TEXT:,Udyam Certificate,True
69778b6f5dbe0abc982469d3,38e68db0-c8fc-44e7-8335-e3ad2c4df2d1,Stand-Up India,https://www.standupmitra.in/,Karnataka,Early,Medium,Tech,TEXT:,Bank Statement,True
69778b6f5dbe0abc982469d4,de989ab1-dadb-4c2e-bbfd-0b7e4a87401c,Stand-Up India,https://www.standupmitra.in/,Karnataka,Early,Medium,Tech,StandupIndia Login Applicaunt Login Applicaant Registration Other Users Home About Us Stand-Up India Scheme facilitate...,GST Certificate,True
69778b6f5dbe0abc982469d5,7b543885-5acf-4a25-8349-4a235f0ec4d1,Stand-Up India,https://www.standupmitra.in/,Karnataka,Early,Medium,Tech,StandupIndia Login Applicaunt Login Applicaant Registration Other Users Home About Us Stand-Up India Scheme facilitate...,Udyam Certificate,True
69778b6f5dbe0abc982469d6,a5ab421c-5426-4e59-bbb2-6159d6184a70,Stand-Up India,https://www.standupmitra.in/,Karnataka,Early,Medium,Tech,StandupIndia Login Applicaunt Login Applicaant Registration Other Users Home About Us Stand-Up India Scheme facilitate...,Bank Statement,True
69778b6f5dbe0abc982469d7,f59f11dd-399d-43c9-b425-a422e6488879,Stand-Up India,https://www.standupmitra.in/,Karnataka,Early,Medium,Tech,,GST Certificate,True
69778b6f5dbe0abc982469d8,41710d63-8596-4011-a181-e9a617093763,Stand-Up India,https://www.standupmitra.in/,Karnataka,Early,Medium,Tech,,Udyam Certificate,True
69778b6f5dbe0abc982469d9,87441545-af2c-4ad2-bcc8-0490accc2bce,Stand-Up India,https://www.standupmitra.in/,Karnataka,Early,Medium,Tech,,Bank Statement,True
69778b6f5dbe0abc982469da,71dc3544-75aa-4c24-8fbe-8ed00fe030a7,Stand-Up India,https://www.standupmitra.in/,Karnataka,Early,Medium,Tech,"Communities Stand-up India Scheme facilitates bank loan between ₹10 lakhs and ₹1 crore for Applicants to establish a greenfield enterprise. The Borrower Type Loans to SC/ST and Women Entrepreneurs with at least 51% of the shareholding and controlling stake, either an SC/ST or woman entrepreneur. Salient Features:",GST Certificate,True
69778b6f5dbe0abc982469db,bfb82047-5f4a-4677-86d9-95bf174c930f,Stand-Up India,https://www.standupmitra.in/,Karnataka,Early,Medium,Tech,"Communities Stand-up India Scheme facilitates bank loan between ₹10 lakhs and ₹1 crore for Applicants to establish a greenfield enterprise. The Borrower Type Loans to SC/ST and Women Entrepreneurs with at least 51% of the shareholding and controlling stake, either an SC/ST or woman entrepreneur. Salient Features:",Udyam Certificate,True
69778b6f5dbe0abc982469dc,2ac664d6-ae09-4111-872c-d9e615400b43,Stand-Up India,https://www.standupmitra.in/,Karnataka,Early,Medium,Tech,"Communities Stand-up India Scheme facilitates bank loan between ₹10 lakhs and ₹1 crore for Applicants to establish a greenfield enterprise. The Borrower Type Loans to SC/ST and Women Entrepreneurs with at least 51% of the shareholding and controlling stake, either an SC/ST or woman entrepreneur. Salient Features:",Bank Statement,True
69778b6f5dbe0abc982469dd,933c37a4-929b-4347-8ebb-08f020902648,Stand-Up India,https://www.standupmitra.in/,Karnataka,Early,Medium,Tech,- Loans of between ₹10 lakhs to ₹1 crore for Applicants.,GST Certificate,True
69778b6f5dbe0abc982469de,cbdcaa5e-adc8-4033-9659-02dffff2db9a,Stand-Up India,https://www.standupmitra.in/,Karnataka,Early,Medium,Tech,- Loans of between ₹10 lakhs to ₹1 crore for Applicants.,Udyam Certificate,True
69778b6f5dbe0abc982469df,30074caa-4400-49ce-b8bc-c72831b4419c,Stand-Up India,https://www.standupmitra.in/,Karnataka,Early,Medium,Tech,- Loans of between ₹10 lakhs to ₹1 crore for Applicants.,Bank Statement,True
69778b6f5dbe0abc982469e0,15361ffb-281f-4859-915d-f0a9070a6692,Stand-Up India,https://www.standupmitra.in/,Karnataka,Early,Medium,Tech,- Enterprise loans for setting up a greenfield enterprise.,GST Certificate,True
69778b6f5dbe0abc982469e1,c56a6e83-1a0d-404a-abb9-2fe1f811c9fa,Stand-Up India,https://www.standupmitra.in/,Karnataka,Early,Medium,Tech,- Enterprise loans for setting up a greenfield enterprise.,Udyam Certificate,True
69778b6f5dbe0abc982469e2,0fd85274-3faf-420d-8c68-6fcd243a625d,Stand-Up India,https://www.standupmitra.in/,Karnataka,Early,Medium,Tech,- Enterprise loans for setting up a greenfield enterprise.,Bank Statement,True
69778b6f5dbe0abc982469e3,a093db02-580a-4a9e-bccc-f5f0ba1f28c5,Stand-Up India,https://www.standupmitra.in/,Karnataka,Early,Medium,Tech,- Loan size is from ₹10 lakhs to ₹1 crore.,GST Certificate,True
69778b6f5dbe0abc982469e4,f6320ef4-badd-4a9a-890e-1e8e04c1ae4c,Stand-Up India,https://www.standupmitra.in/,Karnataka,Early,Medium,Tech,- Loan size is from ₹10 lakhs to ₹1 crore.,Udyam Certificate,True
69778b6f5dbe0abc982469e5,0ea28781-8756-48cc-91f3-0c78d37d9b27,Stand-Up India,https://www.standupmitra.in/,Karnataka,Early,Medium,Tech,- Loan size is from ₹10 lakhs to ₹1 crore.,Bank Statement,True
69778b6f5dbe0abc982469e6,de799e90-0cf9-43e1-9662-b4acbc3b93d8,Stand-Up India,https://www.standupmitra.in/,Karnataka,Early,Medium,Tech,- Comprises a composite loan (including Term Loan and Working Capital).,GST Certificate,True
69778b6f5dbe0abc982469e7,dd3ea179-fb69-4bd3-9937-f1ba585d9fbe,Stand-Up India,https://www.standupmitra.in/,Karnataka,Early,Medium,Tech,- Comprises a composite loan (including Term Loan and Working Capital).,Udyam Certificate,True
69778b6f5dbe0abc982469e8,6b341371-8513-40cd-b0e0-ac9773c38614,Stand-Up India,https://www.standupmitra.in/,Karnataka,Early,Medium,Tech,- Comprises a composite loan (including Term Loan and Working Capital).,Bank Statement,True
69778b6f5dbe0abc982469e9,111803d8-ece1-471a-bcbe-2c382cc53b51,Stand-Up India,https://www.standupmitra.in/,Karnataka,Early,Medium,Tech,"- Key Elements: Stand-Up India Ecosystem, Promoter Contribution of 15%, Marginal Money security cover under Credit Guarantee Fund Scheme for Stand-Up India Loans (CGFSIL). Impact Stories:",GST Certificate,True
69778b6f5dbe0abc982469ea,94c0f6e3-0277-4725-96e3-36267bad39a0,Stand-Up India,https://www.standupmitra.in/,Karnataka,Early,Medium,Tech,"- Key Elements: Stand-Up India Ecosystem, Promoter Contribution of 15%, Marginal Money security cover under Credit Guarantee Fund Scheme for Stand-Up India Loans (CGFSIL). Impact Stories:",Udyam Certificate,True
69778b6f5dbe0abc982469eb,8f6b594c-3a65-4cfc-bed9-a3a565ef40ab,Stand-Up India,https://www.standupmitra.in/,Karnataka,Early,Medium,Tech,"- Key Elements: Stand-Up India Ecosystem, Promoter Contribution of 15%, Marginal Money security cover under Credit Guarantee Fund Scheme for Stand-Up India Loans (CGFSIL). Impact Stories:",Bank Statement,True
69778b6f5dbe0abc982469ec,38f6330a-b3dc-490a-8673-09e31341e271,Stand-Up India,https://www.standupmitra.in/,Karnataka,Early,Medium,Tech,"- Prometheus is the beneficiary under STAND UP INDIA loan scheme. She has been given a loan for setting up of an Optometric clinic with vision therapy as she is a low vision therapist. As per the promoteur, she can earn Rs.1 lakhs per month from the Optical Gallery cum Optometric Clinic, which has vision therapy - as a low vision specialist, and has been granted loan sanction by PNB, Anna Nagar Branch, Chennai.",GST Certificate,True
69778b6f5dbe0abc982469ed,0d9b1f7e-e0ca-435f-a585-8c5f770edd14,Stand-Up India,https://www.standupmitra.in/,Karnataka,Early,Medium,Tech,"- Prometheus is the beneficiary under STAND UP INDIA loan scheme. She has been given a loan for setting up of an Optometric clinic with vision therapy as she is a low vision therapist. As per the promoteur, she can earn Rs.1 lakhs per month from the Optical Gallery cum Optometric Clinic, which has vision therapy - as a low vision specialist, and has been granted loan sanction by PNB, Anna Nagar Branch, Chennai.",Udyam Certificate,True
69778b6f5dbe0abc982469ee,3847b735-21ea-42d6-bf07-79fe9939abfa,Stand-Up India,https://www.standupmitra.in/,Karnataka,Early,Medium,Tech,"- Prometheus is the beneficiary under STAND UP INDIA loan scheme. She has been given a loan for setting up of an Optometric clinic with vision therapy as she is a low vision therapist. As per the promoteur, she can earn Rs.1 lakhs per month from the Optical Gallery cum Optometric Clinic, which has vision therapy - as a low vision specialist, and has been granted loan sanction by PNB, Anna Nagar Branch, Chennai.",Bank Statement,True
69778b6f5dbe0abc982469ef,cddffd47-be66-402f-97ed-a3961edf3136,Stand-Up India,https://www.standupmitra.in/,Karnataka,Early,Medium,Tech,"- Gaining experience from her father in law, the promoteur is able to stand alone as an optometrist after gaining experience from him. She has seen the website and learnt about the Anna Nagar branch extending STAND UP INDIA scheme and approached directly. According to the promoteur, she never dreamt of getting loan sanctioned in shortest time, which is why she is very happy and able to earn Rs.1 lakhs per month from the Optical Gallery cum Optometric Clinic, which has vision therapy - as a low v",GST Certificate,True
69778b6f5dbe0abc982469f0,274af1a7-a905-49fd-b5a0-8c562d70b516,Stand-Up India,https://www.standupmitra.in/,Karnataka,Early,Medium,Tech,"- Gaining experience from her father in law, the promoteur is able to stand alone as an optometrist after gaining experience from him. She has seen the website and learnt about the Anna Nagar branch extending STAND UP INDIA scheme and approached directly. According to the promoteur, she never dreamt of getting loan sanctioned in shortest time, which is why she is very happy and able to earn Rs.1 lakhs per month from the Optical Gallery cum Optometric Clinic, which has vision therapy - as a low v",Udyam Certificate,True
69778b6f5dbe0abc982469f1,af6cf781-9b76-4e34-a994-ac4de7222106,Stand-Up India,https://www.standupmitra.in/,Karnataka,Early,Medium,Tech,"- Gaining experience from her father in law, the promoteur is able to stand alone as an optometrist after gaining experience from him. She has seen the website and learnt about the Anna Nagar branch extending STAND UP INDIA scheme and approached directly. According to the promoteur, she never dreamt of getting loan sanctioned in shortest time, which is why she is very happy and able to earn Rs.1 lakhs per month from the Optical Gallery cum Optometric Clinic, which has vision therapy - as a low v",Bank Statement,True
69778b6f5dbe0abc982469f2,eaaf74d0-0a17-40f9-8a91-213ab8648bc3,Stand-Up India,https://www.standupmitra.in/,Karnataka,Early,Medium,Tech,,GST Certificate,True
69778b6f5dbe0abc982469f3,e0c0d6b0-dfb2-45d1-8dd8-10b0fcaab7b3,Stand-Up India,https://www.standupmitra.in/,Karnataka,Early,Medium,Tech,,Udyam Certificate,True
69778b6f5dbe0abc982469f4,811ecdd9-9328-4ad5-8576-26b9fa4d0759,Stand-Up India,https://www.standupmitra.in/,Karnataka,Early,Medium,Tech,,Bank Statement,True
69778b6f5dbe0abc982469f5,1b625c4c-5d1d-47ea-a55e-6a6815295816,Stand-Up India,https://www.standupmitra.in/,Karnataka,Early,Medium,Tech,,GST Certificate,True
69778b6f5dbe0abc982469f6,9f1ba86b-05a5-48f6-b6d9-2791e3ce4864,Stand-Up India,https://www.standupmitra.in/,Karnataka,Early,Medium,Tech,,Udyam Certificate,True
69778b6f5dbe0abc982469f7,0ce8b1de-0dad-4354-b391-080432d2ed02,Stand-Up India,https://www.standupmitra.in/,Karnataka,Early,Medium,Tech,,Bank Statement,True
69778b6f5dbe0abc982469f8,7ae59779-4331-4abd-9db9-776906225d52,Stand-Up India,https://www.standupmitra.in/,Karnataka,Early,Medium,Agri,Extract:,GST Certificate,True
69778b6f5dbe0abc982469f9,08bc167d-89d8-4235-9422-524e5f9857b2,Stand-Up India,https://www.standupmitra.in/,Karnataka,Early,Medium,Agri,Extract:,Udyam Certificate,True
69778b6f5dbe0abc982469fa,ba9e2aa1-d0f2-45d0-9125-05d4931af536,Stand-Up India,https://www.standupmitra.in/,Karnataka,Early,Medium,Agri,Extract:,Bank Statement,True
69778b6f5dbe0abc982469fb,d36c06a4-f7f5-4d26-8c78-49404d009752,Stand-Up India,https://www.standupmitra.in/,Karnataka,Early,Medium,Agri,- Eligibility criteria,GST Certificate,True
69778b6f5dbe0abc982469fc,2dc37bea-30fc-4dfb-abeb-8cff590ee1fe,Stand-Up India,https://www.standupmitra.in/,Karnataka,Early,Medium,Agri,- Eligibility criteria,Udyam Certificate,True
69778b6f5dbe0abc982469fd,0f9ad213-1203-4d79-94f7-df688a7ee28c,Stand-Up India,https://www.standupmitra.in/,Karnataka,Early,Medium,Agri,- Eligibility criteria,Bank Statement,True
69778b6f5dbe0abc982469fe,dfaa1cf7-b217-47a8-a8ce-a876b026891f,Stand-Up India,https://www.standupmitra.in/,Karnataka,Early,Medium,Agri,- Required documents,GST Certificate,True
69778b6f5dbe0abc982469ff,8686acaa-206a-4fa5-b2c0-796488863179,Stand-Up India,https://www.standupmitra.in/,Karnataka,Early,Medium,Agri,- Required documents,Udyam Certificate,True
69778b6f5dbe0abc98246a00,6cdfda74-997b-41a9-a1d2-6794e13fc9fe,Stand-Up India,https://www.standupmitra.in/,Karnataka,Early,Medium,Agri,- Required documents,Bank Statement,True
69778b6f5dbe0abc98246a01,51c80217-fc72-4667-b7f5-6e121dd27f20,Stand-Up India,https://www.standupmitra.in/,Karnataka,Early,Medium,Agri,Return as bullet points.,GST Certificate,True
69778b6f5dbe0abc98246a02,6ed40e54-4a03-482b-a4a7-1d03556264c0,Stand-Up India,https://www.standupmitra.in/,Karnataka,Early,Medium,Agri,Return as bullet points.,Udyam Certificate,True
69778b6f5dbe0abc98246a03,88992b69-7d56-466b-a57f-edfb27df84b3,Stand-Up India,https://www.standupmitra.in/,Karnataka,Early,Medium,Agri,Return as bullet points.,Bank Statement,True
69778b6f5dbe0abc98246a04,e6096ce1-aa19-477f-b86f-920796e8736d,Stand-Up India,https://www.standupmitra.in/,Karnataka,Early,Medium,Agri,,GST Certificate,True
69778b6f5dbe0abc98246a05,81d8510f-c1a0-41ee-a551-48a64e629672,Stand-Up India,https://www.standupmitra.in/,Karnataka,Early,Medium,Agri,,Udyam Certificate,True
69778b6f5dbe0abc98246a06,021461c2-8f3b-44fa-a218-6cd15be8c59a,Stand-Up India,https://www.standupmitra.in/,Karnataka,Early,Medium,Agri,,Bank Statement,True
69778b6f5dbe0abc98246a07,d43bcc28-6b47-47ee-a2a6-0df3809fd286,Stand-Up India,https://www.standupmitra.in/,Karnataka,Early,Medium,Agri,TEXT:,GST Certificate,True
69778b6f5dbe0abc98246a08,b15d23ec-7663-4efe-9f11-b67575686d3f,Stand-Up India,https://www.standupmitra.in/,Karnataka,Early,Medium,Agri,TEXT:,Udyam Certificate,True
69778b6f5dbe0abc98246a09,471bbf0d-78ba-4927-97da-ebad0866ed15,Stand-Up India,https://www.standupmitra.in/,Karnataka,Early,Medium,Agri,TEXT:,Bank Statement,True
69778b6f5dbe0abc98246a0a,49ca01e2-f385-4ef9-beb8-ec90dad4d59b,Stand-Up India,https://www.standupmitra.in/,Karnataka,Early,Medium,Agri,StandupIndia Login Applicaunt Login Applicaant Registration Other Users Home About Us Stand-Up India Scheme facilitate...,GST Certificate,True
69778b6f5dbe0abc98246a0b,0495f2a2-7704-4513-b3a9-b2b2cd76f92f,Stand-Up India,https://www.standupmitra.in/,Karnataka,Early,Medium,Agri,StandupIndia Login Applicaunt Login Applicaant Registration Other Users Home About Us Stand-Up India Scheme facilitate...,Udyam Certificate,True
69778b6f5dbe0abc98246a0c,0ae07f41-3ed4-491e-ad98-f569337f71be,Stand-Up India,https://www.standupmitra.in/,Karnataka,Early,Medium,Agri,StandupIndia Login Applicaunt Login Applicaant Registration Other Users Home About Us Stand-Up India Scheme facilitate...,Bank Statement,True
69778b6f5dbe0abc98246a0d,64e3c9d4-1249-496f-aca2-e492df67d21b,Stand-Up India,https://www.standupmitra.in/,Karnataka,Early,Medium,Agri,,GST Certificate,True
69778b6f5dbe0abc98246a0e,ebd8789c-8673-49d3-b0a9-97d1530ade6c,Stand-Up India,https://www.standupmitra.in/,Karnataka,Early,Medium,Agri,,Udyam Certificate,True
69778b6f5dbe0abc98246a0f,fd445e90-986d-4700-bab7-a0613730cc29,Stand-Up India,https://www.standupmitra.in/,Karnataka,Early,Medium,Agri,,Bank Statement,True
69778b6f5dbe0abc98246a10,ac2fef74-fdcd-4e81-8e8c-1fb763d1b84d,Stand-Up India,https://www.standupmitra.in/,Karnataka,Early,Medium,Agri,"Communities Stand-up India Scheme facilitates bank loan between ₹10 lakhs and ₹1 crore for Applicants to establish a greenfield enterprise. The Borrower Type Loans to SC/ST and Women Entrepreneurs with at least 51% of the shareholding and controlling stake, either an SC/ST or woman entrepreneur. Salient Features:",GST Certificate,True
69778b6f5dbe0abc98246a11,8d03f7df-db47-470a-bdee-772f9ab7ef4c,Stand-Up India,https://www.standupmitra.in/,Karnataka,Early,Medium,Agri,"Communities Stand-up India Scheme facilitates bank loan between ₹10 lakhs and ₹1 crore for Applicants to establish a greenfield enterprise. The Borrower Type Loans to SC/ST and Women Entrepreneurs with at least 51% of the shareholding and controlling stake, either an SC/ST or woman entrepreneur. Salient Features:",Udyam Certificate,True
69778b6f5dbe0abc98246a12,05a99441-9c5d-46b8-aae4-cafbdc86d656,Stand-Up India,https://www.standupmitra.in/,Karnataka,Early,Medium,Agri,"Communities Stand-up India Scheme facilitates bank loan between ₹10 lakhs and ₹1 crore for Applicants to establish a greenfield enterprise. The Borrower Type Loans to SC/ST and Women Entrepreneurs with at least 51% of the shareholding and controlling stake, either an SC/ST or woman entrepreneur. Salient Features:",Bank Statement,True
69778b6f5dbe0abc98246a13,6dd4f35b-ffa8-475a-95a9-ed30e44484aa,Stand-Up India,https://www.standupmitra.in/,Karnataka,Early,Medium,Agri,- Loans of between ₹10 lakhs to ₹1 crore for Applicants.,GST Certificate,True
69778b6f5dbe0abc98246a14,d781ce4f-02a1-45e8-83ad-67b9b7ecf0b3,Stand-Up India,https://www.standupmitra.in/,Karnataka,Early,Medium,Agri,- Loans of between ₹10 lakhs to ₹1 crore for Applicants.,Udyam Certificate,True
69778b6f5dbe0abc98246a15,875a49ed-1572-43ff-8362-3fcfdbf4704a,Stand-Up India,https://www.standupmitra.in/,Karnataka,Early,Medium,Agri,- Loans of between ₹10 lakhs to ₹1 crore for Applicants.,Bank Statement,True
69778b6f5dbe0abc98246a16,912e2572-46e8-47f7-a010-324198f3d4c6,Stand-Up India,https://www.standupmitra.in/,Karnataka,Early,Medium,Agri,- Enterprise loans for setting up a greenfield enterprise.,GST Certificate,True
69778b6f5dbe0abc98246a17,6a5f9c7b-4e0e-474b-815e-c2645e53c7a1,Stand-Up India,https://www.standupmitra.in/,Karnataka,Early,Medium,Agri,- Enterprise loans for setting up a greenfield enterprise.,Udyam Certificate,True
69778b6f5dbe0abc98246a18,0d067cc1-78b7-4701-a58a-3bb09d51b62b,Stand-Up India,https://www.standupmitra.in/,Karnataka,Early,Medium,Agri,- Enterprise loans for setting up a greenfield enterprise.,Bank Statement,True
69778b6f5dbe0abc98246a19,e5028ea6-9f0c-49c6-b03d-ffad309c3db2,Stand-Up India,https://www.standupmitra.in/,Karnataka,Early,Medium,Agri,- Loan size is from ₹10 lakhs to ₹1 crore.,GST Certificate,True
69778b6f5dbe0abc98246a1a,7bfb8a1a-242b-43a8-9a77-bf66ee99f602,Stand-Up India,https://www.standupmitra.in/,Karnataka,Early,Medium,Agri,- Loan size is from ₹10 lakhs to ₹1 crore.,Udyam Certificate,True
69778b6f5dbe0abc98246a1b,757b9e33-22bf-4f4e-983b-0e6bd1c41ded,Stand-Up India,https://www.standupmitra.in/,Karnataka,Early,Medium,Agri,- Loan size is from ₹10 lakhs to ₹1 crore.,Bank Statement,True
69778b6f5dbe0abc98246a1c,ba012cf0-c003-49de-804a-458c62251822,Stand-Up India,https://www.standupmitra.in/,Karnataka,Early,Medium,Agri,- Comprises a composite loan (including Term Loan and Working Capital).,GST Certificate,True
69778b6f5dbe0abc98246a1d,23c22971-1227-4614-bf4b-6ccebbc2ce62,Stand-Up India,https://www.standupmitra.in/,Karnataka,Early,Medium,Agri,- Comprises a composite loan (including Term Loan and Working Capital).,Udyam Certificate,True
69778b6f5dbe0abc98246a1e,7fdbcf1a-a55a-4c60-8781-24e9da06a1ba,Stand-Up India,https://www.standupmitra.in/,Karnataka,Early,Medium,Agri,- Comprises a composite loan (including Term Loan and Working Capital).,Bank Statement,True
69778b6f5dbe0abc98246a1f,ed47b8a9-3be8-4c16-b2aa-6ca0af880109,Stand-Up India,https://www.standupmitra.in/,Karnataka,Early,Medium,Agri,"- Key Elements: Stand-Up India Ecosystem, Promoter Contribution of 15%, Marginal Money security cover under Credit Guarantee Fund Scheme for Stand-Up India Loans (CGFSIL). Impact Stories:",GST Certificate,True
69778b6f5dbe0abc98246a20,e14e9bb7-ad4e-49bf-91db-2b55fb9a2d32,Stand-Up India,https://www.standupmitra.in/,Karnataka,Early,Medium,Agri,"- Key Elements: Stand-Up India Ecosystem, Promoter Contribution of 15%, Marginal Money security cover under Credit Guarantee Fund Scheme for Stand-Up India Loans (CGFSIL). Impact Stories:",Udyam Certificate,True
69778b6f5dbe0abc98246a21,34ea6768-129f-48e6-92a5-bb2bea80f571,Stand-Up India,https://www.standupmitra.in/,Karnataka,Early,Medium,Agri,"- Key Elements: Stand-Up India Ecosystem, Promoter Contribution of 15%, Marginal Money security cover under Credit Guarantee Fund Scheme for Stand-Up India Loans (CGFSIL). Impact Stories:",Bank Statement,True
69778b6f5dbe0abc98246a22,b0936930-d49c-461e-b747-ada3f3e2d5f6,Stand-Up India,https://www.standupmitra.in/,Karnataka,Early,Medium,Agri,"- Prometheus is the beneficiary under STAND UP INDIA loan scheme. She has been given a loan for setting up of an Optometric clinic with vision therapy as she is a low vision therapist. As per the promoteur, she can earn Rs.1 lakhs per month from the Optical Gallery cum Optometric Clinic, which has vision therapy - as a low vision specialist, and has been granted loan sanction by PNB, Anna Nagar Branch, Chennai.",GST Certificate,True
69778b6f5dbe0abc98246a23,1ed130aa-84f5-4065-8638-bd913f9c8e32,Stand-Up India,https://www.standupmitra.in/,Karnataka,Early,Medium,Agri,"- Prometheus is the beneficiary under STAND UP INDIA loan scheme. She has been given a loan for setting up of an Optometric clinic with vision therapy as she is a low vision therapist. As per the promoteur, she can earn Rs.1 lakhs per month from the Optical Gallery cum Optometric Clinic, which has vision therapy - as a low vision specialist, and has been granted loan sanction by PNB, Anna Nagar Branch, Chennai.",Udyam Certificate,True
69778b6f5dbe0abc98246a24,e7e64eeb-2a36-48e0-9aae-9353770394a4,Stand-Up India,https://www.standupmitra.in/,Karnataka,Early,Medium,Agri,"- Prometheus is the beneficiary under STAND UP INDIA loan scheme. She has been given a loan for setting up of an Optometric clinic with vision therapy as she is a low vision therapist. As per the promoteur, she can earn Rs.1 lakhs per month from the Optical Gallery cum Optometric Clinic, which has vision therapy - as a low vision specialist, and has been granted loan sanction by PNB, Anna Nagar Branch, Chennai.",Bank Statement,True
69778b6f5dbe0abc98246a25,ebde471d-7277-4663-8463-61e83cab09a4,Stand-Up India,https://www.standupmitra.in/,Karnataka,Early,Medium,Agri,"- Gaining experience from her father in law, the promoteur is able to stand alone as an optometrist after gaining experience from him. She has seen the website and learnt about the Anna Nagar branch extending STAND UP INDIA scheme and approached directly. According to the promoteur, she never dreamt of getting loan sanctioned in shortest time, which is why she is very happy and able to earn Rs.1 lakhs per month from the Optical Gallery cum Optometric Clinic, which has vision therapy - as a low v",GST Certificate,True
69778b6f5dbe0abc98246a26,f3f82906-9d3b-4e35-a954-c54ad75e7015,Stand-Up India,https://www.standupmitra.in/,Karnataka,Early,Medium,Agri,"- Gaining experience from her father in law, the promoteur is able to stand alone as an optometrist after gaining experience from him. She has seen the website and learnt about the Anna Nagar branch extending STAND UP INDIA scheme and approached directly. According to the promoteur, she never dreamt of getting loan sanctioned in shortest time, which is why she is very happy and able to earn Rs.1 lakhs per month from the Optical Gallery cum Optometric Clinic, which has vision therapy - as a low v",Udyam Certificate,True
69778b6f5dbe0abc98246a27,23ee7f66-7dc6-425b-8281-ea570832c550,Stand-Up India,https://www.standupmitra.in/,Karnataka,Early,Medium,Agri,"- Gaining experience from her father in law, the promoteur is able to stand alone as an optometrist after gaining experience from him. She has seen the website and learnt about the Anna Nagar branch extending STAND UP INDIA scheme and approached directly. According to the promoteur, she never dreamt of getting loan sanctioned in shortest time, which is why she is very happy and able to earn Rs.1 lakhs per month from the Optical Gallery cum Optometric Clinic, which has vision therapy - as a low v",Bank Statement,True
69778b6f5dbe0abc98246a28,30f0b894-6629-4ea9-8a08-169cc20c5818,Stand-Up India,https://www.standupmitra.in/,Karnataka,Early,Medium,Agri,,GST Certificate,True
69778b6f5dbe0abc98246a29,7134dc42-f248-46ad-9b1d-aa65f238003e,Stand-Up India,https://www.standupmitra.in/,Karnataka,Early,Medium,Agri,,Udyam Certificate,True
69778b6f5dbe0abc98246a2a,c24b27c6-875f-4bdd-a3d6-9362e72c0016,Stand-Up India,https://www.standupmitra.in/,Karnataka,Early,Medium,Agri,,Bank Statement,True
69778b6f5dbe0abc98246a2b,3e2f25a8-dd07-455c-8667-8f5a7c0c0b1e,Stand-Up India,https://www.standupmitra.in/,Karnataka,Early,Medium,Agri,,GST Certificate,True
69778b6f5dbe0abc98246a2c,28f94b5b-7fd2-4abb-9620-43b8abfa93e3,Stand-Up India,https://www.standupmitra.in/,Karnataka,Early,Medium,Agri,,Udyam Certificate,True
69778b6f5dbe0abc98246a2d,5ddbe7eb-f2cc-4147-8bd0-0e41486574ef,Stand-Up India,https://www.standupmitra.in/,Karnataka,Early,Medium,Agri,,Bank Statement,True
69778b6f5dbe0abc98246a2e,8d5d34cb-b185-4bd0-8815-4940b67d9e08,Stand-Up India,https://www.standupmitra.in/,Karnataka,Growth,Micro,Manufacturing,Extract:,GST Certificate,True
69778b6f5dbe0abc98246a2f,69f56299-84d8-4d8c-946a-5c6181f1157b,Stand-Up India,https://www.standupmitra.in/,Karnataka,Growth,Micro,Manufacturing,Extract:,Udyam Certificate,True
69778b6f5dbe0abc98246a30,97d46139-fe46-465b-8d61-22c7eac0ea6c,Stand-Up India,https://www.standupmitra.in/,Karnataka,Growth,Micro,Manufacturing,Extract:,Bank Statement,True
69778b6f5dbe0abc98246a31,5f2a5faf-0d55-44f8-bfbc-7dff90021cea,Stand-Up India,https://www.standupmitra.in/,Karnataka,Growth,Micro,Manufacturing,- Eligibility criteria,GST Certificate,True
69778b6f5dbe0abc98246a32,fa7533ec-3319-490f-8e35-a65eb11ddbc1,Stand-Up India,https://www.standupmitra.in/,Karnataka,Growth,Micro,Manufacturing,- Eligibility criteria,Udyam Certificate,True
69778b6f5dbe0abc98246a33,e0af6053-67d2-47a2-ade7-f550b33ef455,Stand-Up India,https://www.standupmitra.in/,Karnataka,Growth,Micro,Manufacturing,- Eligibility criteria,Bank Statement,True
69778b6f5dbe0abc98246a34,6e3f2444-ceac-49d3-bf52-c4d2a57191c8,Stand-Up India,https://www.standupmitra.in/,Karnataka,Growth,Micro,Manufacturing,- Required documents,GST Certificate,True
69778b6f5dbe0abc98246a35,d93284e2-82fd-4349-b55a-65497ce2868d,Stand-Up India,https://www.standupmitra.in/,Karnataka,Growth,Micro,Manufacturing,- Required documents,Udyam Certificate,True
69778b6f5dbe0abc98246a36,78cf0aae-40b0-4993-adb4-35fbb4ea7ff4,Stand-Up India,https://www.standupmitra.in/,Karnataka,Growth,Micro,Manufacturing,- Required documents,Bank Statement,True
69778b6f5dbe0abc98246a37,ec2e8ff4-17fc-4a43-a396-bb06604f072d,Stand-Up India,https://www.standupmitra.in/,Karnataka,Growth,Micro,Manufacturing,Return as bullet points.,GST Certificate,True
69778b6f5dbe0abc98246a38,d3073352-72ce-4031-afac-c28fe2b75611,Stand-Up India,https://www.standupmitra.in/,Karnataka,Growth,Micro,Manufacturing,Return as bullet points.,Udyam Certificate,True
69778b6f5dbe0abc98246a39,64ba7c21-5856-466f-bef3-8ad9101257a2,Stand-Up India,https://www.standupmitra.in/,Karnataka,Growth,Micro,Manufacturing,Return as bullet points.,Bank Statement,True
69778b6f5dbe0abc98246a3a,f1ae9924-acab-45ca-a4b2-3c154765acf0,Stand-Up India,https://www.standupmitra.in/,Karnataka,Growth,Micro,Manufacturing,,GST Certificate,True
69778b6f5dbe0abc98246a3b,23eadea0-6e6e-4750-9f84-ef0ca447f3de,Stand-Up India,https://www.standupmitra.in/,Karnataka,Growth,Micro,Manufacturing,,Udyam Certificate,True
69778b6f5dbe0abc98246a3c,7b8f8aef-59be-4895-965e-4fa025990174,Stand-Up India,https://www.standupmitra.in/,Karnataka,Growth,Micro,Manufacturing,,Bank Statement,True
69778b6f5dbe0abc98246a3d,91eabf82-585f-4ea0-9898-eb705422b894,Stand-Up India,https://www.standupmitra.in/,Karnataka,Growth,Micro,Manufacturing,TEXT:,GST Certificate,True
69778b6f5dbe0abc98246a3e,411f23fb-4458-41f6-9925-2bfca9a42630,Stand-Up India,https://www.standupmitra.in/,Karnataka,Growth,Micro,Manufacturing,TEXT:,Udyam Certificate,True
69778b6f5dbe0abc98246a3f,82a97e2b-f301-474d-a20c-0d652da8a530,Stand-Up India,https://www.standupmitra.in/,Karnataka,Growth,Micro,Manufacturing,TEXT:,Bank Statement,True
69778b6f5dbe0abc98246a40,79c99967-0ace-4065-8540-e30b875c27e6,Stand-Up India,https://www.standupmitra.in/,Karnataka,Growth,Micro,Manufacturing,StandupIndia Login Applicaunt Login Applicaant Registration Other Users Home About Us Stand-Up India Scheme facilitate...,GST Certificate,True
69778b6f5dbe0abc98246a41,62e66881-b98f-43fe-b6d9-a03aef93f5d7,Stand-Up India,https://www.standupmitra.in/,Karnataka,Growth,Micro,Manufacturing,StandupIndia Login Applicaunt Login Applicaant Registration Other Users Home About Us Stand-Up India Scheme facilitate...,Udyam Certificate,True
69778b6f5dbe0abc98246a42,9794ad0f-9d93-42b4-bb5e-72a4d95f50ee,Stand-Up India,https://www.standupmitra.in/,Karnataka,Growth,Micro,Manufacturing,StandupIndia Login Applicaunt Login Applicaant Registration Other Users Home About Us Stand-Up India Scheme facilitate...,Bank Statement,True
69778b6f5dbe0abc98246a43,0926262c-feea-4700-832a-a73d86c6c18f,Stand-Up India,https://www.standupmitra.in/,Karnataka,Growth,Micro,Manufacturing,,GST Certificate,True
69778b6f5dbe0abc98246a44,5f799762-fa1a-4479-bd6d-2e6b05f71dfc,Stand-Up India,https://www.standupmitra.in/,Karnataka,Growth,Micro,Manufacturing,,Udyam Certificate,True
69778b6f5dbe0abc98246a45,858466d1-13fc-4d57-8eb9-60c7c6167e8c,Stand-Up India,https://www.standupmitra.in/,Karnataka,Growth,Micro,Manufacturing,,Bank Statement,True
69778b6f5dbe0abc98246a46,a059d0e3-c189-491d-96f7-3810c6639c60,Stand-Up India,https://www.standupmitra.in/,Karnataka,Growth,Micro,Manufacturing,"Communities Stand-up India Scheme facilitates bank loan between ₹10 lakhs and ₹1 crore for Applicants to establish a greenfield enterprise. The Borrower Type Loans to SC/ST and Women Entrepreneurs with at least 51% of the shareholding and controlling stake, either an SC/ST or woman entrepreneur. Salient Features:",GST Certificate,True
69778b6f5dbe0abc98246a47,89c58b6b-2948-4936-b4ff-b01d69a4d77f,Stand-Up India,https://www.standupmitra.in/,Karnataka,Growth,Micro,Manufacturing,"Communities Stand-up India Scheme facilitates bank loan between ₹10 lakhs and ₹1 crore for Applicants to establish a greenfield enterprise. The Borrower Type Loans to SC/ST and Women Entrepreneurs with at least 51% of the shareholding and controlling stake, either an SC/ST or woman entrepreneur. Salient Features:",Udyam Certificate,True
69778b6f5dbe0abc98246a48,19d464f3-1e96-4d67-b626-5336ce07ac31,Stand-Up India,https://www.standupmitra.in/,Karnataka,Growth,Micro,Manufacturing,"Communities Stand-up India Scheme facilitates bank loan between ₹10 lakhs and ₹1 crore for Applicants to establish a greenfield enterprise. The Borrower Type Loans to SC/ST and Women Entrepreneurs with at least 51% of the shareholding and controlling stake, either an SC/ST or woman entrepreneur. Salient Features:",Bank Statement,True
69778b6f5dbe0abc98246a49,077bf25f-bffc-4e7a-aa7a-e2cde4601425,Stand-Up India,https://www.standupmitra.in/,Karnataka,Growth,Micro,Manufacturing,- Loans of between ₹10 lakhs to ₹1 crore for Applicants.,GST Certificate,True
69778b6f5dbe0abc98246a4a,50654ebf-2e37-4030-bc2c-6691ef9fecda,Stand-Up India,https://www.standupmitra.in/,Karnataka,Growth,Micro,Manufacturing,- Loans of between ₹10 lakhs to ₹1 crore for Applicants.,Udyam Certificate,True
69778b6f5dbe0abc98246a4b,64881a04-3d9a-4847-b809-f833329517f6,Stand-Up India,https://www.standupmitra.in/,Karnataka,Growth,Micro,Manufacturing,- Loans of between ₹10 lakhs to ₹1 crore for Applicants.,Bank Statement,True
69778b6f5dbe0abc98246a4c,435e728c-d96c-44c5-8a4e-158a06d0790b,Stand-Up India,https://www.standupmitra.in/,Karnataka,Growth,Micro,Manufacturing,- Enterprise loans for setting up a greenfield enterprise.,GST Certificate,True
69778b6f5dbe0abc98246a4d,31193a46-fbc9-4e2c-be76-0828eeae4bef,Stand-Up India,https://www.standupmitra.in/,Karnataka,Growth,Micro,Manufacturing,- Enterprise loans for setting up a greenfield enterprise.,Udyam Certificate,True
69778b6f5dbe0abc98246a4e,87966beb-318d-418f-9a00-92fbbd6faf1f,Stand-Up India,https://www.standupmitra.in/,Karnataka,Growth,Micro,Manufacturing,- Enterprise loans for setting up a greenfield enterprise.,Bank Statement,True
69778b6f5dbe0abc98246a4f,9d65dd08-e417-437a-b0a9-d3d0d846b107,Stand-Up India,https://www.standupmitra.in/,Karnataka,Growth,Micro,Manufacturing,- Loan size is from ₹10 lakhs to ₹1 crore.,GST Certificate,True
69778b6f5dbe0abc98246a50,a2a9b7b2-1bb0-428e-939f-e102c179a7bc,Stand-Up India,https://www.standupmitra.in/,Karnataka,Growth,Micro,Manufacturing,- Loan size is from ₹10 lakhs to ₹1 crore.,Udyam Certificate,True
69778b6f5dbe0abc98246a51,6d6989c3-185d-4732-ad7e-40160822c5d0,Stand-Up India,https://www.standupmitra.in/,Karnataka,Growth,Micro,Manufacturing,- Loan size is from ₹10 lakhs to ₹1 crore.,Bank Statement,True
69778b6f5dbe0abc98246a52,998c9308-3394-4841-9289-d75ea2045796,Stand-Up India,https://www.standupmitra.in/,Karnataka,Growth,Micro,Manufacturing,- Comprises a composite loan (including Term Loan and Working Capital).,GST Certificate,True
69778b6f5dbe0abc98246a53,2ac13e2c-2151-442c-9422-0b9d7592aeac,Stand-Up India,https://www.standupmitra.in/,Karnataka,Growth,Micro,Manufacturing,- Comprises a composite loan (including Term Loan and Working Capital).,Udyam Certificate,True
69778b6f5dbe0abc98246a54,f4867c60-bb12-4d2e-80f0-f4ee2055aade,Stand-Up India,https://www.standupmitra.in/,Karnataka,Growth,Micro,Manufacturing,- Comprises a composite loan (including Term Loan and Working Capital).,Bank Statement,True
69778b6f5dbe0abc98246a55,19a4e21e-14b3-4ab8-880a-1851397eb616,Stand-Up India,https://www.standupmitra.in/,Karnataka,Growth,Micro,Manufacturing,"- Key Elements: Stand-Up India Ecosystem, Promoter Contribution of 15%, Marginal Money security cover under Credit Guarantee Fund Scheme for Stand-Up India Loans (CGFSIL). Impact Stories:",GST Certificate,True
69778b6f5dbe0abc98246a56,7ca1313d-4a7a-426a-9b7c-20b81e3d5f49,Stand-Up India,https://www.standupmitra.in/,Karnataka,Growth,Micro,Manufacturing,"- Key Elements: Stand-Up India Ecosystem, Promoter Contribution of 15%, Marginal Money security cover under Credit Guarantee Fund Scheme for Stand-Up India Loans (CGFSIL). Impact Stories:",Udyam Certificate,True
69778b6f5dbe0abc98246a57,cb292348-7b53-4e17-aadb-4f89674c8ce9,Stand-Up India,https://www.standupmitra.in/,Karnataka,Growth,Micro,Manufacturing,"- Key Elements: Stand-Up India Ecosystem, Promoter Contribution of 15%, Marginal Money security cover under Credit Guarantee Fund Scheme for Stand-Up India Loans (CGFSIL). Impact Stories:",Bank Statement,True
69778b6f5dbe0abc98246a58,41a78092-3a4b-43e7-b178-8858c56069e0,Stand-Up India,https://www.standupmitra.in/,Karnataka,Growth,Micro,Manufacturing,"- Prometheus is the beneficiary under STAND UP INDIA loan scheme. She has been given a loan for setting up of an Optometric clinic with vision therapy as she is a low vision therapist. As per the promoteur, she can earn Rs.1 lakhs per month from the Optical Gallery cum Optometric Clinic, which has vision therapy - as a low vision specialist, and has been granted loan sanction by PNB, Anna Nagar Branch, Chennai.",GST Certificate,True
69778b6f5dbe0abc98246a59,2437d3c6-9477-41a9-8e3a-3cfc19a13bf9,Stand-Up India,https://www.standupmitra.in/,Karnataka,Growth,Micro,Manufacturing,"- Prometheus is the beneficiary under STAND UP INDIA loan scheme. She has been given a loan for setting up of an Optometric clinic with vision therapy as she is a low vision therapist. As per the promoteur, she can earn Rs.1 lakhs per month from the Optical Gallery cum Optometric Clinic, which has vision therapy - as a low vision specialist, and has been granted loan sanction by PNB, Anna Nagar Branch, Chennai.",Udyam Certificate,True
69778b6f5dbe0abc98246a5a,3ae86e3a-57e3-4f68-ad24-df16e10f61bb,Stand-Up India,https://www.standupmitra.in/,Karnataka,Growth,Micro,Manufacturing,"- Prometheus is the beneficiary under STAND UP INDIA loan scheme. She has been given a loan for setting up of an Optometric clinic with vision therapy as she is a low vision therapist. As per the promoteur, she can earn Rs.1 lakhs per month from the Optical Gallery cum Optometric Clinic, which has vision therapy - as a low vision specialist, and has been granted loan sanction by PNB, Anna Nagar Branch, Chennai.",Bank Statement,True
69778b6f5dbe0abc98246a5b,58759881-4adf-424a-96e0-5a41395c070b,Stand-Up India,https://www.standupmitra.in/,Karnataka,Growth,Micro,Manufacturing,"- Gaining experience from her father in law, the promoteur is able to stand alone as an optometrist after gaining experience from him. She has seen the website and learnt about the Anna Nagar branch extending STAND UP INDIA scheme and approached directly. According to the promoteur, she never dreamt of getting loan sanctioned in shortest time, which is why she is very happy and able to earn Rs.1 lakhs per month from the Optical Gallery cum Optometric Clinic, which has vision therapy - as a low v",GST Certificate,True
69778b6f5dbe0abc98246a5c,b280d17f-3a78-4eb2-b40a-fd735d72239c,Stand-Up India,https://www.standupmitra.in/,Karnataka,Growth,Micro,Manufacturing,"- Gaining experience from her father in law, the promoteur is able to stand alone as an optometrist after gaining experience from him. She has seen the website and learnt about the Anna Nagar branch extending STAND UP INDIA scheme and approached directly. According to the promoteur, she never dreamt of getting loan sanctioned in shortest time, which is why she is very happy and able to earn Rs.1 lakhs per month from the Optical Gallery cum Optometric Clinic, which has vision therapy - as a low v",Udyam Certificate,True
69778b6f5dbe0abc98246a5d,51a6981f-1175-4a61-9c57-f8a98acba40b,Stand-Up India,https://www.standupmitra.in/,Karnataka,Growth,Micro,Manufacturing,"- Gaining experience from her father in law, the promoteur is able to stand alone as an optometrist after gaining experience from him. She has seen the website and learnt about the Anna Nagar branch extending STAND UP INDIA scheme and approached directly. According to the promoteur, she never dreamt of getting loan sanctioned in shortest time, which is why she is very happy and able to earn Rs.1 lakhs per month from the Optical Gallery cum Optometric Clinic, which has vision therapy - as a low v",Bank Statement,True
69778b6f5dbe0abc98246a5e,2a30bf80-a495-45fc-8ed9-daf6cc1e7ad9,Stand-Up India,https://www.standupmitra.in/,Karnataka,Growth,Micro,Manufacturing,,GST Certificate,True
69778b6f5dbe0abc98246a5f,e43ff7f6-1515-4950-8d5c-2a75a537a50a,Stand-Up India,https://www.standupmitra.in/,Karnataka,Growth,Micro,Manufacturing,,Udyam Certificate,True
69778b6f5dbe0abc98246a60,8474944b-d4ca-4af2-b4bf-b1246e9c5117,Stand-Up India,https://www.standupmitra.in/,Karnataka,Growth,Micro,Manufacturing,,Bank Statement,True
69778b6f5dbe0abc98246a61,68ec5a5d-07d6-4213-b8b0-16ffdced13ec,Stand-Up India,https://www.standupmitra.in/,Karnataka,Growth,Micro,Manufacturing,,GST Certificate,True
69778b6f5dbe0abc98246a62,c098eec3-9a18-4d1d-8bae-033e81b9e7bb,Stand-Up India,https://www.standupmitra.in/,Karnataka,Growth,Micro,Manufacturing,,Udyam Certificate,True
69778b6f5dbe0abc98246a63,29757254-a7a2-4880-befd-d8d3a49a6ef8,Stand-Up India,https://www.standupmitra.in/,Karnataka,Growth,Micro,Manufacturing,,Bank Statement,True
69778b6f5dbe0abc98246a64,47044786-cae3-4b38-9ec4-85379315b54e,Stand-Up India,https://www.standupmitra.in/,Karnataka,Growth,Micro,Service,Extract:,GST Certificate,True
69778b6f5dbe0abc98246a65,07d7fb8e-d724-41b2-a894-48854d7f0851,Stand-Up India,https://www.standupmitra.in/,Karnataka,Growth,Micro,Service,Extract:,Udyam Certificate,True
69778b6f5dbe0abc98246a66,efe3cac3-4cb8-4c07-b5ee-d05391490dbb,Stand-Up India,https://www.standupmitra.in/,Karnataka,Growth,Micro,Service,Extract:,Bank Statement,True
69778b6f5dbe0abc98246a67,db931258-e5cd-458d-ace8-1f527cec56d4,Stand-Up India,https://www.standupmitra.in/,Karnataka,Growth,Micro,Service,- Eligibility criteria,GST Certificate,True
69778b6f5dbe0abc98246a68,2a691d62-7f7d-4dcb-9902-df67f11b5a03,Stand-Up India,https://www.standupmitra.in/,Karnataka,Growth,Micro,Service,- Eligibility criteria,Udyam Certificate,True
69778b6f5dbe0abc98246a69,e446480b-2add-449c-9d2e-66bb40869ef7,Stand-Up India,https://www.standupmitra.in/,Karnataka,Growth,Micro,Service,- Eligibility criteria,Bank Statement,True
69778b6f5dbe0abc98246a6a,2c577837-207b-429a-97f1-56524e45ae2c,Stand-Up India,https://www.standupmitra.in/,Karnataka,Growth,Micro,Service,- Required documents,GST Certificate,True
69778b6f5dbe0abc98246a6b,8c197efa-0a53-4b03-b265-e4b8bf7196b7,Stand-Up India,https://www.standupmitra.in/,Karnataka,Growth,Micro,Service,- Required documents,Udyam Certificate,True
69778b6f5dbe0abc98246a6c,a1b6909b-3193-46ec-937e-9ad75ea3f13c,Stand-Up India,https://www.standupmitra.in/,Karnataka,Growth,Micro,Service,- Required documents,Bank Statement,True
69778b6f5dbe0abc98246a6d,febd3e57-85c7-41a7-8ae3-118569d9f29b,Stand-Up India,https://www.standupmitra.in/,Karnataka,Growth,Micro,Service,Return as bullet points.,GST Certificate,True
69778b6f5dbe0abc98246a6e,8d3a2aad-1824-402e-a98b-d6f53817bb92,Stand-Up India,https://www.standupmitra.in/,Karnataka,Growth,Micro,Service,Return as bullet points.,Udyam Certificate,True
69778b6f5dbe0abc98246a6f,b9b4bf97-fa76-4861-8b4d-ae32be0456d7,Stand-Up India,https://www.standupmitra.in/,Karnataka,Growth,Micro,Service,Return as bullet points.,Bank Statement,True
69778b6f5dbe0abc98246a70,5307f19c-76e0-4687-bf5a-6bf056a8e47f,Stand-Up India,https://www.standupmitra.in/,Karnataka,Growth,Micro,Service,,GST Certificate,True
69778b6f5dbe0abc98246a71,e6f4a692-e5f9-40dd-b74b-d11862835572,Stand-Up India,https://www.standupmitra.in/,Karnataka,Growth,Micro,Service,,Udyam Certificate,True
69778b6f5dbe0abc98246a72,886a0b66-f2f9-4a79-85ef-48acf76f6815,Stand-Up India,https://www.standupmitra.in/,Karnataka,Growth,Micro,Service,,Bank Statement,True
69778b6f5dbe0abc98246a73,37d28454-9070-4fce-9871-d5a415632200,Stand-Up India,https://www.standupmitra.in/,Karnataka,Growth,Micro,Service,TEXT:,GST Certificate,True
69778b6f5dbe0abc98246a74,b9b37c0b-a0ac-4894-a5a8-0e3cab742b52,Stand-Up India,https://www.standupmitra.in/,Karnataka,Growth,Micro,Service,TEXT:,Udyam Certificate,True
69778b6f5dbe0abc98246a75,ad8e0c31-5fcf-4cc2-8e92-105faa5267cf,Stand-Up India,https://www.standupmitra.in/,Karnataka,Growth,Micro,Service,TEXT:,Bank Statement,True
69778b6f5dbe0abc98246a76,04130fa4-98cb-48e3-8e19-f97ad11fabd1,Stand-Up India,https://www.standupmitra.in/,Karnataka,Growth,Micro,Service,StandupIndia Login Applicaunt Login Applicaant Registration Other Users Home About Us Stand-Up India Scheme facilitate...,GST Certificate,True
69778b6f5dbe0abc98246a77,39ce48f6-e870-4051-963e-ee2d96b188b4,Stand-Up India,https://www.standupmitra.in/,Karnataka,Growth,Micro,Service,StandupIndia Login Applicaunt Login Applicaant Registration Other Users Home About Us Stand-Up India Scheme facilitate...,Udyam Certificate,True
69778b6f5dbe0abc98246a78,215dfa21-bc1e-4755-8b5d-5b44c3d13eab,Stand-Up India,https://www.standupmitra.in/,Karnataka,Growth,Micro,Service,StandupIndia Login Applicaunt Login Applicaant Registration Other Users Home About Us Stand-Up India Scheme facilitate...,Bank Statement,True
69778b6f5dbe0abc98246a79,0e8b195b-69b9-4b71-9266-f2d8fc309a63,Stand-Up India,https://www.standupmitra.in/,Karnataka,Growth,Micro,Service,,GST Certificate,True
69778b6f5dbe0abc98246a7a,47288901-d4c3-43f6-8b72-b1a4ad0d5d7b,Stand-Up India,https://www.standupmitra.in/,Karnataka,Growth,Micro,Service,,Udyam Certificate,True
69778b6f5dbe0abc98246a7b,21ad498f-6306-4f86-969f-2acce56c5858,Stand-Up India,https://www.standupmitra.in/,Karnataka,Growth,Micro,Service,,Bank Statement,True
69778b6f5dbe0abc98246a7c,33d26d4c-da65-4c5d-9a1d-bfd84add62a4,Stand-Up India,https://www.standupmitra.in/,Karnataka,Growth,Micro,Service,"Communities Stand-up India Scheme facilitates bank loan between ₹10 lakhs and ₹1 crore for Applicants to establish a greenfield enterprise. The Borrower Type Loans to SC/ST and Women Entrepreneurs with at least 51% of the shareholding and controlling stake, either an SC/ST or woman entrepreneur. Salient Features:",GST Certificate,True
69778b6f5dbe0abc98246a7d,b94e2156-811e-4fa3-a1d2-b9ad7ca95c8e,Stand-Up India,https://www.standupmitra.in/,Karnataka,Growth,Micro,Service,"Communities Stand-up India Scheme facilitates bank loan between ₹10 lakhs and ₹1 crore for Applicants to establish a greenfield enterprise. The Borrower Type Loans to SC/ST and Women Entrepreneurs with at least 51% of the shareholding and controlling stake, either an SC/ST or woman entrepreneur. Salient Features:",Udyam Certificate,True
69778b6f5dbe0abc98246a7e,46254c85-7cf7-490c-85a2-a1e9d1a47fe9,Stand-Up India,https://www.standupmitra.in/,Karnataka,Growth,Micro,Service,"Communities Stand-up India Scheme facilitates bank loan between ₹10 lakhs and ₹1 crore for Applicants to establish a greenfield enterprise. The Borrower Type Loans to SC/ST and Women Entrepreneurs with at least 51% of the shareholding and controlling stake, either an SC/ST or woman entrepreneur. Salient Features:",Bank Statement,True
69778b6f5dbe0abc98246a7f,2ddf0871-6c36-47d3-b6b3-6fec302885f9,Stand-Up India,https://www.standupmitra.in/,Karnataka,Growth,Micro,Service,- Loans of between ₹10 lakhs to ₹1 crore for Applicants.,GST Certificate,True
69778b6f5dbe0abc98246a80,343b9127-9200-4eec-a201-89cc643c0440,Stand-Up India,https://www.standupmitra.in/,Karnataka,Growth,Micro,Service,- Loans of between ₹10 lakhs to ₹1 crore for Applicants.,Udyam Certificate,True
69778b6f5dbe0abc98246a81,a7079af1-d1b2-47dd-a724-c63b6d504d29,Stand-Up India,https://www.standupmitra.in/,Karnataka,Growth,Micro,Service,- Loans of between ₹10 lakhs to ₹1 crore for Applicants.,Bank Statement,True
69778b6f5dbe0abc98246a82,87ec96a6-f16d-4e20-b0b4-4b87d8779659,Stand-Up India,https://www.standupmitra.in/,Karnataka,Growth,Micro,Service,- Enterprise loans for setting up a greenfield enterprise.,GST Certificate,True
69778b6f5dbe0abc98246a83,e1b454ad-c3e7-4272-89b1-075bb19a3929,Stand-Up India,https://www.standupmitra.in/,Karnataka,Growth,Micro,Service,- Enterprise loans for setting up a greenfield enterprise.,Udyam Certificate,True
69778b6f5dbe0abc98246a84,6767cde9-555b-4927-98ed-81cc55bbdcfe,Stand-Up India,https://www.standupmitra.in/,Karnataka,Growth,Micro,Service,- Enterprise loans for setting up a greenfield enterprise.,Bank Statement,True
69778b6f5dbe0abc98246a85,b7b7602c-e72d-4fcc-8d73-5536e7802269,Stand-Up India,https://www.standupmitra.in/,Karnataka,Growth,Micro,Service,- Loan size is from ₹10 lakhs to ₹1 crore.,GST Certificate,True
69778b6f5dbe0abc98246a86,4bb9ea19-1645-4093-af3a-451e23a5afae,Stand-Up India,https://www.standupmitra.in/,Karnataka,Growth,Micro,Service,- Loan size is from ₹10 lakhs to ₹1 crore.,Udyam Certificate,True
69778b6f5dbe0abc98246a87,2df74bfa-8859-4b7a-b899-1ef0d3715357,Stand-Up India,https://www.standupmitra.in/,Karnataka,Growth,Micro,Service,- Loan size is from ₹10 lakhs to ₹1 crore.,Bank Statement,True
69778b6f5dbe0abc98246a88,dd786e0d-7905-47b3-8d5a-f93b753848a6,Stand-Up India,https://www.standupmitra.in/,Karnataka,Growth,Micro,Service,- Comprises a composite loan (including Term Loan and Working Capital).,GST Certificate,True
69778b6f5dbe0abc98246a89,69348ebb-5a6d-4ec2-a013-36de1e2be330,Stand-Up India,https://www.standupmitra.in/,Karnataka,Growth,Micro,Service,- Comprises a composite loan (including Term Loan and Working Capital).,Udyam Certificate,True
69778b6f5dbe0abc98246a8a,fea3516f-c1e7-46ab-8058-e27894a739f0,Stand-Up India,https://www.standupmitra.in/,Karnataka,Growth,Micro,Service,- Comprises a composite loan (including Term Loan and Working Capital).,Bank Statement,True
69778b6f5dbe0abc98246a8b,323b69f9-9a3a-47de-9ce8-bdcc46462c1a,Stand-Up India,https://www.standupmitra.in/,Karnataka,Growth,Micro,Service,"- Key Elements: Stand-Up India Ecosystem, Promoter Contribution of 15%, Marginal Money security cover under Credit Guarantee Fund Scheme for Stand-Up India Loans (CGFSIL). Impact Stories:",GST Certificate,True
69778b6f5dbe0abc98246a8c,7f7a1ff3-53ce-4c09-aa7b-638cf6bb7bee,Stand-Up India,https://www.standupmitra.in/,Karnataka,Growth,Micro,Service,"- Key Elements: Stand-Up India Ecosystem, Promoter Contribution of 15%, Marginal Money security cover under Credit Guarantee Fund Scheme for Stand-Up India Loans (CGFSIL). Impact Stories:",Udyam Certificate,True
69778b6f5dbe0abc98246a8d,bdc72d7a-7e80-4607-8d30-ac2963d7c36d,Stand-Up India,https://www.standupmitra.in/,Karnataka,Growth,Micro,Service,"- Key Elements: Stand-Up India Ecosystem, Promoter Contribution of 15%, Marginal Money security cover under Credit Guarantee Fund Scheme for Stand-Up India Loans (CGFSIL). Impact Stories:",Bank Statement,True
69778b6f5dbe0abc98246a8e,2ad1721a-99fc-4d12-9b7f-53babe3ff002,Stand-Up India,https://www.standupmitra.in/,Karnataka,Growth,Micro,Service,"- Prometheus is the beneficiary under STAND UP INDIA loan scheme. She has been given a loan for setting up of an Optometric clinic with vision therapy as she is a low vision therapist. As per the promoteur, she can earn Rs.1 lakhs per month from the Optical Gallery cum Optometric Clinic, which has vision therapy - as a low vision specialist, and has been granted loan sanction by PNB, Anna Nagar Branch, Chennai.",GST Certificate,True
69778b6f5dbe0abc98246a8f,1dfb8326-9541-4cea-95a4-594259901776,Stand-Up India,https://www.standupmitra.in/,Karnataka,Growth,Micro,Service,"- Prometheus is the beneficiary under STAND UP INDIA loan scheme. She has been given a loan for setting up of an Optometric clinic with vision therapy as she is a low vision therapist. As per the promoteur, she can earn Rs.1 lakhs per month from the Optical Gallery cum Optometric Clinic, which has vision therapy - as a low vision specialist, and has been granted loan sanction by PNB, Anna Nagar Branch, Chennai.",Udyam Certificate,True
69778b6f5dbe0abc98246a90,6b068c66-bac2-438e-be97-a392981a126c,Stand-Up India,https://www.standupmitra.in/,Karnataka,Growth,Micro,Service,"- Prometheus is the beneficiary under STAND UP INDIA loan scheme. She has been given a loan for setting up of an Optometric clinic with vision therapy as she is a low vision therapist. As per the promoteur, she can earn Rs.1 lakhs per month from the Optical Gallery cum Optometric Clinic, which has vision therapy - as a low vision specialist, and has been granted loan sanction by PNB, Anna Nagar Branch, Chennai.",Bank Statement,True
69778b6f5dbe0abc98246a91,fe3fd460-2b69-4065-b99a-be0bdf134168,Stand-Up India,https://www.standupmitra.in/,Karnataka,Growth,Micro,Service,"- Gaining experience from her father in law, the promoteur is able to stand alone as an optometrist after gaining experience from him. She has seen the website and learnt about the Anna Nagar branch extending STAND UP INDIA scheme and approached directly. According to the promoteur, she never dreamt of getting loan sanctioned in shortest time, which is why she is very happy and able to earn Rs.1 lakhs per month from the Optical Gallery cum Optometric Clinic, which has vision therapy - as a low v",GST Certificate,True
69778b6f5dbe0abc98246a92,f8f53f8c-832e-4a18-bdbd-8918b075cdab,Stand-Up India,https://www.standupmitra.in/,Karnataka,Growth,Micro,Service,"- Gaining experience from her father in law, the promoteur is able to stand alone as an optometrist after gaining experience from him. She has seen the website and learnt about the Anna Nagar branch extending STAND UP INDIA scheme and approached directly. According to the promoteur, she never dreamt of getting loan sanctioned in shortest time, which is why she is very happy and able to earn Rs.1 lakhs per month from the Optical Gallery cum Optometric Clinic, which has vision therapy - as a low v",Udyam Certificate,True
69778b6f5dbe0abc98246a93,1492cbce-94bb-4e24-9f97-462d02be6fd1,Stand-Up India,https://www.standupmitra.in/,Karnataka,Growth,Micro,Service,"- Gaining experience from her father in law, the promoteur is able to stand alone as an optometrist after gaining experience from him. She has seen the website and learnt about the Anna Nagar branch extending STAND UP INDIA scheme and approached directly. According to the promoteur, she never dreamt of getting loan sanctioned in shortest time, which is why she is very happy and able to earn Rs.1 lakhs per month from the Optical Gallery cum Optometric Clinic, which has vision therapy - as a low v",Bank Statement,True
69778b6f5dbe0abc98246a94,35bceace-d53d-481b-bbc8-b64798f33fbb,Stand-Up India,https://www.standupmitra.in/,Karnataka,Growth,Micro,Service,,GST Certificate,True
69778b6f5dbe0abc98246a95,d0eb0a20-3bae-475d-b354-417c8eda220a,Stand-Up India,https://www.standupmitra.in/,Karnataka,Growth,Micro,Service,,Udyam Certificate,True
69778b6f5dbe0abc98246a96,a6dd9ff5-c69f-4472-9b41-9fbe4774c57c,Stand-Up India,https://www.standupmitra.in/,Karnataka,Growth,Micro,Service,,Bank Statement,True
69778b6f5dbe0abc98246a97,01b6fcc7-8285-453f-8bf3-a1dac0643871,Stand-Up India,https://www.standupmitra.in/,Karnataka,Growth,Micro,Service,,GST Certificate,True
69778b6f5dbe0abc98246a98,ca905464-0a0d-45f9-822b-9ed68510a957,Stand-Up India,https://www.standupmitra.in/,Karnataka,Growth,Micro,Service,,Udyam Certificate,True
69778b6f5dbe0abc98246a99,50985cc9-843b-4adf-9c15-4c4f01c5c517,Stand-Up India,https://www.standupmitra.in/,Karnataka,Growth,Micro,Service,,Bank Statement,True
69778b6f5dbe0abc98246a9a,a09b1fe1-dd36-4974-aab7-3d80d75d3c5c,Stand-Up India,https://www.standupmitra.in/,Karnataka,Growth,Micro,Tech,Extract:,GST Certificate,True
69778b6f5dbe0abc98246a9b,81984bf0-87b9-4243-8054-58c372b8d61e,Stand-Up India,https://www.standupmitra.in/,Karnataka,Growth,Micro,Tech,Extract:,Udyam Certificate,True
69778b6f5dbe0abc98246a9c,12c6f711-b1ee-42d4-8c3b-e9d9bb2f1302,Stand-Up India,https://www.standupmitra.in/,Karnataka,Growth,Micro,Tech,Extract:,Bank Statement,True
69778b6f5dbe0abc98246a9d,da1120bc-40cc-461c-b5a7-e34ac23f0f9e,Stand-Up India,https://www.standupmitra.in/,Karnataka,Growth,Micro,Tech,- Eligibility criteria,GST Certificate,True
69778b6f5dbe0abc98246a9e,5e2329fc-825a-481e-988c-ed0c082771ba,Stand-Up India,https://www.standupmitra.in/,Karnataka,Growth,Micro,Tech,- Eligibility criteria,Udyam Certificate,True
69778b6f5dbe0abc98246a9f,a763af0a-f378-451e-9fe1-071d0eb7c500,Stand-Up India,https://www.standupmitra.in/,Karnataka,Growth,Micro,Tech,- Eligibility criteria,Bank Statement,True
69778b6f5dbe0abc98246aa0,bf23ec8c-9e02-429e-94d1-ea9d6080943a,Stand-Up India,https://www.standupmitra.in/,Karnataka,Growth,Micro,Tech,- Required documents,GST Certificate,True
69778b6f5dbe0abc98246aa1,4ad400d6-c883-4b6e-b2f1-9fc56f17b3c1,Stand-Up India,https://www.standupmitra.in/,Karnataka,Growth,Micro,Tech,- Required documents,Udyam Certificate,True
69778b6f5dbe0abc98246aa2,389ed789-3869-4551-9271-c8e8dc518e7d,Stand-Up India,https://www.standupmitra.in/,Karnataka,Growth,Micro,Tech,- Required documents,Bank Statement,True
69778b6f5dbe0abc98246aa3,197738f8-45bc-4151-8b8b-11573ab993e2,Stand-Up India,https://www.standupmitra.in/,Karnataka,Growth,Micro,Tech,Return as bullet points.,GST Certificate,True
69778b6f5dbe0abc98246aa4,60cc1356-5311-47a1-9dcc-c5cc828313fe,Stand-Up India,https://www.standupmitra.in/,Karnataka,Growth,Micro,Tech,Return as bullet points.,Udyam Certificate,True
69778b6f5dbe0abc98246aa5,e9a52433-467d-4b0b-bad6-2e746f44179f,Stand-Up India,https://www.standupmitra.in/,Karnataka,Growth,Micro,Tech,Return as bullet points.,Bank Statement,True
69778b6f5dbe0abc98246aa6,150dea6b-49a4-43cf-b928-9ab3dfa0034d,Stand-Up India,https://www.standupmitra.in/,Karnataka,Growth,Micro,Tech,,GST Certificate,True
69778b6f5dbe0abc98246aa7,930d5bea-100c-4416-a5b6-3d091672584a,Stand-Up India,https://www.standupmitra.in/,Karnataka,Growth,Micro,Tech,,Udyam Certificate,True
69778b6f5dbe0abc98246aa8,5c093723-079a-433b-96bb-0e1e12e24157,Stand-Up India,https://www.standupmitra.in/,Karnataka,Growth,Micro,Tech,,Bank Statement,True
69778b6f5dbe0abc98246aa9,d7994212-0f48-40a9-b61f-b2b32faa869a,Stand-Up India,https://www.standupmitra.in/,Karnataka,Growth,Micro,Tech,TEXT:,GST Certificate,True
69778b6f5dbe0abc98246aaa,475b04d4-c13c-43bf-9b79-af09f0850095,Stand-Up India,https://www.standupmitra.in/,Karnataka,Growth,Micro,Tech,TEXT:,Udyam Certificate,True
69778b6f5dbe0abc98246aab,0a0f4959-efa9-4dce-804a-2fab70ac3dcc,Stand-Up India,https://www.standupmitra.in/,Karnataka,Growth,Micro,Tech,TEXT:,Bank Statement,True
69778b6f5dbe0abc98246aac,5fe936b5-ff67-4101-b1c3-a4cc1587dd60,Stand-Up India,https://www.standupmitra.in/,Karnataka,Growth,Micro,Tech,StandupIndia Login Applicaunt Login Applicaant Registration Other Users Home About Us Stand-Up India Scheme facilitate...,GST Certificate,True
69778b6f5dbe0abc98246aad,679f9090-399f-4392-8178-60286ad7b871,Stand-Up India,https://www.standupmitra.in/,Karnataka,Growth,Micro,Tech,StandupIndia Login Applicaunt Login Applicaant Registration Other Users Home About Us Stand-Up India Scheme facilitate...,Udyam Certificate,True
69778b6f5dbe0abc98246aae,e3c369b0-4552-4924-8e24-099b405c37cd,Stand-Up India,https://www.standupmitra.in/,Karnataka,Growth,Micro,Tech,StandupIndia Login Applicaunt Login Applicaant Registration Other Users Home About Us Stand-Up India Scheme facilitate...,Bank Statement,True
69778b6f5dbe0abc98246aaf,56b56413-36d7-4299-9337-c35d28b5aaa5,Stand-Up India,https://www.standupmitra.in/,Karnataka,Growth,Micro,Tech,,GST Certificate,True
69778b6f5dbe0abc98246ab0,857cf773-7dfd-469d-a47f-134920289021,Stand-Up India,https://www.standupmitra.in/,Karnataka,Growth,Micro,Tech,,Udyam Certificate,True
69778b6f5dbe0abc98246ab1,50a2173d-d73f-422e-a732-ae2ad7d6cdce,Stand-Up India,https://www.standupmitra.in/,Karnataka,Growth,Micro,Tech,,Bank Statement,True
69778b6f5dbe0abc98246ab2,2952c597-e75b-4b16-9cd1-b523cdfa92a8,Stand-Up India,https://www.standupmitra.in/,Karnataka,Growth,Micro,Tech,"Communities Stand-up India Scheme facilitates bank loan between ₹10 lakhs and ₹1 crore for Applicants to establish a greenfield enterprise. The Borrower Type Loans to SC/ST and Women Entrepreneurs with at least 51% of the shareholding and controlling stake, either an SC/ST or woman entrepreneur. Salient Features:",GST Certificate,True
69778b6f5dbe0abc98246ab3,3d0ce07d-8ef5-4a89-ad58-b9dafca3a32e,Stand-Up India,https://www.standupmitra.in/,Karnataka,Growth,Micro,Tech,"Communities Stand-up India Scheme facilitates bank loan between ₹10 lakhs and ₹1 crore for Applicants to establish a greenfield enterprise. The Borrower Type Loans to SC/ST and Women Entrepreneurs with at least 51% of the shareholding and controlling stake, either an SC/ST or woman entrepreneur. Salient Features:",Udyam Certificate,True
69778b6f5dbe0abc98246ab4,5d9d8a1b-5d4c-4a0d-aa63-85bdb993fb43,Stand-Up India,https://www.standupmitra.in/,Karnataka,Growth,Micro,Tech,"Communities Stand-up India Scheme facilitates bank loan between ₹10 lakhs and ₹1 crore for Applicants to establish a greenfield enterprise. The Borrower Type Loans to SC/ST and Women Entrepreneurs with at least 51% of the shareholding and controlling stake, either an SC/ST or woman entrepreneur. Salient Features:",Bank Statement,True
69778b6f5dbe0abc98246ab5,57a6cf6a-1562-449d-87b7-e2be4b429a5d,Stand-Up India,https://www.standupmitra.in/,Karnataka,Growth,Micro,Tech,- Loans of between ₹10 lakhs to ₹1 crore for Applicants.,GST Certificate,True
69778b6f5dbe0abc98246ab6,9cca8d7a-1e3c-4a59-8177-a2fe99e3e1a6,Stand-Up India,https://www.standupmitra.in/,Karnataka,Growth,Micro,Tech,- Loans of between ₹10 lakhs to ₹1 crore for Applicants.,Udyam Certificate,True
69778b6f5dbe0abc98246ab7,d42c0034-4eaf-4a03-98a7-98ff2af9134b,Stand-Up India,https://www.standupmitra.in/,Karnataka,Growth,Micro,Tech,- Loans of between ₹10 lakhs to ₹1 crore for Applicants.,Bank Statement,True
69778b6f5dbe0abc98246ab8,f0e613b5-72a2-46d1-8777-10a546770e89,Stand-Up India,https://www.standupmitra.in/,Karnataka,Growth,Micro,Tech,- Enterprise loans for setting up a greenfield enterprise.,GST Certificate,True
69778b6f5dbe0abc98246ab9,43379594-82fc-4f43-b72f-29f3289a3efb,Stand-Up India,https://www.standupmitra.in/,Karnataka,Growth,Micro,Tech,- Enterprise loans for setting up a greenfield enterprise.,Udyam Certificate,True
69778b6f5dbe0abc98246aba,63bf79e7-facd-44f5-aa97-571bb009686d,Stand-Up India,https://www.standupmitra.in/,Karnataka,Growth,Micro,Tech,- Enterprise loans for setting up a greenfield enterprise.,Bank Statement,True
69778b6f5dbe0abc98246abb,ea174f16-f85c-443f-9624-56fcf1f94f46,Stand-Up India,https://www.standupmitra.in/,Karnataka,Growth,Micro,Tech,- Loan size is from ₹10 lakhs to ₹1 crore.,GST Certificate,True
69778b6f5dbe0abc98246abc,61a5bf7f-4105-4969-bd90-16f35c2c761a,Stand-Up India,https://www.standupmitra.in/,Karnataka,Growth,Micro,Tech,- Loan size is from ₹10 lakhs to ₹1 crore.,Udyam Certificate,True
69778b6f5dbe0abc98246abd,9d636cdf-7eb3-4a2c-bfb9-aed93588105c,Stand-Up India,https://www.standupmitra.in/,Karnataka,Growth,Micro,Tech,- Loan size is from ₹10 lakhs to ₹1 crore.,Bank Statement,True
69778b6f5dbe0abc98246abe,7de8c540-9855-431e-9c4d-c58993a9a559,Stand-Up India,https://www.standupmitra.in/,Karnataka,Growth,Micro,Tech,- Comprises a composite loan (including Term Loan and Working Capital).,GST Certificate,True
69778b6f5dbe0abc98246abf,18a6444b-23bc-4fd3-9f1c-42dd8a2b7f54,Stand-Up India,https://www.standupmitra.in/,Karnataka,Growth,Micro,Tech,- Comprises a composite loan (including Term Loan and Working Capital).,Udyam Certificate,True
69778b6f5dbe0abc98246ac0,abd014ec-02f9-4e7b-a87d-687e7fa5a219,Stand-Up India,https://www.standupmitra.in/,Karnataka,Growth,Micro,Tech,- Comprises a composite loan (including Term Loan and Working Capital).,Bank Statement,True
69778b6f5dbe0abc98246ac1,61325130-d001-475b-b1ff-13290cca4329,Stand-Up India,https://www.standupmitra.in/,Karnataka,Growth,Micro,Tech,"- Key Elements: Stand-Up India Ecosystem, Promoter Contribution of 15%, Marginal Money security cover under Credit Guarantee Fund Scheme for Stand-Up India Loans (CGFSIL). Impact Stories:",GST Certificate,True
69778b6f5dbe0abc98246ac2,b8be9d93-8ae0-437e-bf8b-def7a70f8f24,Stand-Up India,https://www.standupmitra.in/,Karnataka,Growth,Micro,Tech,"- Key Elements: Stand-Up India Ecosystem, Promoter Contribution of 15%, Marginal Money security cover under Credit Guarantee Fund Scheme for Stand-Up India Loans (CGFSIL). Impact Stories:",Udyam Certificate,True
69778b6f5dbe0abc98246ac3,5d41d7c7-c758-478b-97eb-b196162e19b5,Stand-Up India,https://www.standupmitra.in/,Karnataka,Growth,Micro,Tech,"- Key Elements: Stand-Up India Ecosystem, Promoter Contribution of 15%, Marginal Money security cover under Credit Guarantee Fund Scheme for Stand-Up India Loans (CGFSIL). Impact Stories:",Bank Statement,True
69778b6f5dbe0abc98246ac4,8776789c-07bd-44fa-9784-9e7992a1971b,Stand-Up India,https://www.standupmitra.in/,Karnataka,Growth,Micro,Tech,"- Prometheus is the beneficiary under STAND UP INDIA loan scheme. She has been given a loan for setting up of an Optometric clinic with vision therapy as she is a low vision therapist. As per the promoteur, she can earn Rs.1 lakhs per month from the Optical Gallery cum Optometric Clinic, which has vision therapy - as a low vision specialist, and has been granted loan sanction by PNB, Anna Nagar Branch, Chennai.",GST Certificate,True
69778b6f5dbe0abc98246ac5,e2672f53-0b1b-4b45-a23c-531e3302c829,Stand-Up India,https://www.standupmitra.in/,Karnataka,Growth,Micro,Tech,"- Prometheus is the beneficiary under STAND UP INDIA loan scheme. She has been given a loan for setting up of an Optometric clinic with vision therapy as she is a low vision therapist. As per the promoteur, she can earn Rs.1 lakhs per month from the Optical Gallery cum Optometric Clinic, which has vision therapy - as a low vision specialist, and has been granted loan sanction by PNB, Anna Nagar Branch, Chennai.",Udyam Certificate,True
69778b6f5dbe0abc98246ac6,7e78f6a7-6754-4c92-8d07-8b4e4e72b511,Stand-Up India,https://www.standupmitra.in/,Karnataka,Growth,Micro,Tech,"- Prometheus is the beneficiary under STAND UP INDIA loan scheme. She has been given a loan for setting up of an Optometric clinic with vision therapy as she is a low vision therapist. As per the promoteur, she can earn Rs.1 lakhs per month from the Optical Gallery cum Optometric Clinic, which has vision therapy - as a low vision specialist, and has been granted loan sanction by PNB, Anna Nagar Branch, Chennai.",Bank Statement,True
69778b6f5dbe0abc98246ac7,2ae740e1-a4ca-448c-a810-bd0dd40552e3,Stand-Up India,https://www.standupmitra.in/,Karnataka,Growth,Micro,Tech,"- Gaining experience from her father in law, the promoteur is able to stand alone as an optometrist after gaining experience from him. She has seen the website and learnt about the Anna Nagar branch extending STAND UP INDIA scheme and approached directly. According to the promoteur, she never dreamt of getting loan sanctioned in shortest time, which is why she is very happy and able to earn Rs.1 lakhs per month from the Optical Gallery cum Optometric Clinic, which has vision therapy - as a low v",GST Certificate,True
69778b6f5dbe0abc98246ac8,7603ad11-a27c-408e-936a-a235203563f4,Stand-Up India,https://www.standupmitra.in/,Karnataka,Growth,Micro,Tech,"- Gaining experience from her father in law, the promoteur is able to stand alone as an optometrist after gaining experience from him. She has seen the website and learnt about the Anna Nagar branch extending STAND UP INDIA scheme and approached directly. According to the promoteur, she never dreamt of getting loan sanctioned in shortest time, which is why she is very happy and able to earn Rs.1 lakhs per month from the Optical Gallery cum Optometric Clinic, which has vision therapy - as a low v",Udyam Certificate,True
69778b6f5dbe0abc98246ac9,ded3f0ac-9abe-4117-8364-712b4b9011d5,Stand-Up India,https://www.standupmitra.in/,Karnataka,Growth,Micro,Tech,"- Gaining experience from her father in law, the promoteur is able to stand alone as an optometrist after gaining experience from him. She has seen the website and learnt about the Anna Nagar branch extending STAND UP INDIA scheme and approached directly. According to the promoteur, she never dreamt of getting loan sanctioned in shortest time, which is why she is very happy and able to earn Rs.1 lakhs per month from the Optical Gallery cum Optometric Clinic, which has vision therapy - as a low v",Bank Statement,True
69778b6f5dbe0abc98246aca,17a42370-1dab-4bbe-8e60-439d92f9217f,Stand-Up India,https://www.standupmitra.in/,Karnataka,Growth,Micro,Tech,,GST Certificate,True
69778b6f5dbe0abc98246acb,22281d52-ec88-4299-846e-46393a66de2b,Stand-Up India,https://www.standupmitra.in/,Karnataka,Growth,Micro,Tech,,Udyam Certificate,True
69778b6f5dbe0abc98246acc,03042fde-749e-4041-a6a7-625c075dfe1a,Stand-Up India,https://www.standupmitra.in/,Karnataka,Growth,Micro,Tech,,Bank Statement,True
69778b6f5dbe0abc98246acd,baa64c09-55d8-4956-a69f-b5f52cda642b,Stand-Up India,https://www.standupmitra.in/,Karnataka,Growth,Micro,Tech,,GST Certificate,True
69778b6f5dbe0abc98246ace,8b3404ff-00ab-4d63-8968-8c8bf8c195bb,Stand-Up India,https://www.standupmitra.in/,Karnataka,Growth,Micro,Tech,,Udyam Certificate,True
69778b6f5dbe0abc98246acf,659b394e-953e-4cb8-a731-ee61d4e6a013,Stand-Up India,https://www.standupmitra.in/,Karnataka,Growth,Micro,Tech,,Bank Statement,True
69778b6f5dbe0abc98246ad0,d4a38723-fddd-49e5-a16a-cc6a73657bb4,Stand-Up India,https://www.standupmitra.in/,Karnataka,Growth,Micro,Agri,Extract:,GST Certificate,True
69778b6f5dbe0abc98246ad1,154058e0-a25c-4927-9ed1-324c93f2deec,Stand-Up India,https://www.standupmitra.in/,Karnataka,Growth,Micro,Agri,Extract:,Udyam Certificate,True
69778b6f5dbe0abc98246ad2,dc878ed4-39d4-4d96-a429-b58e24f81084,Stand-Up India,https://www.standupmitra.in/,Karnataka,Growth,Micro,Agri,Extract:,Bank Statement,True
69778b6f5dbe0abc98246ad3,bfc1a788-8148-4bf7-855f-06636558956b,Stand-Up India,https://www.standupmitra.in/,Karnataka,Growth,Micro,Agri,- Eligibility criteria,GST Certificate,True
69778b6f5dbe0abc98246ad4,98b59554-d1d3-407f-b2a2-a0cab42d42fa,Stand-Up India,https://www.standupmitra.in/,Karnataka,Growth,Micro,Agri,- Eligibility criteria,Udyam Certificate,True
69778b6f5dbe0abc98246ad5,2d79af26-ae81-4d06-a958-4e274d861303,Stand-Up India,https://www.standupmitra.in/,Karnataka,Growth,Micro,Agri,- Eligibility criteria,Bank Statement,True
69778b6f5dbe0abc98246ad6,a04f6486-5053-4a52-90b2-0f4502c83464,Stand-Up India,https://www.standupmitra.in/,Karnataka,Growth,Micro,Agri,- Required documents,GST Certificate,True
69778b6f5dbe0abc98246ad7,ae4d67ca-437b-4d27-863d-153e4bcfc76e,Stand-Up India,https://www.standupmitra.in/,Karnataka,Growth,Micro,Agri,- Required documents,Udyam Certificate,True
69778b6f5dbe0abc98246ad8,022bab0c-825e-4445-acf7-4b69053aec54,Stand-Up India,https://www.standupmitra.in/,Karnataka,Growth,Micro,Agri,- Required documents,Bank Statement,True
69778b6f5dbe0abc98246ad9,a888ea02-8e5a-4013-803d-6362cf1c3b35,Stand-Up India,https://www.standupmitra.in/,Karnataka,Growth,Micro,Agri,Return as bullet points.,GST Certificate,True
69778b6f5dbe0abc98246ada,309a21a7-3233-4d7b-a12e-7385c9ed4622,Stand-Up India,https://www.standupmitra.in/,Karnataka,Growth,Micro,Agri,Return as bullet points.,Udyam Certificate,True
69778b6f5dbe0abc98246adb,9d9409e8-c36f-4c2e-a721-af7c69df1075,Stand-Up India,https://www.standupmitra.in/,Karnataka,Growth,Micro,Agri,Return as bullet points.,Bank Statement,True
69778b6f5dbe0abc98246adc,e4e1779a-9a32-4c48-a13b-5d599e4bb893,Stand-Up India,https://www.standupmitra.in/,Karnataka,Growth,Micro,Agri,,GST Certificate,True
69778b6f5dbe0abc98246add,0d09b86c-5d99-46fd-85d2-126d0e27ad87,Stand-Up India,https://www.standupmitra.in/,Karnataka,Growth,Micro,Agri,,Udyam Certificate,True
69778b6f5dbe0abc98246ade,c43fcb83-2005-4cd7-af37-1a8cf7c4cd7f,Stand-Up India,https://www.standupmitra.in/,Karnataka,Growth,Micro,Agri,,Bank Statement,True
69778b6f5dbe0abc98246adf,89555654-8be3-4443-9652-a325eb3d1403,Stand-Up India,https://www.standupmitra.in/,Karnataka,Growth,Micro,Agri,TEXT:,GST Certificate,True
69778b6f5dbe0abc98246ae0,048228b2-684a-4cc7-91d5-b3ea06fcf77e,Stand-Up India,https://www.standupmitra.in/,Karnataka,Growth,Micro,Agri,TEXT:,Udyam Certificate,True
69778b6f5dbe0abc98246ae1,54f14f17-376e-4329-966d-b0b2d6fd737e,Stand-Up India,https://www.standupmitra.in/,Karnataka,Growth,Micro,Agri,TEXT:,Bank Statement,True
69778b6f5dbe0abc98246ae2,320ac457-b136-4a9e-908d-05e9af86fc51,Stand-Up India,https://www.standupmitra.in/,Karnataka,Growth,Micro,Agri,StandupIndia Login Applicaunt Login Applicaant Registration Other Users Home About Us Stand-Up India Scheme facilitate...,GST Certificate,True
69778b6f5dbe0abc98246ae3,21274b49-b828-4b2d-824e-b7ecec530451,Stand-Up India,https://www.standupmitra.in/,Karnataka,Growth,Micro,Agri,StandupIndia Login Applicaunt Login Applicaant Registration Other Users Home About Us Stand-Up India Scheme facilitate...,Udyam Certificate,True
69778b6f5dbe0abc98246ae4,93e63a52-41c3-492e-ac13-9af5ef4c0afb,Stand-Up India,https://www.standupmitra.in/,Karnataka,Growth,Micro,Agri,StandupIndia Login Applicaunt Login Applicaant Registration Other Users Home About Us Stand-Up India Scheme facilitate...,Bank Statement,True
69778b6f5dbe0abc98246ae5,16e628e6-e23f-4cd0-b933-0193ef8061b3,Stand-Up India,https://www.standupmitra.in/,Karnataka,Growth,Micro,Agri,,GST Certificate,True
69778b6f5dbe0abc98246ae6,72f6a1f0-92e3-448c-a75f-3b3549f589be,Stand-Up India,https://www.standupmitra.in/,Karnataka,Growth,Micro,Agri,,Udyam Certificate,True
69778b6f5dbe0abc98246ae7,34908fd6-ad32-4c07-aab5-b763db71426d,Stand-Up India,https://www.standupmitra.in/,Karnataka,Growth,Micro,Agri,,Bank Statement,True
69778b6f5dbe0abc98246ae8,5eafc15d-7c0d-47f4-84ee-f6281ca0c7a2,Stand-Up India,https://www.standupmitra.in/,Karnataka,Growth,Micro,Agri,"Communities Stand-up India Scheme facilitates bank loan between ₹10 lakhs and ₹1 crore for Applicants to establish a greenfield enterprise. The Borrower Type Loans to SC/ST and Women Entrepreneurs with at least 51% of the shareholding and controlling stake, either an SC/ST or woman entrepreneur. Salient Features:",GST Certificate,True
69778b6f5dbe0abc98246ae9,0f24fee2-5655-4505-97f1-e424988261cb,Stand-Up India,https://www.standupmitra.in/,Karnataka,Growth,Micro,Agri,"Communities Stand-up India Scheme facilitates bank loan between ₹10 lakhs and ₹1 crore for Applicants to establish a greenfield enterprise. The Borrower Type Loans to SC/ST and Women Entrepreneurs with at least 51% of the shareholding and controlling stake, either an SC/ST or woman entrepreneur. Salient Features:",Udyam Certificate,True
69778b6f5dbe0abc98246aea,1b82b63e-3e5c-4693-b49b-da0ccace7b6f,Stand-Up India,https://www.standupmitra.in/,Karnataka,Growth,Micro,Agri,"Communities Stand-up India Scheme facilitates bank loan between ₹10 lakhs and ₹1 crore for Applicants to establish a greenfield enterprise. The Borrower Type Loans to SC/ST and Women Entrepreneurs with at least 51% of the shareholding and controlling stake, either an SC/ST or woman entrepreneur. Salient Features:",Bank Statement,True
69778b6f5dbe0abc98246aeb,9fd07182-ecf4-4ee7-af8d-cb0272b556c2,Stand-Up India,https://www.standupmitra.in/,Karnataka,Growth,Micro,Agri,- Loans of between ₹10 lakhs to ₹1 crore for Applicants.,GST Certificate,True
69778b6f5dbe0abc98246aec,96697083-0e66-42b0-a6c0-f08cc4557228,Stand-Up India,https://www.standupmitra.in/,Karnataka,Growth,Micro,Agri,- Loans of between ₹10 lakhs to ₹1 crore for Applicants.,Udyam Certificate,True
69778b6f5dbe0abc98246aed,7bcb6dc1-8989-458f-b278-5c17b707130b,Stand-Up India,https://www.standupmitra.in/,Karnataka,Growth,Micro,Agri,- Loans of between ₹10 lakhs to ₹1 crore for Applicants.,Bank Statement,True
69778b6f5dbe0abc98246aee,5f6f4371-0ca9-4769-9fe7-c4094c867dae,Stand-Up India,https://www.standupmitra.in/,Karnataka,Growth,Micro,Agri,- Enterprise loans for setting up a greenfield enterprise.,GST Certificate,True
69778b6f5dbe0abc98246aef,a5d9e6d7-cd62-4e8b-a6cf-f9525ac4c83a,Stand-Up India,https://www.standupmitra.in/,Karnataka,Growth,Micro,Agri,- Enterprise loans for setting up a greenfield enterprise.,Udyam Certificate,True
69778b6f5dbe0abc98246af0,2d9ac86e-d4df-490a-964c-3fd1b3e13c9a,Stand-Up India,https://www.standupmitra.in/,Karnataka,Growth,Micro,Agri,- Enterprise loans for setting up a greenfield enterprise.,Bank Statement,True
69778b6f5dbe0abc98246af1,6329d208-fd38-4ec6-ad5a-7e5f98b5c66d,Stand-Up India,https://www.standupmitra.in/,Karnataka,Growth,Micro,Agri,- Loan size is from ₹10 lakhs to ₹1 crore.,GST Certificate,True
69778b6f5dbe0abc98246af2,f45ca889-055d-4202-9bf7-ba16fb8159de,Stand-Up India,https://www.standupmitra.in/,Karnataka,Growth,Micro,Agri,- Loan size is from ₹10 lakhs to ₹1 crore.,Udyam Certificate,True
69778b6f5dbe0abc98246af3,268247c5-8577-4982-8269-d9baee51c71f,Stand-Up India,https://www.standupmitra.in/,Karnataka,Growth,Micro,Agri,- Loan size is from ₹10 lakhs to ₹1 crore.,Bank Statement,True
69778b6f5dbe0abc98246af4,81b72873-6f35-44b3-ad5b-8db8da2d657c,Stand-Up India,https://www.standupmitra.in/,Karnataka,Growth,Micro,Agri,- Comprises a composite loan (including Term Loan and Working Capital).,GST Certificate,True
69778b6f5dbe0abc98246af5,3ee4bae0-1b2a-474d-88ae-924291ddce9f,Stand-Up India,https://www.standupmitra.in/,Karnataka,Growth,Micro,Agri,- Comprises a composite loan (including Term Loan and Working Capital).,Udyam Certificate,True
69778b6f5dbe0abc98246af6,66c913ef-6d8d-4bef-a85e-55e95783f3bb,Stand-Up India,https://www.standupmitra.in/,Karnataka,Growth,Micro,Agri,- Comprises a composite loan (including Term Loan and Working Capital).,Bank Statement,True
69778b6f5dbe0abc98246af7,71f22267-e099-4f59-bcb0-a92ef74fadac,Stand-Up India,https://www.standupmitra.in/,Karnataka,Growth,Micro,Agri,"- Key Elements: Stand-Up India Ecosystem, Promoter Contribution of 15%, Marginal Money security cover under Credit Guarantee Fund Scheme for Stand-Up India Loans (CGFSIL). Impact Stories:",GST Certificate,True
69778b6f5dbe0abc98246af8,8d45c5b6-f1bd-4253-9fe5-c4a677f59cdf,Stand-Up India,https://www.standupmitra.in/,Karnataka,Growth,Micro,Agri,"- Key Elements: Stand-Up India Ecosystem, Promoter Contribution of 15%, Marginal Money security cover under Credit Guarantee Fund Scheme for Stand-Up India Loans (CGFSIL). Impact Stories:",Udyam Certificate,True
69778b6f5dbe0abc98246af9,bdd87d46-453c-479c-b698-f2d3d0c6b0ad,Stand-Up India,https://www.standupmitra.in/,Karnataka,Growth,Micro,Agri,"- Key Elements: Stand-Up India Ecosystem, Promoter Contribution of 15%, Marginal Money security cover under Credit Guarantee Fund Scheme for Stand-Up India Loans (CGFSIL). Impact Stories:",Bank Statement,True
69778b6f5dbe0abc98246afa,2ddab4fe-cc33-433c-9de4-0009775868f3,Stand-Up India,https://www.standupmitra.in/,Karnataka,Growth,Micro,Agri,"- Prometheus is the beneficiary under STAND UP INDIA loan scheme. She has been given a loan for setting up of an Optometric clinic with vision therapy as she is a low vision therapist. As per the promoteur, she can earn Rs.1 lakhs per month from the Optical Gallery cum Optometric Clinic, which has vision therapy - as a low vision specialist, and has been granted loan sanction by PNB, Anna Nagar Branch, Chennai.",GST Certificate,True
69778b6f5dbe0abc98246afb,bbea281c-93d0-4cdb-9c1c-1e1d4922dead,Stand-Up India,https://www.standupmitra.in/,Karnataka,Growth,Micro,Agri,"- Prometheus is the beneficiary under STAND UP INDIA loan scheme. She has been given a loan for setting up of an Optometric clinic with vision therapy as she is a low vision therapist. As per the promoteur, she can earn Rs.1 lakhs per month from the Optical Gallery cum Optometric Clinic, which has vision therapy - as a low vision specialist, and has been granted loan sanction by PNB, Anna Nagar Branch, Chennai.",Udyam Certificate,True
69778b6f5dbe0abc98246afc,824132c8-ab2b-4218-94fc-376e2c228970,Stand-Up India,https://www.standupmitra.in/,Karnataka,Growth,Micro,Agri,"- Prometheus is the beneficiary under STAND UP INDIA loan scheme. She has been given a loan for setting up of an Optometric clinic with vision therapy as she is a low vision therapist. As per the promoteur, she can earn Rs.1 lakhs per month from the Optical Gallery cum Optometric Clinic, which has vision therapy - as a low vision specialist, and has been granted loan sanction by PNB, Anna Nagar Branch, Chennai.",Bank Statement,True
69778b6f5dbe0abc98246afd,2ed5497d-9ced-4e44-aaf3-b1ff2b21ecf6,Stand-Up India,https://www.standupmitra.in/,Karnataka,Growth,Micro,Agri,"- Gaining experience from her father in law, the promoteur is able to stand alone as an optometrist after gaining experience from him. She has seen the website and learnt about the Anna Nagar branch extending STAND UP INDIA scheme and approached directly. According to the promoteur, she never dreamt of getting loan sanctioned in shortest time, which is why she is very happy and able to earn Rs.1 lakhs per month from the Optical Gallery cum Optometric Clinic, which has vision therapy - as a low v",GST Certificate,True
69778b6f5dbe0abc98246afe,9208be78-1dc7-4007-a507-34db3779bc81,Stand-Up India,https://www.standupmitra.in/,Karnataka,Growth,Micro,Agri,"- Gaining experience from her father in law, the promoteur is able to stand alone as an optometrist after gaining experience from him. She has seen the website and learnt about the Anna Nagar branch extending STAND UP INDIA scheme and approached directly. According to the promoteur, she never dreamt of getting loan sanctioned in shortest time, which is why she is very happy and able to earn Rs.1 lakhs per month from the Optical Gallery cum Optometric Clinic, which has vision therapy - as a low v",Udyam Certificate,True
69778b6f5dbe0abc98246aff,2288e0a7-e271-48f2-83eb-3a534833ca75,Stand-Up India,https://www.standupmitra.in/,Karnataka,Growth,Micro,Agri,"- Gaining experience from her father in law, the promoteur is able to stand alone as an optometrist after gaining experience from him. She has seen the website and learnt about the Anna Nagar branch extending STAND UP INDIA scheme and approached directly. According to the promoteur, she never dreamt of getting loan sanctioned in shortest time, which is why she is very happy and able to earn Rs.1 lakhs per month from the Optical Gallery cum Optometric Clinic, which has vision therapy - as a low v",Bank Statement,True
69778b6f5dbe0abc98246b00,188f74fc-3558-45c9-85a7-46de2590d750,Stand-Up India,https://www.standupmitra.in/,Karnataka,Growth,Micro,Agri,,GST Certificate,True
69778b6f5dbe0abc98246b01,64922caf-5b95-4c4e-91df-a0914f833399,Stand-Up India,https://www.standupmitra.in/,Karnataka,Growth,Micro,Agri,,Udyam Certificate,True
69778b6f5dbe0abc98246b02,09427ff1-4da1-49e2-88a9-f9914b6bbeeb,Stand-Up India,https://www.standupmitra.in/,Karnataka,Growth,Micro,Agri,,Bank Statement,True
69778b6f5dbe0abc98246b03,311bf594-deb8-40b6-b41b-f4dd46ad8e5c,Stand-Up India,https://www.standupmitra.in/,Karnataka,Growth,Micro,Agri,,GST Certificate,True
69778b6f5dbe0abc98246b04,aa658fae-aa81-4816-9615-229d55c52a9d,Stand-Up India,https://www.standupmitra.in/,Karnataka,Growth,Micro,Agri,,Udyam Certificate,True
69778b6f5dbe0abc98246b05,89722b06-81b0-46b0-98dc-09eb7598f05b,Stand-Up India,https://www.standupmitra.in/,Karnataka,Growth,Micro,Agri,,Bank Statement,True
69778b6f5dbe0abc98246b06,94471117-8e97-4737-ab16-a45067f414ab,Stand-Up India,https://www.standupmitra.in/,Karnataka,Growth,Small,Manufacturing,Extract:,GST Certificate,True
69778b6f5dbe0abc98246b07,83db0a40-7cf9-4984-a1e2-cd399ba88b40,Stand-Up India,https://www.standupmitra.in/,Karnataka,Growth,Small,Manufacturing,Extract:,Udyam Certificate,True
69778b6f5dbe0abc98246b08,b3f9d5d5-5d95-447c-ae1b-14d9b17827d8,Stand-Up India,https://www.standupmitra.in/,Karnataka,Growth,Small,Manufacturing,Extract:,Bank Statement,True
69778b6f5dbe0abc98246b09,4909ff14-5a58-4890-94a5-d0d0da94acdb,Stand-Up India,https://www.standupmitra.in/,Karnataka,Growth,Small,Manufacturing,- Eligibility criteria,GST Certificate,True
69778b6f5dbe0abc98246b0a,0202da47-113f-4118-a0ec-632926a03bad,Stand-Up India,https://www.standupmitra.in/,Karnataka,Growth,Small,Manufacturing,- Eligibility criteria,Udyam Certificate,True
69778b6f5dbe0abc98246b0b,efc4664d-1240-4ab9-930a-10cfddcdba67,Stand-Up India,https://www.standupmitra.in/,Karnataka,Growth,Small,Manufacturing,- Eligibility criteria,Bank Statement,True
69778b6f5dbe0abc98246b0c,690594d2-da03-4d31-9558-45b25f929b62,Stand-Up India,https://www.standupmitra.in/,Karnataka,Growth,Small,Manufacturing,- Required documents,GST Certificate,True
69778b6f5dbe0abc98246b0d,7d4e5c6e-12f9-4fa4-a48c-108240636059,Stand-Up India,https://www.standupmitra.in/,Karnataka,Growth,Small,Manufacturing,- Required documents,Udyam Certificate,True
69778b6f5dbe0abc98246b0e,61093c92-8f84-4b69-b2f3-e32830389184,Stand-Up India,https://www.standupmitra.in/,Karnataka,Growth,Small,Manufacturing,- Required documents,Bank Statement,True
69778b6f5dbe0abc98246b0f,edb982a3-6a79-48a4-aa67-4eb69d513d8c,Stand-Up India,https://www.standupmitra.in/,Karnataka,Growth,Small,Manufacturing,Return as bullet points.,GST Certificate,True
69778b6f5dbe0abc98246b10,62034dc9-6b61-444f-90c7-7c3bacb500b2,Stand-Up India,https://www.standupmitra.in/,Karnataka,Growth,Small,Manufacturing,Return as bullet points.,Udyam Certificate,True
69778b6f5dbe0abc98246b11,f170584a-a296-4780-b80b-964df4358db3,Stand-Up India,https://www.standupmitra.in/,Karnataka,Growth,Small,Manufacturing,Return as bullet points.,Bank Statement,True
69778b6f5dbe0abc98246b12,9eb61a13-20bf-41ef-99b7-4d573c7a9068,Stand-Up India,https://www.standupmitra.in/,Karnataka,Growth,Small,Manufacturing,,GST Certificate,True
69778b6f5dbe0abc98246b13,30b9b36e-47a4-44e3-916f-c09e9df880de,Stand-Up India,https://www.standupmitra.in/,Karnataka,Growth,Small,Manufacturing,,Udyam Certificate,True
69778b6f5dbe0abc98246b14,1ee1cca3-197d-499a-998d-4dbd02a85d59,Stand-Up India,https://www.standupmitra.in/,Karnataka,Growth,Small,Manufacturing,,Bank Statement,True
69778b6f5dbe0abc98246b15,aa2c544d-5d8c-49c4-89d6-757e53e5553d,Stand-Up India,https://www.standupmitra.in/,Karnataka,Growth,Small,Manufacturing,TEXT:,GST Certificate,True
69778b6f5dbe0abc98246b16,d1657da5-6078-47aa-9087-2e6da46d6c34,Stand-Up India,https://www.standupmitra.in/,Karnataka,Growth,Small,Manufacturing,TEXT:,Udyam Certificate,True
69778b6f5dbe0abc98246b17,da91e69c-1200-43ac-bebf-9bdebdd02574,Stand-Up India,https://www.standupmitra.in/,Karnataka,Growth,Small,Manufacturing,TEXT:,Bank Statement,True
69778b6f5dbe0abc98246b18,74e8894c-2e51-4d6b-a49a-4f582e0a2ddc,Stand-Up India,https://www.standupmitra.in/,Karnataka,Growth,Small,Manufacturing,StandupIndia Login Applicaunt Login Applicaant Registration Other Users Home About Us Stand-Up India Scheme facilitate...,GST Certificate,True
69778b6f5dbe0abc98246b19,25172a10-4410-496b-b146-2d73315f2a40,Stand-Up India,https://www.standupmitra.in/,Karnataka,Growth,Small,Manufacturing,StandupIndia Login Applicaunt Login Applicaant Registration Other Users Home About Us Stand-Up India Scheme facilitate...,Udyam Certificate,True
69778b6f5dbe0abc98246b1a,eeea0dfd-6f53-45e3-aa6c-57e03ec273f6,Stand-Up India,https://www.standupmitra.in/,Karnataka,Growth,Small,Manufacturing,StandupIndia Login Applicaunt Login Applicaant Registration Other Users Home About Us Stand-Up India Scheme facilitate...,Bank Statement,True
69778b6f5dbe0abc98246b1b,cd9e85e2-3348-4dca-a740-5dc9c3a20c2a,Stand-Up India,https://www.standupmitra.in/,Karnataka,Growth,Small,Manufacturing,,GST Certificate,True
69778b6f5dbe0abc98246b1c,eb9c4408-65a9-4cb5-819b-3d0e90db7efd,Stand-Up India,https://www.standupmitra.in/,Karnataka,Growth,Small,Manufacturing,,Udyam Certificate,True
69778b6f5dbe0abc98246b1d,e8ca1d46-1acb-4e11-94d9-c3ac0615f976,Stand-Up India,https://www.standupmitra.in/,Karnataka,Growth,Small,Manufacturing,,Bank Statement,True
69778b6f5dbe0abc98246b1e,6f558c00-4504-4286-b180-4c1402bd0287,Stand-Up India,https://www.standupmitra.in/,Karnataka,Growth,Small,Manufacturing,"Communities Stand-up India Scheme facilitates bank loan between ₹10 lakhs and ₹1 crore for Applicants to establish a greenfield enterprise. The Borrower Type Loans to SC/ST and Women Entrepreneurs with at least 51% of the shareholding and controlling stake, either an SC/ST or woman entrepreneur. Salient Features:",GST Certificate,True
69778b6f5dbe0abc98246b1f,0c403c02-25b8-4491-808d-55b899162636,Stand-Up India,https://www.standupmitra.in/,Karnataka,Growth,Small,Manufacturing,"Communities Stand-up India Scheme facilitates bank loan between ₹10 lakhs and ₹1 crore for Applicants to establish a greenfield enterprise. The Borrower Type Loans to SC/ST and Women Entrepreneurs with at least 51% of the shareholding and controlling stake, either an SC/ST or woman entrepreneur. Salient Features:",Udyam Certificate,True
69778b6f5dbe0abc98246b20,510bcc15-0bec-430d-a02e-006b76c1df9c,Stand-Up India,https://www.standupmitra.in/,Karnataka,Growth,Small,Manufacturing,"Communities Stand-up India Scheme facilitates bank loan between ₹10 lakhs and ₹1 crore for Applicants to establish a greenfield enterprise. The Borrower Type Loans to SC/ST and Women Entrepreneurs with at least 51% of the shareholding and controlling stake, either an SC/ST or woman entrepreneur. Salient Features:",Bank Statement,True
69778b6f5dbe0abc98246b21,ad14214b-fdd1-4ea8-a46a-5143a6925e16,Stand-Up India,https://www.standupmitra.in/,Karnataka,Growth,Small,Manufacturing,- Loans of between ₹10 lakhs to ₹1 crore for Applicants.,GST Certificate,True
69778b6f5dbe0abc98246b22,b11dd07c-9ae6-4dc6-9102-003a6ae47d06,Stand-Up India,https://www.standupmitra.in/,Karnataka,Growth,Small,Manufacturing,- Loans of between ₹10 lakhs to ₹1 crore for Applicants.,Udyam Certificate,True
69778b6f5dbe0abc98246b23,b86363c5-b37c-461a-915c-c5cdfbc53ec3,Stand-Up India,https://www.standupmitra.in/,Karnataka,Growth,Small,Manufacturing,- Loans of between ₹10 lakhs to ₹1 crore for Applicants.,Bank Statement,True
69778b6f5dbe0abc98246b24,13d9106d-1188-491b-a1b3-91d88046f0e6,Stand-Up India,https://www.standupmitra.in/,Karnataka,Growth,Small,Manufacturing,- Enterprise loans for setting up a greenfield enterprise.,GST Certificate,True
69778b6f5dbe0abc98246b25,d9f0644e-131c-4a13-a937-984b6cff3493,Stand-Up India,https://www.standupmitra.in/,Karnataka,Growth,Small,Manufacturing,- Enterprise loans for setting up a greenfield enterprise.,Udyam Certificate,True
69778b6f5dbe0abc98246b26,926e7b76-9cf9-4b94-815a-5971dc0115ee,Stand-Up India,https://www.standupmitra.in/,Karnataka,Growth,Small,Manufacturing,- Enterprise loans for setting up a greenfield enterprise.,Bank Statement,True
69778b6f5dbe0abc98246b27,a363902e-c699-4ed2-999f-98237d02e8f4,Stand-Up India,https://www.standupmitra.in/,Karnataka,Growth,Small,Manufacturing,- Loan size is from ₹10 lakhs to ₹1 crore.,GST Certificate,True
69778b6f5dbe0abc98246b28,7eef0ff1-7ea2-4ee3-ac1a-12ac02332ceb,Stand-Up India,https://www.standupmitra.in/,Karnataka,Growth,Small,Manufacturing,- Loan size is from ₹10 lakhs to ₹1 crore.,Udyam Certificate,True
69778b6f5dbe0abc98246b29,102fa497-d1ce-41a3-89bf-fcdedcf8dac6,Stand-Up India,https://www.standupmitra.in/,Karnataka,Growth,Small,Manufacturing,- Loan size is from ₹10 lakhs to ₹1 crore.,Bank Statement,True
69778b6f5dbe0abc98246b2a,c826b82c-c894-4834-aff2-6923287093c9,Stand-Up India,https://www.standupmitra.in/,Karnataka,Growth,Small,Manufacturing,- Comprises a composite loan (including Term Loan and Working Capital).,GST Certificate,True
69778b6f5dbe0abc98246b2b,34ca1508-f2b2-4c13-b838-20feaff76d3c,Stand-Up India,https://www.standupmitra.in/,Karnataka,Growth,Small,Manufacturing,- Comprises a composite loan (including Term Loan and Working Capital).,Udyam Certificate,True
69778b6f5dbe0abc98246b2c,4f7bffb4-3fe6-4af1-8dbc-8cf1234ede78,Stand-Up India,https://www.standupmitra.in/,Karnataka,Growth,Small,Manufacturing,- Comprises a composite loan (including Term Loan and Working Capital).,Bank Statement,True
69778b6f5dbe0abc98246b2d,375df78f-83a7-40f0-9996-47778137672f,Stand-Up India,https://www.standupmitra.in/,Karnataka,Growth,Small,Manufacturing,"- Key Elements: Stand-Up India Ecosystem, Promoter Contribution of 15%, Marginal Money security cover under Credit Guarantee Fund Scheme for Stand-Up India Loans (CGFSIL). Impact Stories:",GST Certificate,True
69778b6f5dbe0abc98246b2e,946deaca-ae1c-42e6-9313-d40605b3ffb0,Stand-Up India,https://www.standupmitra.in/,Karnataka,Growth,Small,Manufacturing,"- Key Elements: Stand-Up India Ecosystem, Promoter Contribution of 15%, Marginal Money security cover under Credit Guarantee Fund Scheme for Stand-Up India Loans (CGFSIL). Impact Stories:",Udyam Certificate,True
69778b6f5dbe0abc98246b2f,30e383bd-fe11-4ed4-bbd4-282770094631,Stand-Up India,https://www.standupmitra.in/,Karnataka,Growth,Small,Manufacturing,"- Key Elements: Stand-Up India Ecosystem, Promoter Contribution of 15%, Marginal Money security cover under Credit Guarantee Fund Scheme for Stand-Up India Loans (CGFSIL). Impact Stories:",Bank Statement,True
69778b6f5dbe0abc98246b30,054708c7-3cc4-4fed-8433-1415b29ff349,Stand-Up India,https://www.standupmitra.in/,Karnataka,Growth,Small,Manufacturing,"- Prometheus is the beneficiary under STAND UP INDIA loan scheme. She has been given a loan for setting up of an Optometric clinic with vision therapy as she is a low vision therapist. As per the promoteur, she can earn Rs.1 lakhs per month from the Optical Gallery cum Optometric Clinic, which has vision therapy - as a low vision specialist, and has been granted loan sanction by PNB, Anna Nagar Branch, Chennai.",GST Certificate,True
69778b6f5dbe0abc98246b31,21b15809-e46f-42d9-966e-df41d209d6ab,Stand-Up India,https://www.standupmitra.in/,Karnataka,Growth,Small,Manufacturing,"- Prometheus is the beneficiary under STAND UP INDIA loan scheme. She has been given a loan for setting up of an Optometric clinic with vision therapy as she is a low vision therapist. As per the promoteur, she can earn Rs.1 lakhs per month from the Optical Gallery cum Optometric Clinic, which has vision therapy - as a low vision specialist, and has been granted loan sanction by PNB, Anna Nagar Branch, Chennai.",Udyam Certificate,True
